user_idx,item_idx,rating,split
989,340,4,train
261,372,4,train
294,90,2,train
950,143,5,train
116,253,4,train
548,450,5,train
125,160,5,train
997,427,5,train
697,78,3,train
106,409,5,train
970,29,3,train
220,308,4,train
130,155,4,train
252,380,4,train
588,142,5,train
824,336,4,train
686,391,5,train
313,203,4,train
937,31,5,train
975,247,4,train
483,73,5,train
830,255,3,train
244,16,5,train
786,533,4,train
229,72,4,train
352,524,5,train
610,196,4,train
515,339,4,train
200,429,3,train
168,354,3,train
938,224,2,train
785,456,3,train
627,272,5,train
450,512,5,train
771,176,5,train
72,330,4,train
419,538,4,train
670,117,4,train
733,66,5,train
696,413,4,train
966,561,3,train
955,143,5,train
913,354,5,train
72,377,4,train
523,560,3,train
741,187,3,train
896,396,4,train
940,179,5,train
960,202,3,train
977,194,5,train
200,474,3,train
310,547,2,train
979,306,4,train
755,419,3,train
867,87,2,train
140,26,5,train
836,338,4,train
345,592,5,train
761,52,4,train
755,327,3,train
657,176,4,train
501,590,3,train
598,429,3,train
896,599,5,train
807,82,4,train
800,378,2,train
2,538,4,train
225,7,5,train
432,264,4,train
850,350,3,train
709,290,5,train
423,296,5,train
361,349,5,train
76,532,2,train
267,100,4,train
392,431,5,train
106,173,5,train
160,464,4,train
563,174,4,train
543,376,5,train
226,240,4,train
560,88,5,train
477,485,5,train
429,76,5,train
722,424,5,train
96,190,4,train
786,581,5,train
517,100,4,train
240,180,5,train
391,391,4,train
921,442,4,train
38,576,4,train
116,358,4,train
690,330,4,train
16,480,4,train
840,202,5,train
490,320,3,train
112,584,5,train
896,105,5,train
523,446,3,train
851,582,5,train
212,532,4,train
798,213,5,train
981,319,4,train
114,365,5,train
178,484,3,train
429,328,4,train
432,67,4,train
741,155,5,train
103,16,5,train
829,576,3,train
51,316,3,train
752,293,4,train
118,127,4,train
396,512,5,train
752,153,5,train
800,386,5,train
217,202,3,train
25,560,4,train
428,18,5,train
397,541,5,train
941,237,4,train
603,10,5,train
571,90,4,train
20,497,5,train
302,259,4,train
178,429,4,train
215,18,3,train
301,101,5,train
146,532,5,train
342,273,4,train
664,527,5,train
163,240,5,train
826,255,4,train
190,30,5,train
660,381,5,train
616,260,5,train
555,409,5,train
673,420,3,train
300,293,4,train
727,455,3,train
289,484,5,train
23,588,4,train
177,552,5,train
945,429,3,train
500,396,1,train
843,471,4,train
717,293,4,train
146,336,5,train
495,361,4,train
926,556,2,train
933,450,2,train
301,429,3,train
983,429,3,train
833,445,2,train
368,575,5,train
61,580,4,train
327,330,5,train
617,473,2,train
578,116,5,train
411,441,4,train
709,108,4,train
467,206,4,train
623,72,3,train
21,572,4,train
578,354,5,train
979,100,5,train
549,119,5,train
179,134,2,train
70,391,4,train
625,484,3,train
482,174,2,train
148,202,3,train
696,396,5,train
829,490,3,train
986,295,3,train
742,431,5,train
640,356,5,train
313,93,5,train
94,176,5,train
61,541,3,train
764,518,3,train
686,153,5,train
748,588,5,train
305,100,4,train
904,517,5,train
978,469,3,train
251,176,3,train
416,33,4,train
261,20,5,train
524,512,2,train
413,360,5,train
304,146,3,train
714,474,2,train
391,444,4,train
883,53,4,train
210,424,5,train
939,552,2,train
712,591,5,train
301,483,5,train
41,338,5,train
398,49,5,train
915,504,5,train
266,277,4,train
496,479,3,train
549,123,5,train
173,558,5,train
208,190,4,train
993,503,4,train
458,288,5,train
502,317,4,train
377,479,3,train
603,202,5,train
974,20,2,train
781,92,5,train
946,31,5,train
741,549,2,train
913,495,3,train
636,386,4,train
940,304,5,train
524,555,4,train
542,504,2,train
335,227,5,train
952,570,5,train
689,26,5,train
849,36,3,train
2,202,3,train
387,168,4,train
470,190,5,train
755,207,5,train
703,96,4,train
634,4,3,train
847,239,5,train
981,38,4,train
172,164,4,train
437,557,4,train
607,471,4,train
810,26,5,train
445,204,5,train
703,62,4,train
411,146,4,train
617,179,5,train
416,340,2,train
551,577,5,train
122,361,2,train
319,570,5,train
372,138,5,train
594,70,3,train
82,77,5,train
521,84,5,train
424,240,5,train
568,599,4,train
708,570,4,train
854,160,5,train
12,544,4,train
220,332,4,train
975,143,4,train
625,261,5,train
770,7,5,train
799,475,3,train
134,543,4,train
103,179,4,train
800,46,3,train
950,260,5,train
605,457,5,train
150,106,5,train
373,188,3,train
728,392,4,train
48,6,5,train
899,540,5,train
967,450,5,train
399,542,5,train
180,505,3,train
432,185,4,train
835,354,4,train
743,104,3,train
723,245,2,train
888,494,3,train
997,196,5,train
797,258,2,train
432,188,4,train
31,26,5,train
526,218,4,train
866,420,5,train
953,11,5,train
487,440,2,train
896,251,2,train
599,175,5,train
736,497,4,train
462,421,5,train
671,444,5,train
478,236,2,train
177,475,5,train
407,226,5,train
485,236,5,train
44,112,5,train
545,178,4,train
906,430,5,train
828,530,3,train
953,480,5,train
862,165,5,train
904,278,5,train
372,437,4,train
437,370,3,train
57,363,5,train
840,583,5,train
584,120,5,train
810,546,3,train
168,117,4,train
240,322,5,train
741,356,4,train
569,51,3,train
752,203,5,train
881,421,3,train
778,485,3,train
251,261,3,train
798,322,2,train
515,225,5,train
501,320,5,train
382,100,4,train
863,302,5,train
863,204,5,train
800,203,5,train
325,205,3,train
859,89,5,train
297,148,5,train
421,206,5,train
397,319,5,train
392,288,5,train
449,4,5,train
203,291,4,train
752,142,2,train
839,317,4,train
407,133,5,train
207,127,4,train
936,175,4,train
143,428,4,train
528,357,5,train
996,567,4,train
825,594,3,train
379,184,5,train
7,476,5,train
10,345,4,train
752,275,4,train
817,549,5,train
442,87,3,train
721,36,4,train
382,138,3,train
127,202,4,train
292,172,5,train
150,315,4,train
373,354,3,train
405,343,4,train
193,150,5,train
755,312,3,train
130,465,5,train
512,290,5,train
740,132,4,train
175,139,5,train
113,556,4,train
445,18,5,train
495,100,4,train
475,158,4,train
656,112,5,train
933,190,2,train
725,456,5,train
875,436,5,train
667,511,5,train
269,503,2,train
809,36,5,train
984,8,4,train
319,504,4,train
24,49,5,train
1,87,4,train
209,393,5,train
717,321,5,train
997,179,3,train
613,174,3,train
927,496,4,train
847,457,5,train
454,496,5,train
450,94,5,train
34,236,1,train
506,264,4,train
338,89,5,train
740,406,5,train
854,72,3,train
863,537,2,train
686,334,4,train
902,190,5,train
297,562,4,train
904,235,4,train
486,399,3,train
86,298,3,train
547,27,3,train
224,536,3,train
414,146,3,train
753,31,5,train
278,590,4,train
61,61,4,train
549,469,4,train
782,245,3,train
209,375,5,train
677,560,5,train
795,330,4,train
381,134,5,train
74,236,4,train
153,26,5,train
910,330,4,train
63,428,4,train
734,384,5,train
723,390,4,train
166,123,5,train
309,554,3,train
799,429,5,train
888,261,2,train
926,484,4,train
523,167,2,train
458,211,5,train
606,161,5,train
755,73,5,train
735,321,3,train
387,142,4,train
197,382,4,train
548,574,4,train
251,42,3,train
468,151,4,train
972,230,5,train
650,57,4,train
995,570,5,train
891,31,5,train
711,198,5,train
32,516,4,train
471,202,5,train
175,174,3,train
221,194,5,train
489,255,4,train
617,170,5,train
384,273,5,train
160,516,5,train
6,576,3,train
724,210,4,train
661,444,2,train
541,395,4,train
394,330,5,train
940,211,5,train
896,564,3,train
427,541,5,train
919,305,5,train
240,429,4,train
81,336,4,train
296,428,3,train
183,516,3,train
740,415,4,train
376,277,5,train
768,79,3,train
674,225,5,train
309,202,2,train
857,528,5,train
707,360,5,train
1,382,3,train
914,583,5,train
799,125,4,train
69,104,4,train
138,506,5,train
727,474,5,train
269,27,5,train
110,271,5,train
807,168,5,train
215,390,3,train
551,556,3,train
644,589,3,train
393,358,5,train
950,168,2,train
254,94,3,train
923,281,4,train
188,440,4,train
913,429,2,train
693,12,5,train
177,543,3,train
792,396,5,train
168,388,4,train
273,112,3,train
974,465,5,train
758,253,4,train
17,100,4,train
623,464,5,train
596,190,5,train
143,179,3,train
622,180,5,train
810,217,4,train
516,88,5,train
913,348,4,train
617,312,3,train
145,567,5,train
357,531,5,train
896,436,3,train
809,254,5,train
175,239,3,train
904,556,2,train
47,72,3,train
358,8,3,train
159,142,5,train
756,2,2,train
973,15,4,train
704,301,4,train
838,219,5,train
184,141,5,train
583,166,3,train
631,12,3,train
533,46,5,train
245,402,3,train
537,329,4,train
187,512,5,train
470,518,4,train
179,87,4,train
160,239,3,train
768,4,5,train
781,110,4,train
280,395,5,train
500,98,5,train
529,561,2,train
677,121,4,train
491,191,4,train
470,594,4,train
141,454,5,train
456,594,5,train
208,264,2,train
504,310,4,train
993,260,5,train
105,561,4,train
387,321,5,train
189,234,5,train
587,277,3,train
327,86,4,train
391,248,4,train
14,126,5,train
957,592,3,train
126,187,4,train
761,90,3,train
721,99,4,train
946,78,3,train
636,264,3,train
530,471,3,train
875,197,3,train
177,239,2,train
10,374,3,train
505,480,3,train
306,524,4,train
544,378,4,train
785,581,5,train
637,395,4,train
519,240,5,train
778,98,4,train
696,504,5,train
648,160,4,train
130,538,4,train
493,289,5,train
572,231,5,train
421,106,5,train
19,378,5,train
374,285,4,train
170,541,3,train
90,207,2,train
795,400,5,train
904,405,4,train
399,317,4,train
764,361,4,train
42,340,5,train
720,78,2,train
392,372,2,train
354,188,4,train
356,556,5,train
929,475,2,train
406,562,5,train
177,382,4,train
431,213,5,train
27,495,4,train
706,519,5,train
874,22,4,train
525,110,4,train
43,163,5,train
209,225,5,train
680,41,5,train
717,184,3,train
7,92,5,train
266,222,1,train
703,88,5,train
448,546,4,train
304,120,5,train
952,371,5,train
412,119,5,train
67,91,3,train
704,362,3,train
863,526,2,train
138,5,3,train
201,203,5,train
904,10,5,train
360,429,3,train
225,371,5,train
276,170,5,train
952,277,4,train
795,396,2,train
177,330,5,train
788,262,5,train
532,572,5,train
862,354,5,train
249,254,5,train
697,548,3,train
57,27,3,train
558,549,3,train
861,405,4,train
116,144,5,train
577,217,5,train
311,271,5,train
907,444,4,train
219,479,3,train
392,15,3,train
513,30,4,train
227,194,5,train
600,228,4,train
829,581,5,train
975,211,5,train
901,14,5,train
229,280,5,train
53,94,5,train
44,592,5,train
712,506,3,train
163,20,3,train
569,33,4,train
873,490,5,train
317,202,5,train
13,540,4,train
778,583,5,train
628,185,3,train
667,317,3,train
6,429,3,train
160,160,5,train
839,421,5,train
625,2,5,train
517,484,2,train
798,254,2,train
248,456,5,train
735,61,5,train
949,399,4,train
827,261,4,train
392,242,2,train
294,142,5,train
752,236,5,train
403,495,3,train
386,450,4,train
575,100,5,train
513,190,5,train
740,524,3,train
358,44,3,train
637,546,4,train
326,160,5,train
495,261,4,train
924,88,5,train
130,444,3,train
908,18,4,train
580,245,5,train
896,231,4,train
330,158,5,train
785,323,4,train
565,473,5,train
727,100,4,train
734,541,4,train
878,321,5,train
205,112,5,train
78,511,5,train
499,80,5,train
177,7,3,train
391,327,5,train
119,488,4,train
210,553,5,train
497,572,5,train
487,66,5,train
870,217,5,train
22,444,4,train
770,328,4,train
125,176,4,train
981,450,3,train
323,78,5,train
920,332,3,train
448,505,4,train
72,124,5,train
489,31,5,train
429,202,5,train
506,495,3,train
782,200,4,train
150,107,5,train
913,556,2,train
487,344,5,train
128,340,5,train
419,542,5,train
118,429,4,train
873,31,5,train
289,202,3,train
950,303,3,train
583,484,4,train
185,148,5,train
677,521,5,train
580,381,2,train
60,50,1,train
191,525,5,train
489,391,4,train
551,330,5,train
615,552,5,train
10,305,4,train
350,27,5,train
866,15,3,train
3,237,4,train
678,411,5,train
827,194,5,train
838,50,3,train
106,361,3,train
876,338,3,train
510,166,5,train
350,424,5,train
250,233,5,train
831,457,5,train
127,392,4,train
573,446,4,train
585,372,3,train
813,88,5,train
850,110,3,train
321,588,5,train
685,201,5,train
91,85,5,train
54,124,5,train
91,194,5,train
257,20,4,train
204,497,5,train
588,198,5,train
46,429,3,train
892,379,5,train
467,119,5,train
836,446,5,train
355,27,5,train
45,219,5,train
646,84,3,train
818,374,4,train
34,165,4,train
944,239,5,train
661,146,4,train
377,94,5,train
131,247,5,train
610,450,5,train
429,429,3,train
921,78,5,train
547,144,3,train
120,146,4,train
495,437,3,train
755,549,4,train
800,410,4,train
691,532,1,train
674,47,4,train
62,108,4,train
875,338,5,train
162,457,5,train
273,151,4,train
96,597,2,train
669,474,3,train
804,583,5,train
712,330,3,train
118,190,5,train
785,211,5,train
887,589,3,train
814,519,5,train
361,594,5,train
57,543,5,train
578,102,4,train
91,124,5,train
855,346,4,train
166,410,3,train
88,594,5,train
458,26,5,train
878,260,5,train
264,336,3,train
978,456,5,train
607,199,5,train
17,121,4,train
41,15,3,train
178,553,5,train
774,115,3,train
600,519,5,train
437,330,4,train
502,400,3,train
565,124,5,train
342,176,5,train
775,368,4,train
503,288,5,train
205,142,5,train
205,276,5,train
654,31,5,train
391,176,5,train
393,552,2,train
306,285,3,train
375,397,4,train
251,15,2,train
584,240,5,train
63,155,3,train
69,133,5,train
244,170,5,train
215,335,3,train
867,254,5,train
688,106,2,train
967,279,5,train
274,553,5,train
796,560,4,train
780,271,5,train
75,572,5,train
926,87,4,train
829,503,3,train
786,194,5,train
931,576,5,train
469,36,4,train
53,106,4,train
71,194,5,train
571,398,5,train
413,506,4,train
470,185,5,train
339,112,4,train
254,222,1,train
573,437,3,train
996,124,5,train
590,174,3,train
146,429,3,train
904,314,4,train
588,409,4,train
746,210,5,train
376,540,4,train
987,295,4,train
75,437,4,train
515,556,3,train
177,50,3,train
770,330,1,train
966,200,4,train
405,406,4,train
613,429,4,train
923,532,2,train
405,386,3,train
471,342,3,train
160,591,5,train
623,31,5,train
890,363,3,train
427,363,5,train
238,314,3,train
472,359,5,train
732,504,3,train
894,338,5,train
877,295,2,train
943,354,5,train
260,574,4,train
498,351,2,train
161,429,3,train
896,158,4,train
895,518,5,train
551,252,3,train
177,567,4,train
652,12,5,train
159,330,3,train
338,596,2,train
569,389,3,train
415,190,5,train
649,206,3,train
813,87,5,train
298,321,4,train
640,568,4,train
189,334,3,train
704,190,5,train
689,134,5,train
849,549,5,train
787,372,5,train
112,290,5,train
11,74,3,train
885,172,5,train
851,126,3,train
595,168,4,train
718,15,3,train
251,376,5,train
750,70,2,train
283,87,3,train
189,98,4,train
374,593,5,train
146,350,5,train
506,594,5,train
453,82,2,train
586,516,5,train
335,234,4,train
689,576,4,train
342,94,4,train
940,112,5,train
250,556,3,train
360,582,3,train
515,576,4,train
72,463,5,train
177,334,3,train
334,238,5,train
586,126,5,train
946,594,5,train
919,134,5,train
382,181,5,train
526,50,3,train
635,419,4,train
749,429,2,train
839,293,5,train
301,281,5,train
918,429,4,train
799,208,2,train
897,202,4,train
437,34,5,train
827,590,4,train
72,504,5,train
677,430,5,train
634,429,3,train
239,66,5,train
188,409,4,train
267,179,2,train
613,588,5,train
714,31,5,train
777,371,4,train
354,168,3,train
279,518,5,train
520,30,5,train
327,180,5,train
943,206,3,train
334,153,5,train
637,343,3,train
361,88,5,train
168,356,5,train
822,330,5,train
283,231,5,train
606,29,3,train
173,30,4,train
41,275,5,train
966,560,5,train
239,206,4,train
186,7,5,train
291,323,5,train
442,348,4,train
485,25,4,train
880,114,5,train
395,124,5,train
875,283,3,train
903,347,3,train
407,336,3,train
861,334,4,train
261,440,4,train
431,261,4,train
532,294,5,train
68,340,5,train
495,577,5,train
937,146,4,train
521,546,5,train
146,58,4,train
741,527,5,train
495,330,4,train
740,156,4,train
569,482,4,train
602,518,5,train
237,330,3,train
13,566,5,train
98,556,3,train
794,123,5,train
533,585,5,train
353,202,5,train
946,156,5,train
781,359,4,train
682,432,5,train
58,301,4,train
888,104,2,train
198,525,5,train
282,277,2,train
8,85,4,train
234,102,5,train
575,303,4,train
394,0,5,train
32,365,4,train
920,320,5,train
849,588,4,train
785,20,5,train
950,293,4,train
827,115,1,train
714,309,5,train
760,296,3,train
339,495,4,train
72,594,4,train
652,490,5,train
61,174,3,train
782,410,4,train
210,507,3,train
524,396,3,train
116,151,4,train
495,524,3,train
895,36,2,train
839,254,5,train
428,518,5,train
419,330,5,train
659,457,3,train
741,168,3,train
208,168,5,train
612,244,5,train
722,199,3,train
553,186,4,train
948,429,2,train
439,340,5,train
794,156,5,train
85,48,4,train
999,464,4,train
161,8,4,train
847,10,5,train
124,479,3,train
398,463,5,train
460,271,3,train
714,47,2,train
491,240,4,train
375,464,3,train
801,252,3,train
171,495,4,train
495,441,1,train
366,7,5,train
659,470,1,train
398,589,3,train
445,498,5,train
321,556,3,train
300,439,2,train
728,30,5,train
786,234,5,train
413,572,5,train
420,100,4,train
72,188,4,train
703,255,4,train
695,108,4,train
365,599,4,train
748,271,5,train
333,296,4,train
667,450,4,train
427,429,4,train
283,508,3,train
725,115,3,train
484,82,5,train
787,429,3,train
770,281,2,train
395,262,5,train
571,360,3,train
5,9,3,train
539,100,5,train
979,594,5,train
286,36,4,train
767,576,4,train
410,416,3,train
31,319,5,train
398,20,5,train
515,146,3,train
468,363,4,train
759,596,3,train
372,361,4,train
525,388,5,train
170,176,5,train
747,475,5,train
146,10,5,train
684,524,4,train
899,115,4,train
830,502,4,train
391,160,5,train
500,583,5,train
384,112,5,train
124,594,5,train
598,379,5,train
321,56,4,train
494,423,5,train
16,176,4,train
854,261,3,train
145,204,4,train
455,153,5,train
341,330,5,train
808,129,4,train
820,585,3,train
266,218,4,train
822,190,4,train
868,112,5,train
613,444,4,train
729,427,5,train
407,482,4,train
620,281,5,train
99,81,5,train
130,564,5,train
197,438,5,train
471,120,2,train
154,273,3,train
10,599,3,train
845,7,5,train
572,556,4,train
435,264,3,train
587,268,4,train
664,115,2,train
991,65,5,train
18,372,5,train
471,106,4,train
273,429,3,train
180,372,5,train
836,396,4,train
17,396,2,train
755,240,5,train
677,350,4,train
956,469,2,train
131,168,5,train
571,34,4,train
466,264,2,train
678,302,5,train
678,190,4,train
867,568,1,train
974,190,5,train
722,84,3,train
541,280,5,train
888,115,5,train
859,317,4,train
947,335,2,train
523,469,3,train
329,80,4,train
392,299,5,train
373,264,4,train
546,134,5,train
956,175,3,train
384,168,5,train
924,143,5,train
150,301,4,train
553,337,5,train
495,272,5,train
56,450,5,train
174,374,5,train
802,101,5,train
734,168,5,train
950,358,3,train
797,160,4,train
645,26,5,train
112,347,4,train
682,330,4,train
741,464,3,train
224,90,3,train
246,260,5,train
768,10,3,train
270,168,3,train
329,446,3,train
907,86,5,train
722,461,5,train
566,207,5,train
328,510,3,train
577,322,4,train
776,77,2,train
888,112,5,train
672,503,3,train
327,261,2,train
985,153,5,train
16,283,5,train
767,464,2,train
409,92,4,train
135,266,3,train
57,270,5,train
216,541,4,train
283,290,5,train
650,594,5,train
901,176,5,train
518,506,5,train
442,535,5,train
251,252,2,train
182,219,5,train
741,559,4,train
949,195,5,train
437,173,5,train
757,109,4,train
652,145,5,train
937,29,4,train
498,283,2,train
103,18,4,train
188,123,4,train
212,84,5,train
724,174,4,train
250,73,3,train
850,153,5,train
269,116,4,train
498,46,3,train
458,427,4,train
66,482,2,train
589,490,5,train
704,463,5,train
870,439,5,train
755,505,5,train
755,97,3,train
427,406,4,train
362,238,5,train
896,460,4,train
912,168,4,train
765,248,4,train
248,555,5,train
276,419,2,train
239,210,5,train
518,396,2,train
779,25,3,train
968,219,3,train
132,593,3,train
795,234,5,train
307,457,5,train
307,189,5,train
471,277,4,train
843,178,5,train
162,431,5,train
40,508,2,train
220,80,5,train
207,496,4,train
830,174,3,train
880,421,5,train
754,264,2,train
276,396,5,train
674,254,5,train
470,179,4,train
369,529,3,train
255,47,3,train
263,303,5,train
450,453,5,train
495,493,5,train
150,202,2,train
407,304,5,train
268,546,5,train
208,254,4,train
769,258,4,train
421,190,3,train
946,72,4,train
970,336,4,train
648,178,5,train
250,358,5,train
463,308,5,train
162,16,4,train
361,19,5,train
951,168,4,train
361,261,5,train
494,455,4,train
432,239,3,train
30,582,4,train
674,429,3,train
655,550,5,train
121,358,5,train
556,7,4,train
306,525,3,train
996,340,4,train
336,279,4,train
714,82,5,train
124,168,4,train
57,579,3,train
392,129,4,train
350,593,5,train
9,51,4,train
598,504,5,train
1,115,2,train
812,383,5,train
106,230,3,train
38,27,3,train
572,36,5,train
927,167,5,train
295,479,3,train
578,429,4,train
350,304,3,train
28,399,4,train
78,597,4,train
532,239,4,train
445,585,5,train
437,488,5,train
912,248,3,train
926,435,5,train
335,199,4,train
532,82,3,train
93,547,5,train
683,565,5,train
941,396,4,train
118,506,5,train
974,368,4,train
889,142,5,train
906,369,4,train
143,277,3,train
656,279,3,train
901,258,4,train
792,94,2,train
321,46,3,train
950,340,3,train
993,588,5,train
335,120,5,train
322,91,5,train
459,202,4,train
758,516,5,train
140,261,3,train
455,358,3,train
706,330,4,train
218,276,3,train
57,48,4,train
113,541,4,train
676,575,5,train
582,9,4,train
845,504,4,train
204,7,3,train
112,511,3,train
108,76,5,train
398,293,5,train
297,117,3,train
57,523,4,train
823,121,4,train
749,78,4,train
895,467,2,train
388,549,3,train
962,159,5,train
397,29,4,train
66,105,5,train
113,437,4,train
91,503,2,train
765,122,4,train
413,330,5,train
682,293,3,train
759,135,1,train
188,125,5,train
880,362,4,train
895,420,2,train
903,168,4,train
400,575,5,train
577,56,2,train
327,234,4,train
880,271,4,train
192,268,3,train
655,168,5,train
262,51,3,train
286,78,5,train
192,517,4,train
317,504,3,train
328,87,4,train
160,450,5,train
655,159,4,train
695,330,3,train
100,178,4,train
896,129,4,train
43,202,5,train
255,468,4,train
587,204,3,train
672,585,5,train
888,553,3,train
530,49,4,train
743,88,3,train
888,428,3,train
392,26,5,train
283,108,2,train
897,361,4,train
317,502,5,train
541,314,2,train
101,549,5,train
602,166,4,train
619,562,5,train
276,249,5,train
654,465,4,train
978,349,5,train
738,524,4,train
629,570,5,train
548,124,5,train
589,400,5,train
72,18,5,train
720,465,5,train
875,323,5,train
646,330,5,train
623,187,4,train
712,254,5,train
895,153,4,train
163,190,4,train
265,88,4,train
568,410,5,train
926,121,5,train
72,91,5,train
901,4,5,train
600,525,5,train
377,22,4,train
340,7,5,train
319,536,5,train
41,234,5,train
370,460,5,train
870,271,4,train
124,463,5,train
513,516,4,train
339,203,5,train
771,239,3,train
373,142,1,train
525,26,5,train
205,150,4,train
250,231,5,train
359,590,4,train
429,73,3,train
423,399,4,train
727,493,5,train
117,202,3,train
716,358,4,train
267,548,3,train
729,22,5,train
754,329,4,train
54,31,5,train
548,262,5,train
526,288,5,train
470,249,5,train
748,97,4,train
946,561,4,train
712,120,5,train
632,86,5,train
694,396,2,train
253,564,4,train
387,562,5,train
547,190,5,train
690,394,3,train
799,120,3,train
931,105,5,train
89,553,5,train
227,436,5,train
678,26,3,train
740,388,5,train
361,94,5,train
941,576,4,train
391,240,5,train
402,179,4,train
974,1,5,train
565,380,5,train
622,410,5,train
510,268,3,train
213,146,4,train
234,582,4,train
158,356,5,train
330,15,3,train
709,194,4,train
702,490,5,train
114,131,5,train
50,358,5,train
652,166,4,train
61,254,5,train
69,82,4,train
891,17,4,train
716,279,3,train
209,458,4,train
843,336,3,train
393,148,5,train
667,168,4,train
841,562,5,train
678,141,5,train
895,475,4,train
425,176,4,train
295,582,3,train
209,160,5,train
704,49,4,train
470,576,3,train
103,277,4,train
269,30,5,train
447,367,4,train
390,199,4,train
41,121,5,train
432,141,5,train
23,490,5,train
623,454,4,train
788,168,4,train
959,142,5,train
49,305,4,train
169,267,2,train
506,292,5,train
751,395,5,train
470,211,5,train
417,244,5,train
753,30,5,train
974,178,4,train
478,487,4,train
121,585,5,train
482,288,5,train
88,505,3,train
930,264,2,train
520,599,3,train
181,396,3,train
491,361,3,train
163,549,5,train
828,358,4,train
247,57,3,train
33,490,5,train
14,153,5,train
250,576,4,train
966,589,5,train
685,410,5,train
130,407,5,train
571,189,3,train
471,570,5,train
78,320,5,train
131,26,5,train
474,115,3,train
320,196,3,train
945,179,4,train
829,549,5,train
926,7,4,train
9,576,3,train
367,174,4,train
43,144,5,train
283,182,3,train
327,146,4,train
505,564,3,train
280,281,4,train
32,293,4,train
666,203,5,train
658,481,3,train
537,103,4,train
341,196,3,train
700,18,5,train
343,480,5,train
940,89,2,train
373,457,5,train
418,296,4,train
34,543,3,train
0,262,5,train
604,22,4,train
987,420,5,train
470,396,5,train
418,20,5,train
389,421,5,train
766,115,4,train
203,49,3,train
66,115,5,train
398,208,5,train
877,75,5,train
527,323,4,train
626,179,5,train
352,592,4,train
267,75,4,train
261,5,4,train
186,155,4,train
749,196,5,train
308,15,3,train
0,194,4,train
888,495,5,train
655,180,4,train
578,327,5,train
830,396,4,train
819,382,4,train
413,336,3,train
391,9,3,train
984,285,3,train
276,185,5,train
842,26,5,train
529,404,5,train
539,517,2,train
161,176,4,train
296,146,3,train
678,546,5,train
641,429,3,train
186,89,5,train
631,348,5,train
33,429,3,train
490,254,5,train
776,410,4,train
670,288,5,train
806,525,5,train
217,94,4,train
232,469,3,train
957,476,5,train
209,516,4,train
839,108,4,train
349,109,4,train
961,421,5,train
682,287,5,train
569,10,5,train
875,239,2,train
428,53,4,train
345,78,4,train
117,296,3,train
971,222,4,train
97,255,5,train
48,357,5,train
100,427,5,train
781,523,5,train
361,85,5,train
569,540,4,train
117,431,3,train
808,392,3,train
653,436,2,train
572,428,3,train
840,360,4,train
588,222,3,train
362,216,5,train
809,126,5,train
949,529,3,train
285,571,4,train
18,504,5,train
47,263,5,train
374,31,4,train
964,87,3,train
319,134,5,train
640,573,5,train
926,427,3,train
759,100,4,train
179,135,5,train
238,330,5,train
850,239,3,train
732,242,5,train
840,399,4,train
574,57,5,train
663,335,5,train
836,535,4,train
130,546,5,train
261,330,5,train
515,327,4,train
467,576,4,train
523,22,4,train
950,142,5,train
63,102,4,train
538,404,5,train
591,361,2,train
113,93,5,train
88,207,5,train
341,261,3,train
879,100,5,train
112,496,5,train
121,342,3,train
75,396,3,train
933,10,5,train
53,156,5,train
956,239,1,train
274,556,5,train
782,165,5,train
863,119,5,train
222,86,4,train
611,516,5,train
896,337,4,train
952,279,5,train
525,55,3,train
248,115,3,train
165,505,4,train
353,261,5,train
629,33,4,train
43,168,5,train
787,518,5,train
113,273,5,train
408,340,3,train
863,336,5,train
489,268,4,train
819,301,5,train
748,450,3,train
851,585,4,train
470,438,5,train
726,160,4,train
63,7,4,train
170,236,5,train
974,531,4,train
794,236,5,train
505,476,5,train
721,27,5,train
296,31,5,train
428,257,5,train
799,7,4,train
470,470,2,train
722,17,3,train
223,281,3,train
436,240,5,train
677,75,5,train
487,37,4,train
444,512,5,train
140,19,3,train
267,317,5,train
770,407,3,train
411,518,5,train
340,471,5,train
301,37,5,train
302,280,4,train
87,254,5,train
630,26,5,train
257,264,4,train
802,504,5,train
529,11,5,train
143,146,2,train
286,4,5,train
422,41,4,train
795,61,5,train
380,361,2,train
150,409,4,train
959,281,3,train
387,557,5,train
545,512,4,train
574,208,5,train
681,358,5,train
764,503,3,train
723,360,5,train
951,388,5,train
518,580,3,train
847,464,3,train
681,124,4,train
829,536,4,train
545,352,5,train
564,549,5,train
201,361,3,train
248,392,3,train
466,496,5,train
779,228,3,train
746,61,5,train
285,389,3,train
113,525,5,train
937,474,5,train
673,358,2,train
89,564,4,train
334,176,4,train
118,381,3,train
160,543,4,train
488,19,4,train
515,111,4,train
655,386,4,train
478,58,4,train
710,153,2,train
34,22,5,train
941,31,3,train
662,215,2,train
336,317,3,train
772,162,5,train
327,371,2,train
16,502,5,train
221,290,3,train
311,279,5,train
24,219,5,train
664,582,5,train
282,526,5,train
961,268,4,train
628,457,5,train
250,72,4,train
215,363,3,train
72,94,2,train
477,495,4,train
599,467,3,train
555,596,4,train
899,237,4,train
917,236,5,train
56,193,4,train
813,39,3,train
189,2,5,train
105,595,3,train
744,280,4,train
662,320,5,train
999,183,4,train
800,401,2,train
16,356,4,train
885,363,3,train
880,157,4,train
901,138,4,train
618,535,4,train
78,264,2,train
446,161,5,train
419,399,5,train
181,444,4,train
545,385,4,train
382,109,3,train
883,548,5,train
268,215,5,train
937,285,5,train
150,273,5,train
569,508,5,train
392,462,4,train
941,288,5,train
833,330,3,train
243,104,3,train
488,595,3,train
683,184,5,train
208,531,4,train
781,152,3,train
369,457,4,train
662,228,5,train
654,262,5,train
706,308,5,train
652,519,3,train
434,202,5,train
160,210,3,train
623,439,4,train
714,304,3,train
116,457,5,train
981,321,4,train
599,409,5,train
302,296,4,train
386,140,3,train
881,185,5,train
463,525,5,train
853,49,4,train
72,347,2,train
925,576,3,train
496,160,4,train
680,7,5,train
186,134,2,train
571,100,4,train
51,321,3,train
341,376,5,train
516,359,3,train
953,123,3,train
472,495,3,train
520,589,5,train
707,173,3,train
771,4,5,train
827,241,4,train
208,429,4,train
161,336,4,train
117,31,4,train
320,376,2,train
820,166,4,train
525,405,3,train
387,110,5,train
533,159,4,train
927,528,3,train
313,226,4,train
124,19,2,train
606,350,5,train
603,484,3,train
245,37,5,train
413,321,5,train
319,222,4,train
654,463,5,train
625,146,4,train
656,0,4,train
558,582,4,train
16,487,2,train
935,221,3,train
818,206,4,train
80,317,2,train
72,9,4,train
110,444,3,train
417,168,5,train
36,518,5,train
843,191,4,train
547,407,3,train
766,532,5,train
975,277,4,train
853,14,5,train
358,504,4,train
41,550,5,train
221,407,5,train
501,153,5,train
375,131,5,train
649,429,2,train
600,135,5,train
733,371,5,train
451,296,2,train
57,504,4,train
795,490,5,train
108,19,2,train
909,94,5,train
276,488,5,train
820,264,3,train
22,165,2,train
17,383,5,train
423,194,5,train
647,588,5,train
602,254,4,train
953,345,5,train
246,361,3,train
953,283,5,train
38,29,4,train
28,429,4,train
409,519,5,train
751,30,5,train
273,564,5,train
648,570,4,train
373,395,5,train
752,234,5,train
62,333,2,train
460,291,2,train
358,90,2,train
14,258,5,train
433,574,3,train
199,87,4,train
398,236,2,train
173,396,2,train
755,570,4,train
62,307,3,train
112,181,4,train
616,93,4,train
391,320,5,train
732,443,4,train
986,120,5,train
521,230,4,train
768,239,4,train
904,519,3,train
571,495,4,train
156,36,2,train
953,337,4,train
703,239,2,train
723,558,5,train
867,410,4,train
755,427,3,train
282,276,5,train
768,317,2,train
150,15,3,train
477,162,5,train
752,475,5,train
545,438,5,train
301,124,5,train
589,36,2,train
672,100,5,train
103,134,5,train
569,301,4,train
82,383,3,train
93,138,4,train
462,552,5,train
685,444,5,train
282,207,4,train
293,276,4,train
667,398,5,train
131,443,3,train
309,30,5,train
712,484,5,train
921,446,3,train
768,5,5,train
648,354,5,train
937,441,3,train
741,388,5,train
870,445,5,train
414,41,4,train
451,488,5,train
341,556,4,train
59,429,4,train
564,121,3,train
410,336,5,train
441,330,4,train
437,213,5,train
370,160,3,train
580,409,5,train
360,143,3,train
471,104,5,train
868,396,5,train
935,317,4,train
134,376,3,train
277,553,5,train
272,75,5,train
829,526,4,train
340,543,3,train
837,429,2,train
471,126,3,train
684,356,4,train
742,290,4,train
689,438,5,train
282,576,3,train
951,323,3,train
678,550,4,train
574,85,5,train
392,99,2,train
949,340,5,train
215,408,3,train
152,338,5,train
244,429,3,train
13,274,2,train
580,336,4,train
510,388,5,train
870,519,5,train
572,571,5,train
581,31,5,train
502,9,4,train
888,354,4,train
738,340,4,train
746,249,5,train
748,543,3,train
937,47,3,train
361,321,5,train
761,4,5,train
1,207,5,train
380,337,5,train
196,519,3,train
430,168,4,train
181,134,3,train
515,471,4,train
625,527,4,train
293,42,4,train
580,269,5,train
392,396,5,train
959,349,5,train
574,349,4,train
72,88,3,train
766,506,3,train
613,454,3,train
779,445,4,train
710,556,2,train
603,110,5,train
208,340,5,train
11,38,5,train
489,368,5,train
72,586,4,train
572,236,5,train
956,75,3,train
587,557,4,train
483,594,4,train
15,194,5,train
229,203,5,train
800,376,5,train
478,273,5,train
583,356,2,train
540,475,4,train
564,239,4,train
711,368,5,train
484,260,5,train
773,146,3,train
1,544,3,train
142,172,2,train
579,270,4,train
61,592,2,train
32,450,5,train
930,570,3,train
510,197,5,train
727,242,5,train
728,100,5,train
760,465,5,train
569,488,4,train
345,254,5,train
332,541,5,train
335,91,5,train
446,469,3,train
895,572,3,train
426,482,3,train
731,158,5,train
407,277,4,train
518,252,4,train
329,495,3,train
770,337,1,train
427,428,4,train
221,91,4,train
893,163,3,train
934,15,3,train
89,552,5,train
19,429,3,train
575,399,4,train
729,384,5,train
510,272,4,train
122,465,4,train
871,168,2,train
51,487,3,train
341,314,4,train
748,144,4,train
267,337,5,train
547,168,1,train
103,299,5,train
901,75,4,train
268,161,5,train
285,375,4,train
645,154,5,train
462,310,4,train
960,239,3,train
69,541,4,train
41,336,5,train
295,594,5,train
20,18,4,train
909,134,3,train
601,594,3,train
156,321,5,train
286,53,5,train
483,512,5,train
313,255,4,train
407,349,5,train
181,482,3,train
209,72,4,train
285,553,5,train
498,263,5,train
462,121,4,train
568,455,4,train
148,277,4,train
251,553,5,train
17,58,3,train
23,120,4,train
432,254,5,train
946,354,4,train
471,245,3,train
888,29,5,train
901,342,4,train
952,471,5,train
309,340,5,train
470,543,2,train
159,8,3,train
387,464,3,train
349,556,2,train
768,495,3,train
361,203,5,train
940,85,3,train
763,489,5,train
547,574,4,train
225,102,5,train
800,375,5,train
8,202,4,train
553,273,4,train
544,94,5,train
993,1,5,train
466,450,3,train
789,112,5,train
214,57,4,train
970,287,4,train
92,208,5,train
704,590,4,train
681,340,5,train
273,202,5,train
495,571,4,train
53,361,3,train
858,27,4,train
15,280,4,train
148,570,5,train
227,30,5,train
436,479,5,train
207,490,5,train
379,112,3,train
52,176,4,train
12,174,4,train
209,236,5,train
61,496,5,train
738,479,4,train
400,340,5,train
794,317,4,train
190,241,3,train
808,243,5,train
325,281,2,train
403,553,5,train
302,472,5,train
537,117,4,train
133,422,3,train
755,457,5,train
262,358,5,train
839,237,3,train
25,75,5,train
691,516,2,train
895,329,4,train
173,429,3,train
569,231,3,train
968,276,5,train
682,368,4,train
320,61,4,train
496,26,5,train
874,32,3,train
909,556,4,train
252,290,3,train
499,146,4,train
545,295,3,train
509,248,4,train
729,453,2,train
752,36,4,train
467,582,3,train
857,277,2,train
936,10,4,train
380,599,4,train
294,239,4,train
495,15,2,train
385,115,5,train
680,371,5,train
789,115,5,train
658,204,5,train
677,234,5,train
844,381,5,train
740,363,4,train
117,429,3,train
509,549,4,train
369,550,4,train
572,543,4,train
830,112,4,train
792,112,5,train
654,361,4,train
362,70,4,train
994,368,5,train
87,296,3,train
115,25,4,train
200,98,2,train
114,240,4,train
978,464,4,train
671,2,5,train
157,83,2,train
813,543,4,train
735,232,4,train
244,34,5,train
332,240,4,train
196,298,3,train
745,523,5,train
8,94,5,train
950,146,3,train
624,168,2,train
196,429,2,train
165,292,2,train
326,429,3,train
482,536,5,train
306,330,4,train
699,396,2,train
526,503,2,train
911,364,2,train
13,525,5,train
72,473,3,train
739,285,4,train
428,479,4,train
477,560,3,train
738,126,5,train
477,15,4,train
9,336,3,train
471,571,4,train
523,303,5,train
438,76,5,train
195,175,4,train
781,245,5,train
110,410,5,train
251,96,2,train
666,240,4,train
707,202,4,train
639,34,4,train
531,8,5,train
996,147,5,train
662,352,5,train
289,252,4,train
767,348,3,train
993,143,4,train
974,239,2,train
546,396,5,train
126,475,4,train
290,330,3,train
649,288,3,train
117,180,4,train
877,555,3,train
204,85,5,train
312,429,4,train
102,463,5,train
795,456,4,train
546,135,5,train
127,481,5,train
933,512,4,train
344,240,3,train
185,337,5,train
126,279,4,train
842,582,2,train
970,576,3,train
321,330,5,train
383,155,5,train
401,116,5,train
48,9,4,train
478,531,4,train
926,357,4,train
594,429,5,train
973,49,4,train
135,386,5,train
175,9,4,train
544,312,4,train
654,596,5,train
546,148,5,train
369,110,2,train
568,573,5,train
571,355,4,train
479,151,5,train
270,273,5,train
358,254,4,train
95,49,5,train
650,581,5,train
96,358,3,train
63,244,4,train
361,345,5,train
698,427,5,train
853,123,5,train
866,314,2,train
673,440,3,train
287,100,4,train
473,321,5,train
167,55,3,train
715,574,4,train
441,556,5,train
550,190,5,train
437,1,3,train
575,576,2,train
961,15,4,train
764,276,5,train
782,429,4,train
109,31,5,train
697,185,5,train
715,236,5,train
537,592,4,train
973,100,4,train
950,496,4,train
445,30,5,train
941,29,5,train
53,168,3,train
934,31,3,train
527,206,5,train
218,245,3,train
262,192,5,train
970,254,5,train
177,580,4,train
888,15,4,train
70,535,4,train
723,75,4,train
913,88,2,train
9,375,5,train
130,506,5,train
475,514,5,train
523,546,4,train
264,410,4,train
861,588,4,train
741,196,3,train
72,457,4,train
624,190,4,train
500,422,4,train
738,254,5,train
66,121,1,train
970,409,2,train
262,139,4,train
935,309,5,train
395,31,5,train
969,553,5,train
709,206,3,train
51,410,4,train
91,49,5,train
668,436,3,train
300,8,5,train
672,202,5,train
550,558,5,train
443,135,5,train
897,549,5,train
940,440,5,train
577,231,5,train
987,490,3,train
156,260,5,train
985,463,4,train
656,334,5,train
307,31,5,train
598,194,5,train
469,471,4,train
728,297,5,train
478,556,4,train
992,153,5,train
666,421,5,train
980,31,5,train
629,326,5,train
103,494,5,train
207,546,5,train
487,100,2,train
528,557,5,train
747,556,3,train
350,348,4,train
705,474,5,train
280,202,4,train
528,190,5,train
261,241,4,train
612,548,3,train
286,296,3,train
514,540,4,train
606,580,3,train
553,490,5,train
666,556,5,train
621,318,5,train
477,278,3,train
124,338,2,train
792,211,5,train
492,437,5,train
66,334,5,train
921,36,4,train
279,295,3,train
189,75,5,train
161,518,5,train
329,317,5,train
740,365,4,train
510,396,3,train
843,11,5,train
821,338,3,train
647,354,3,train
568,538,4,train
41,322,4,train
246,67,4,train
804,141,5,train
29,259,4,train
178,187,4,train
574,14,3,train
632,151,5,train
196,460,5,train
691,166,2,train
423,574,5,train
276,427,3,train
125,388,4,train
251,1,5,train
530,480,5,train
485,428,4,train
601,438,5,train
427,155,5,train
627,396,5,train
299,128,5,train
792,29,5,train
936,358,5,train
539,71,4,train
488,242,5,train
300,555,4,train
803,273,5,train
779,74,2,train
614,456,3,train
857,2,5,train
93,475,3,train
935,519,4,train
779,293,3,train
19,167,3,train
350,523,5,train
995,322,3,train
10,278,3,train
678,396,3,train
962,556,4,train
833,317,3,train
692,460,4,train
895,570,3,train
438,344,4,train
700,31,5,train
347,439,5,train
177,93,3,train
161,543,3,train
565,87,1,train
300,469,3,train
888,27,2,train
901,464,4,train
48,552,5,train
215,524,3,train
623,429,3,train
799,91,4,train
783,184,5,train
313,304,5,train
537,392,5,train
275,407,2,train
797,199,3,train
649,538,3,train
569,202,4,train
895,487,3,train
449,354,5,train
321,399,3,train
707,410,3,train
427,594,2,train
432,595,5,train
888,148,5,train
900,441,4,train
292,206,4,train
831,30,5,train
885,358,4,train
720,30,5,train
781,315,2,train
738,291,5,train
548,348,4,train
361,81,5,train
605,29,5,train
412,204,5,train
272,336,3,train
804,213,5,train
17,127,3,train
468,165,5,train
423,579,4,train
10,333,3,train
678,539,3,train
598,375,4,train
790,153,3,train
214,450,5,train
659,27,3,train
335,46,3,train
174,381,5,train
173,190,4,train
273,549,3,train
41,232,5,train
375,338,3,train
904,473,5,train
229,588,5,train
766,4,5,train
454,9,3,train
575,165,5,train
148,280,3,train
247,119,5,train
131,100,4,train
279,131,5,train
681,80,3,train
564,543,3,train
697,588,5,train
358,124,4,train
34,340,5,train
427,100,5,train
277,429,4,train
398,392,5,train
389,1,5,train
205,429,4,train
432,31,5,train
391,322,1,train
432,516,5,train
951,438,3,train
722,80,3,train
752,99,5,train
946,590,4,train
525,581,2,train
381,442,3,train
745,439,1,train
413,110,5,train
606,315,5,train
571,317,4,train
800,134,2,train
667,396,2,train
141,110,3,train
357,556,4,train
538,178,4,train
752,374,4,train
660,319,5,train
973,428,3,train
515,595,5,train
32,126,4,train
904,222,2,train
140,214,5,train
172,9,3,train
283,146,3,train
3,168,4,train
49,277,2,train
212,371,5,train
66,556,1,train
495,179,4,train
151,65,3,train
212,580,4,train
221,590,4,train
138,312,5,train
115,429,3,train
780,320,2,train
517,76,5,train
609,222,4,train
981,156,3,train
782,246,5,train
796,269,5,train
452,296,3,train
422,237,3,train
786,357,3,train
40,45,4,train
373,91,4,train
513,460,3,train
768,94,5,train
740,31,5,train
795,119,5,train
170,429,4,train
105,536,3,train
52,36,5,train
115,168,4,train
544,301,4,train
842,179,5,train
780,564,4,train
497,142,5,train
243,52,5,train
722,573,4,train
528,202,5,train
543,498,3,train
412,217,4,train
72,395,5,train
58,57,5,train
717,18,4,train
999,229,3,train
246,255,4,train
598,330,5,train
61,112,2,train
403,576,3,train
38,249,5,train
6,574,4,train
829,321,5,train
521,168,3,train
103,440,4,train
548,216,5,train
496,337,4,train
472,444,4,train
563,1,5,train
399,519,5,train
276,72,5,train
52,381,5,train
589,338,5,train
63,296,4,train
430,219,5,train
560,112,2,train
177,293,4,train
854,140,5,train
14,61,4,train
741,396,2,train
427,354,4,train
327,317,3,train
755,571,5,train
768,390,2,train
206,396,3,train
283,82,4,train
285,437,3,train
785,438,5,train
716,375,4,train
606,107,5,train
442,36,3,train
491,441,3,train
43,187,4,train
795,110,5,train
299,446,5,train
720,298,5,train
576,108,5,train
276,148,5,train
341,222,5,train
529,70,3,train
486,49,5,train
375,403,4,train
823,6,5,train
830,94,4,train
545,304,4,train
697,342,4,train
229,78,3,train
65,142,3,train
4,191,4,train
41,411,5,train
551,324,2,train
927,440,5,train
199,81,5,train
768,396,4,train
446,446,4,train
466,525,5,train
850,27,3,train
796,457,4,train
531,463,5,train
518,465,5,train
350,72,3,train
521,36,4,train
877,396,5,train
846,204,5,train
494,502,5,train
938,555,3,train
152,88,1,train
952,407,5,train
692,187,3,train
123,168,5,train
339,26,3,train
537,321,3,train
168,390,4,train
856,31,5,train
490,236,5,train
888,134,4,train
518,553,5,train
493,12,5,train
99,507,5,train
798,350,3,train
178,108,3,train
205,178,5,train
549,279,3,train
525,548,4,train
764,337,4,train
677,31,3,train
954,395,4,train
50,565,3,train
330,129,4,train
959,16,4,train
933,103,2,train
29,284,3,train
160,126,5,train
465,567,3,train
978,239,3,train
520,161,4,train
933,49,2,train
829,405,3,train
398,37,5,train
829,190,4,train
286,50,4,train
474,165,5,train
191,203,5,train
680,592,4,train
568,546,5,train
929,556,1,train
119,593,4,train
901,53,4,train
551,100,5,train
523,96,4,train
447,476,5,train
692,554,3,train
862,594,3,train
503,590,3,train
186,279,5,train
291,270,3,train
391,107,4,train
16,498,4,train
478,281,4,train
446,425,5,train
22,120,5,train
276,510,5,train
674,458,5,train
849,572,5,train
571,424,2,train
873,242,3,train
161,273,2,train
437,239,2,train
472,456,4,train
781,427,5,train
659,245,3,train
955,62,4,train
103,202,3,train
669,115,4,train
779,112,2,train
694,14,4,train
475,53,5,train
957,143,3,train
839,133,3,train
30,102,5,train
605,202,4,train
912,261,4,train
291,381,2,train
827,91,4,train
496,523,5,train
489,560,2,train
908,21,2,train
712,580,3,train
999,153,5,train
516,357,3,train
987,429,3,train
722,231,2,train
521,394,4,train
79,494,3,train
94,9,3,train
631,202,5,train
594,570,5,train
50,396,5,train
327,110,4,train
553,234,5,train
962,271,5,train
804,245,5,train
117,115,3,train
407,93,4,train
65,523,4,train
780,65,4,train
474,576,3,train
192,202,3,train
880,558,5,train
681,202,4,train
387,121,5,train
61,330,3,train
937,429,3,train
901,264,4,train
256,121,2,train
762,543,3,train
622,321,4,train
157,106,4,train
350,443,4,train
177,27,3,train
482,29,5,train
866,337,5,train
712,275,5,train
466,337,5,train
549,581,5,train
615,454,5,train
674,190,5,train
10,270,3,train
136,16,3,train
615,556,4,train
959,358,3,train
294,304,5,train
373,281,5,train
361,371,4,train
895,399,3,train
987,168,3,train
395,323,4,train
381,397,5,train
854,526,3,train
890,429,3,train
468,112,5,train
888,429,3,train
781,318,5,train
452,85,5,train
167,103,5,train
799,276,4,train
332,471,4,train
785,460,4,train
720,421,5,train
188,168,3,train
749,296,3,train
719,564,4,train
829,479,4,train
437,92,5,train
613,473,4,train
545,366,2,train
188,261,3,train
712,110,4,train
904,259,5,train
57,354,4,train
714,222,3,train
531,184,4,train
792,16,5,train
741,194,3,train
624,217,5,train
496,409,3,train
248,558,5,train
482,475,5,train
103,580,5,train
752,464,4,train
138,563,3,train
147,16,5,train
76,476,5,train
862,254,5,train
735,385,3,train
961,168,3,train
957,134,3,train
318,42,3,train
9,558,5,train
712,468,3,train
38,469,3,train
705,70,5,train
375,101,5,train
235,440,5,train
9,513,5,train
900,290,5,train
413,174,5,train
57,15,4,train
251,240,3,train
211,496,3,train
231,110,5,train
442,463,5,train
621,161,5,train
740,115,3,train
654,27,5,train
392,34,4,train
498,106,4,train
113,268,4,train
573,476,5,train
710,429,4,train
20,308,5,train
648,133,5,train
703,121,3,train
519,202,5,train
968,119,4,train
700,135,3,train
656,450,3,train
648,155,3,train
859,429,4,train
778,302,4,train
912,240,5,train
637,330,4,train
352,436,3,train
864,463,5,train
352,252,4,train
441,532,4,train
883,236,5,train
860,22,5,train
565,501,5,train
799,110,3,train
548,25,4,train
335,574,5,train
842,29,5,train
286,361,3,train
585,135,5,train
452,153,3,train
875,109,4,train
413,272,5,train
994,12,4,train
295,323,5,train
298,525,5,train
136,168,3,train
118,168,4,train
199,41,3,train
565,403,5,train
412,137,2,train
799,138,4,train
310,338,4,train
206,576,4,train
989,399,4,train
610,475,5,train
596,94,3,train
697,352,5,train
448,18,4,train
10,429,4,train
15,395,5,train
569,22,3,train
162,410,4,train
187,526,5,train
460,460,4,train
790,432,4,train
395,71,3,train
65,237,5,train
936,536,5,train
68,475,5,train
88,456,4,train
781,161,5,train
628,301,3,train
753,277,3,train
768,320,5,train
950,179,5,train
97,350,3,train
118,41,5,train
686,148,4,train
840,429,3,train
958,127,2,train
384,573,5,train
770,550,2,train
793,114,5,train
813,423,5,train
509,156,4,train
598,473,5,train
531,123,4,train
281,29,5,train
442,85,4,train
299,440,4,train
632,75,5,train
205,503,5,train
41,258,5,train
459,532,4,train
387,88,5,train
382,331,4,train
174,88,3,train
498,567,3,train
809,87,4,train
795,159,4,train
192,244,4,train
920,450,5,train
682,146,3,train
21,518,5,train
100,516,3,train
114,123,5,train
780,155,3,train
856,504,4,train
158,146,4,train
753,116,3,train
395,338,5,train
645,179,4,train
833,100,5,train
19,592,5,train
0,512,5,train
311,582,5,train
329,110,3,train
316,402,4,train
234,446,4,train
478,179,3,train
984,218,4,train
886,178,4,train
65,429,4,train
586,450,5,train
392,553,3,train
144,168,3,train
103,457,5,train
61,153,5,train
779,296,2,train
768,46,4,train
158,168,4,train
286,187,4,train
568,280,3,train
656,586,4,train
432,354,5,train
969,168,4,train
975,396,4,train
268,323,4,train
740,463,4,train
243,535,5,train
537,405,3,train
347,598,5,train
768,134,4,train
923,30,5,train
904,252,5,train
996,293,4,train
849,283,4,train
103,510,4,train
508,504,5,train
428,100,4,train
105,222,3,train
393,312,3,train
535,527,2,train
702,153,4,train
226,317,2,train
271,371,4,train
47,153,4,train
710,178,5,train
628,170,5,train
285,160,5,train
673,271,3,train
65,115,4,train
708,234,3,train
163,348,5,train
803,91,5,train
432,556,3,train
834,436,5,train
13,596,3,train
629,406,5,train
476,409,5,train
42,410,5,train
9,530,1,train
996,564,4,train
220,580,4,train
364,314,5,train
110,524,5,train
954,396,4,train
512,410,4,train
692,444,3,train
276,429,4,train
375,594,4,train
411,77,5,train
523,441,4,train
958,134,2,train
892,480,5,train
404,80,5,train
471,240,3,train
263,196,4,train
653,570,4,train
646,424,4,train
888,402,3,train
93,93,4,train
485,271,4,train
327,46,3,train
422,555,5,train
875,348,4,train
214,527,3,train
361,304,5,train
739,504,4,train
863,409,5,train
312,66,5,train
300,553,5,train
505,249,4,train
367,138,3,train
370,40,4,train
569,302,4,train
587,172,5,train
830,594,1,train
224,429,4,train
267,561,4,train
377,469,3,train
433,350,3,train
420,396,5,train
471,2,2,train
669,495,5,train
215,495,4,train
477,7,4,train
165,245,5,train
802,445,5,train
672,356,4,train
888,196,4,train
597,162,5,train
2,409,5,train
652,234,5,train
393,90,2,train
145,372,5,train
738,464,5,train
418,297,5,train
49,153,5,train
572,249,2,train
459,516,5,train
728,85,4,train
857,330,5,train
618,512,4,train
125,361,3,train
527,29,4,train
587,474,5,train
120,334,4,train
583,546,5,train
444,240,5,train
391,117,1,train
177,300,4,train
226,429,2,train
505,467,3,train
573,163,5,train
546,160,4,train
91,590,3,train
61,571,4,train
459,354,5,train
345,190,4,train
50,208,4,train
240,222,4,train
584,357,5,train
904,83,4,train
975,219,4,train
478,104,5,train
215,358,5,train
398,422,5,train
349,512,5,train
287,330,5,train
217,295,2,train
569,479,4,train
274,399,5,train
781,490,5,train
466,576,4,train
110,588,5,train
660,360,3,train
895,458,3,train
721,330,5,train
497,240,5,train
41,75,5,train
310,63,4,train
880,203,5,train
350,120,4,train
92,518,4,train
863,173,5,train
274,330,5,train
406,261,5,train
502,527,5,train
659,162,5,train
876,215,4,train
934,363,4,train
437,361,5,train
727,416,5,train
422,277,3,train
565,277,2,train
361,593,4,train
915,363,2,train
427,134,4,train
387,63,5,train
740,379,5,train
411,187,3,train
492,471,3,train
724,474,5,train
665,100,5,train
839,110,3,train
970,32,4,train
262,340,5,train
722,51,2,train
610,320,5,train
700,298,5,train
614,518,5,train
411,424,5,train
525,370,5,train
168,105,5,train
901,297,4,train
589,27,4,train
470,61,5,train
22,159,3,train
825,429,4,train
904,588,5,train
934,78,4,train
350,404,3,train
348,498,2,train
772,112,5,train
182,471,4,train
185,322,5,train
495,349,5,train
148,593,3,train
52,194,4,train
707,548,5,train
1,226,5,train
273,349,3,train
16,491,5,train
756,131,5,train
964,376,4,train
592,20,5,train
696,26,5,train
941,214,5,train
138,582,4,train
729,277,5,train
598,90,3,train
967,168,5,train
161,16,4,train
192,386,4,train
785,184,3,train
146,207,3,train
674,264,3,train
11,134,5,train
333,90,4,train
826,439,5,train
208,390,3,train
538,577,5,train
584,553,5,train
350,450,4,train
391,505,4,train
88,131,5,train
747,466,5,train
221,74,3,train
93,358,5,train
10,74,3,train
17,51,4,train
664,271,4,train
127,271,4,train
623,471,5,train
349,130,4,train
550,322,5,train
676,327,4,train
618,82,5,train
722,564,2,train
901,288,4,train
359,31,5,train
489,194,5,train
679,520,4,train
677,124,4,train
44,136,5,train
855,493,5,train
797,114,2,train
89,421,5,train
57,426,5,train
853,112,4,train
233,409,2,train
220,1,5,train
724,429,4,train
144,549,3,train
134,471,4,train
78,346,4,train
232,50,5,train
411,52,3,train
424,525,4,train
938,570,5,train
895,257,5,train
130,429,4,train
556,386,5,train
167,588,5,train
888,211,5,train
704,436,5,train
169,277,3,train
919,536,5,train
669,16,4,train
210,285,4,train
942,261,5,train
796,339,3,train
946,115,2,train
738,90,4,train
425,494,4,train
776,9,4,train
334,146,3,train
23,496,5,train
659,127,3,train
661,303,2,train
154,499,3,train
680,108,5,train
316,318,5,train
478,184,5,train
381,434,1,train
31,598,4,train
32,160,4,train
530,517,5,train
437,490,5,train
768,254,5,train
131,167,4,train
960,148,4,train
38,264,3,train
207,409,5,train
829,571,3,train
891,34,3,train
656,305,5,train
995,567,4,train
338,519,3,train
844,195,3,train
618,94,4,train
799,84,3,train
547,97,4,train
500,330,2,train
127,162,5,train
126,88,2,train
656,105,5,train
561,445,5,train
119,494,5,train
843,73,4,train
682,518,5,train
373,44,5,train
78,361,2,train
212,261,5,train
521,593,4,train
515,202,4,train
515,317,4,train
949,490,5,train
422,47,4,train
618,276,4,train
297,337,5,train
113,148,5,train
749,390,3,train
350,115,4,train
161,293,3,train
462,444,4,train
142,125,3,train
958,323,3,train
547,120,5,train
411,30,5,train
176,6,3,train
128,258,3,train
527,560,5,train
16,126,5,train
841,559,4,train
255,340,5,train
610,484,5,train
357,190,5,train
478,570,4,train
986,8,4,train
625,168,5,train
466,384,5,train
779,574,5,train
282,370,5,train
259,269,4,train
788,317,3,train
461,512,5,train
546,293,3,train
253,202,2,train
41,196,4,train
761,563,4,train
484,80,3,train
175,360,5,train
733,174,4,train
647,330,5,train
687,474,4,train
89,429,5,train
207,116,3,train
768,36,3,train
35,420,3,train
377,304,5,train
829,482,4,train
116,270,4,train
903,495,5,train
77,196,5,train
809,450,5,train
765,236,4,train
295,9,2,train
941,402,3,train
498,363,3,train
868,523,5,train
950,361,3,train
532,471,3,train
432,475,5,train
901,126,5,train
863,264,4,train
379,340,5,train
789,178,5,train
399,401,5,train
895,592,4,train
598,594,5,train
515,217,3,train
21,199,5,train
889,176,4,train
925,360,5,train
883,320,5,train
827,519,2,train
929,33,4,train
105,15,4,train
459,348,5,train
166,46,4,train
477,134,5,train
273,315,3,train
576,278,4,train
341,16,3,train
161,117,4,train
672,134,5,train
191,429,4,train
819,31,5,train
808,16,5,train
171,322,4,train
925,202,5,train
128,412,4,train
57,36,2,train
166,559,4,train
779,581,5,train
767,573,4,train
474,39,2,train
927,112,5,train
950,321,5,train
362,36,5,train
416,574,5,train
223,371,5,train
541,592,5,train
217,261,3,train
335,403,4,train
383,340,5,train
949,401,4,train
235,134,4,train
524,592,3,train
188,293,4,train
861,396,3,train
875,123,5,train
470,168,5,train
829,323,3,train
306,82,5,train
487,480,5,train
623,254,5,train
661,41,5,train
748,593,3,train
160,458,3,train
776,12,4,train
509,235,5,train
208,487,4,train
286,458,5,train
462,505,3,train
209,396,2,train
107,112,5,train
976,293,4,train
482,112,5,train
944,193,5,train
912,549,4,train
475,381,4,train
565,239,1,train
346,574,3,train
978,412,5,train
605,571,3,train
424,368,4,train
477,440,4,train
17,236,4,train
8,347,2,train
478,561,3,train
91,131,5,train
853,317,3,train
578,553,3,train
993,429,4,train
813,299,2,train
277,230,3,train
833,409,5,train
375,504,5,train
204,18,5,train
838,168,2,train
391,125,4,train
161,80,4,train
621,103,5,train
515,444,4,train
232,176,5,train
972,31,5,train
799,460,4,train
553,175,5,train
531,88,3,train
840,524,4,train
41,208,4,train
697,26,5,train
330,396,4,train
615,162,5,train
391,216,4,train
224,57,5,train
933,261,5,train
330,297,5,train
274,203,5,train
103,397,5,train
218,456,5,train
735,215,3,train
648,88,4,train
474,168,2,train
966,232,5,train
491,134,3,train
903,88,4,train
684,571,3,train
838,599,4,train
153,134,5,train
419,564,3,train
450,142,5,train
374,479,5,train
40,124,5,train
979,543,3,train
973,330,5,train
398,1,4,train
413,277,3,train
8,354,3,train
793,128,4,train
49,4,5,train
401,263,4,train
759,227,5,train
117,293,3,train
966,499,4,train
813,556,2,train
964,433,3,train
336,481,4,train
302,83,5,train
477,535,3,train
294,549,5,train
659,288,4,train
29,191,2,train
548,27,4,train
54,30,5,train
50,84,3,train
750,527,4,train
40,100,5,train
113,261,5,train
82,148,5,train
687,594,5,train
889,121,4,train
228,541,4,train
608,557,5,train
206,157,5,train
623,556,3,train
169,330,5,train
247,145,4,train
952,363,4,train
864,356,4,train
858,330,5,train
134,176,5,train
60,145,4,train
892,582,5,train
961,146,4,train
437,168,3,train
617,288,5,train
429,199,3,train
961,558,5,train
961,187,4,train
783,217,5,train
542,506,2,train
761,176,5,train
671,360,5,train
847,49,4,train
943,327,4,train
960,507,4,train
875,464,3,train
974,22,3,train
156,477,5,train
888,496,5,train
591,271,4,train
330,576,5,train
960,574,4,train
335,410,3,train
979,22,4,train
373,370,3,train
857,236,5,train
686,337,4,train
572,326,2,train
790,75,5,train
821,508,4,train
42,330,5,train
437,422,4,train
738,495,4,train
272,280,2,train
242,550,4,train
770,15,4,train
115,376,4,train
463,479,2,train
397,26,5,train
217,428,3,train
649,542,4,train
683,161,5,train
250,15,2,train
22,399,4,train
281,396,4,train
780,49,3,train
553,407,4,train
894,36,3,train
281,56,5,train
511,350,5,train
742,168,3,train
427,556,3,train
231,516,3,train
413,240,5,train
461,108,4,train
293,261,5,train
661,191,4,train
432,123,5,train
239,288,4,train
797,27,4,train
225,336,4,train
192,388,5,train
445,96,5,train
740,188,3,train
279,30,5,train
415,134,3,train
227,570,3,train
382,273,5,train
488,404,5,train
387,49,5,train
749,487,3,train
340,77,5,train
646,168,3,train
864,183,5,train
431,223,3,train
467,443,5,train
810,334,5,train
525,560,3,train
481,594,5,train
904,444,4,train
329,153,5,train
553,583,5,train
283,526,3,train
371,20,3,train
731,531,3,train
761,535,5,train
153,236,3,train
869,217,5,train
904,157,5,train
714,483,5,train
988,36,5,train
175,558,5,train
577,165,5,train
240,357,5,train
248,4,3,train
970,354,5,train
725,120,4,train
360,272,3,train
956,508,5,train
996,69,3,train
502,396,4,train
800,197,3,train
177,347,4,train
762,541,4,train
535,358,4,train
312,428,4,train
531,194,5,train
996,264,2,train
215,36,2,train
457,182,4,train
926,174,4,train
267,475,4,train
306,110,5,train
848,146,4,train
439,337,5,train
249,103,5,train
907,76,5,train
78,576,3,train
850,419,4,train
321,328,5,train
804,31,5,train
194,290,5,train
539,305,5,train
453,338,5,train
676,100,5,train
865,168,4,train
463,166,5,train
109,41,5,train
646,91,5,train
527,330,4,train
188,450,3,train
498,148,5,train
164,240,5,train
550,556,4,train
869,93,4,train
574,235,5,train
578,561,3,train
411,586,5,train
209,104,3,train
470,202,4,train
289,90,2,train
284,202,4,train
676,286,5,train
259,593,5,train
148,143,3,train
678,593,5,train
123,460,5,train
704,358,5,train
34,566,5,train
114,295,4,train
78,27,4,train
605,239,3,train
736,27,4,train
318,553,5,train
727,556,3,train
72,8,5,train
297,566,5,train
829,517,4,train
188,50,2,train
0,240,5,train
888,396,3,train
571,361,3,train
379,395,4,train
707,535,3,train
945,219,5,train
413,62,5,train
469,543,4,train
180,279,4,train
563,279,4,train
289,208,5,train
405,264,3,train
904,357,5,train
103,145,3,train
283,142,2,train
521,321,5,train
432,550,5,train
22,208,5,train
650,8,4,train
548,504,4,train
32,574,4,train
670,29,5,train
392,450,4,train
576,146,5,train
725,553,5,train
678,161,5,train
437,75,5,train
10,571,4,train
393,396,2,train
926,143,5,train
888,21,5,train
649,582,4,train
946,281,5,train
342,303,3,train
205,532,4,train
313,198,5,train
46,444,4,train
211,20,3,train
752,516,5,train
384,90,5,train
358,348,4,train
971,180,5,train
774,446,5,train
16,419,4,train
427,280,4,train
649,52,4,train
738,168,3,train
94,506,4,train
902,176,5,train
593,546,4,train
908,129,1,train
176,282,3,train
588,101,2,train
583,232,5,train
350,103,4,train
573,325,5,train
579,279,5,train
623,543,4,train
927,16,5,train
930,309,3,train
785,574,5,train
612,330,5,train
918,592,5,train
654,504,5,train
800,399,5,train
321,271,5,train
913,475,5,train
158,363,4,train
833,560,4,train
888,138,3,train
414,409,1,train
777,277,5,train
462,288,4,train
910,14,5,train
993,456,5,train
682,290,5,train
569,133,5,train
569,541,3,train
150,90,3,train
510,239,4,train
217,182,5,train
649,176,4,train
411,450,4,train
361,457,5,train
10,536,4,train
259,490,4,train
829,590,3,train
323,475,4,train
981,556,4,train
541,50,4,train
600,358,5,train
836,588,5,train
797,590,3,train
93,585,4,train
728,422,4,train
350,319,5,train
696,470,3,train
135,168,3,train
896,157,3,train
201,496,3,train
192,75,5,train
245,318,4,train
782,474,5,train
695,504,5,train
123,396,5,train
844,280,5,train
396,33,4,train
413,380,4,train
689,288,5,train
48,236,1,train
843,429,4,train
178,266,4,train
550,142,3,train
974,360,5,train
537,576,3,train
617,323,2,train
437,560,5,train
761,293,4,train
862,475,5,train
75,41,3,train
573,599,3,train
618,396,1,train
96,570,3,train
789,141,4,train
916,344,5,train
267,232,4,train
901,383,5,train
235,91,3,train
437,76,5,train
267,36,2,train
49,254,5,train
926,482,4,train
792,25,3,train
607,317,5,train
799,521,4,train
270,313,3,train
849,293,4,train
768,354,5,train
197,105,5,train
533,337,5,train
714,588,4,train
547,335,4,train
267,574,4,train
103,490,3,train
73,583,5,train
820,23,4,train
755,474,3,train
510,102,5,train
131,243,5,train
393,224,4,train
84,465,3,train
957,495,3,train
535,354,5,train
797,395,5,train
952,88,3,train
800,162,5,train
94,475,3,train
808,264,1,train
61,484,5,train
695,173,3,train
634,30,5,train
460,9,3,train
255,290,5,train
439,301,5,train
782,420,5,train
121,205,4,train
420,123,5,train
283,234,3,train
896,180,3,train
490,475,5,train
211,240,5,train
495,219,3,train
8,239,4,train
966,173,5,train
209,391,5,train
250,546,3,train
727,582,5,train
779,553,4,train
855,337,4,train
225,123,4,train
190,429,3,train
458,155,3,train
191,100,4,train
769,102,5,train
286,236,5,train
152,325,5,train
771,381,4,train
582,389,4,train
828,490,5,train
999,320,5,train
768,270,2,train
428,436,5,train
89,2,5,train
649,503,3,train
934,471,3,train
437,541,3,train
387,58,3,train
635,168,2,train
688,259,3,train
657,337,5,train
330,564,2,train
196,435,5,train
759,594,4,train
652,113,4,train
302,535,3,train
418,558,4,train
537,16,5,train
926,571,5,train
277,296,5,train
977,26,5,train
439,354,5,train
949,323,5,train
185,222,2,train
315,159,4,train
719,124,5,train
771,320,5,train
359,321,4,train
335,550,5,train
378,26,3,train
540,277,3,train
920,550,5,train
188,463,4,train
956,217,4,train
748,1,5,train
405,304,4,train
205,201,3,train
425,225,5,train
899,572,5,train
677,146,3,train
33,361,4,train
221,264,3,train
516,572,4,train
407,594,2,train
765,457,3,train
696,29,4,train
61,103,5,train
302,2,5,train
9,202,5,train
113,196,4,train
209,356,2,train
10,185,4,train
407,404,5,train
339,558,5,train
728,330,3,train
103,57,1,train
342,578,5,train
830,142,3,train
780,403,4,train
700,436,5,train
411,455,3,train
829,31,5,train
420,167,4,train
314,293,3,train
904,66,4,train
72,345,2,train
413,549,5,train
722,181,3,train
19,336,5,train
112,147,3,train
139,112,4,train
218,230,3,train
411,281,5,train
659,524,5,train
434,19,3,train
424,12,4,train
21,22,3,train
436,261,5,train
28,585,3,train
238,9,3,train
856,556,1,train
926,392,3,train
17,598,5,train
340,143,2,train
163,523,3,train
576,123,5,train
563,252,5,train
61,236,5,train
478,87,5,train
356,202,5,train
713,94,5,train
172,546,4,train
436,467,3,train
484,338,3,train
587,526,5,train
502,190,5,train
891,359,4,train
158,392,5,train
487,330,4,train
60,173,5,train
812,93,2,train
409,556,5,train
71,301,4,train
133,124,5,train
473,495,5,train
389,188,2,train
254,42,3,train
288,94,5,train
814,427,5,train
569,338,3,train
546,457,5,train
830,240,4,train
580,15,4,train
872,595,5,train
208,303,5,train
111,516,5,train
515,178,5,train
21,162,5,train
192,234,4,train
769,306,3,train
419,199,3,train
131,180,4,train
545,507,5,train
613,465,5,train
353,465,5,train
782,527,5,train
470,560,3,train
833,117,4,train
316,65,5,train
326,459,3,train
740,176,3,train
174,91,3,train
563,25,5,train
885,367,5,train
602,323,4,train
785,357,2,train
132,261,3,train
223,429,3,train
815,271,5,train
13,88,4,train
84,21,5,train
768,53,4,train
574,463,5,train
607,474,5,train
455,338,3,train
384,206,3,train
41,529,4,train
477,572,4,train
981,211,5,train
100,272,4,train
504,74,1,train
569,261,4,train
902,323,5,train
785,16,5,train
362,176,5,train
205,403,2,train
158,93,3,train
386,131,3,train
1,218,4,train
822,474,4,train
267,22,5,train
66,112,5,train
359,160,4,train
393,155,4,train
391,460,2,train
394,588,5,train
437,336,5,train
786,429,3,train
477,474,3,train
926,324,4,train
829,43,2,train
654,264,4,train
830,105,5,train
841,272,5,train
422,90,4,train
659,268,4,train
896,350,3,train
866,448,4,train
175,15,3,train
946,30,5,train
22,570,2,train
40,450,3,train
541,475,5,train
674,555,3,train
768,187,3,train
963,429,3,train
744,36,4,train
668,398,5,train
51,305,4,train
309,208,4,train
124,281,5,train
175,419,4,train
655,323,5,train
173,296,4,train
795,325,5,train
446,100,4,train
121,181,5,train
325,165,4,train
987,504,4,train
464,579,4,train
446,234,5,train
184,134,5,train
847,338,3,train
722,101,5,train
886,377,5,train
224,450,5,train
120,234,5,train
950,442,3,train
807,180,5,train
4,254,4,train
87,429,2,train
890,178,4,train
541,116,5,train
537,505,2,train
340,474,5,train
839,429,4,train
310,110,3,train
880,330,5,train
290,396,2,train
411,371,3,train
410,168,4,train
461,301,3,train
188,119,4,train
664,504,2,train
0,592,4,train
631,464,4,train
993,88,5,train
679,379,3,train
355,88,2,train
121,196,5,train
572,165,5,train
63,371,4,train
516,61,3,train
358,301,4,train
217,120,5,train
740,385,5,train
29,240,4,train
362,12,3,train
375,340,4,train
59,564,5,train
967,317,4,train
859,305,2,train
512,519,5,train
892,206,5,train
417,302,3,train
816,446,5,train
967,104,5,train
417,163,5,train
499,479,4,train
32,252,2,train
57,121,4,train
746,219,5,train
154,530,2,train
277,120,4,train
568,338,4,train
599,274,4,train
754,396,2,train
787,75,4,train
596,76,5,train
92,91,5,train
680,500,5,train
256,596,4,train
661,442,3,train
950,453,4,train
98,330,5,train
490,318,5,train
909,574,5,train
207,195,5,train
550,2,5,train
59,326,5,train
510,585,3,train
175,187,4,train
20,504,5,train
996,560,3,train
768,225,5,train
825,156,3,train
427,206,4,train
229,229,5,train
150,525,5,train
32,237,3,train
847,557,5,train
175,311,4,train
970,189,5,train
433,115,3,train
391,264,2,train
477,334,5,train
485,188,4,train
606,200,2,train
391,348,4,train
725,240,3,train
704,548,2,train
713,549,5,train
515,429,4,train
285,567,5,train
115,597,5,train
523,90,3,train
152,597,5,train
572,336,4,train
154,317,1,train
785,599,3,train
577,401,5,train
741,41,5,train
935,410,3,train
550,168,5,train
405,512,5,train
783,598,4,train
498,115,3,train
78,140,3,train
221,202,3,train
595,134,5,train
361,535,3,train
912,207,3,train
571,10,4,train
175,142,4,train
147,26,5,train
191,576,4,train
495,88,5,train
419,596,2,train
450,176,5,train
358,236,4,train
512,384,5,train
617,464,4,train
998,161,3,train
247,131,4,train
145,294,5,train
672,94,4,train
649,556,3,train
212,7,5,train
833,48,4,train
121,469,4,train
626,279,4,train
523,323,4,train
405,235,4,train
418,197,5,train
596,428,4,train
516,217,5,train
187,145,4,train
955,361,4,train
863,277,3,train
215,109,3,train
769,406,3,train
427,240,4,train
870,264,5,train
558,436,5,train
995,49,5,train
946,124,5,train
11,10,4,train
336,8,4,train
673,543,1,train
553,208,2,train
334,354,4,train
288,566,3,train
896,277,3,train
905,2,5,train
387,240,5,train
142,145,5,train
209,8,2,train
824,337,5,train
66,56,5,train
203,148,5,train
21,2,5,train
560,330,3,train
980,504,5,train
206,582,5,train
217,259,3,train
950,80,4,train
664,480,5,train
359,123,5,train
947,202,4,train
300,30,3,train
863,161,5,train
591,29,4,train
502,490,3,train
323,138,4,train
83,458,5,train
146,570,3,train
74,153,5,train
578,509,5,train
652,92,5,train
5,512,5,train
596,293,4,train
992,464,5,train
150,46,3,train
417,293,3,train
93,390,4,train
69,202,4,train
99,202,5,train
638,495,3,train
872,248,5,train
722,572,4,train
841,409,4,train
302,244,5,train
40,396,2,train
56,297,4,train
650,445,5,train
602,321,5,train
913,450,5,train
754,46,5,train
498,121,3,train
607,216,5,train
343,495,3,train
642,90,2,train
654,573,3,train
387,549,4,train
722,262,5,train
847,70,3,train
757,276,5,train
741,56,3,train
206,279,5,train
138,411,4,train
490,12,5,train
1,235,4,train
926,94,5,train
767,361,2,train
471,279,5,train
957,75,5,train
781,312,4,train
847,100,5,train
950,589,5,train
873,377,3,train
517,252,4,train
226,436,4,train
729,48,3,train
437,46,4,train
685,148,5,train
429,407,3,train
875,396,2,train
584,444,4,train
192,363,3,train
580,16,4,train
509,421,5,train
872,475,5,train
338,264,2,train
426,469,3,train
979,348,5,train
699,89,5,train
468,273,5,train
66,34,4,train
828,115,4,train
863,574,3,train
831,16,5,train
577,202,3,train
141,360,5,train
282,51,3,train
157,279,5,train
548,516,5,train
194,43,3,train
889,261,5,train
9,180,5,train
467,25,2,train
722,394,4,train
797,580,5,train
65,264,3,train
66,17,4,train
547,340,2,train
935,572,5,train
198,100,5,train
93,105,5,train
858,549,4,train
695,49,5,train
324,506,3,train
406,512,5,train
163,202,5,train
654,178,4,train
423,246,3,train
41,318,5,train
31,90,4,train
720,168,3,train
166,42,2,train
755,202,2,train
972,87,2,train
238,239,2,train
955,236,3,train
949,18,4,train
785,314,4,train
766,354,5,train
537,240,4,train
509,460,4,train
549,303,3,train
491,217,5,train
116,110,5,train
372,146,4,train
24,582,3,train
241,458,5,train
950,206,4,train
976,99,4,train
763,213,5,train
676,566,5,train
785,29,5,train
793,42,2,train
136,190,5,train
561,361,3,train
889,82,5,train
754,338,4,train
722,576,2,train
970,592,5,train
601,112,4,train
888,237,4,train
69,261,5,train
669,330,3,train
286,264,4,train
436,125,4,train
314,151,4,train
681,192,5,train
798,196,2,train
568,31,4,train
168,115,4,train
553,35,2,train
850,225,5,train
389,162,5,train
124,252,4,train
861,29,5,train
889,550,3,train
854,511,5,train
22,194,5,train
319,288,5,train
369,131,3,train
516,401,5,train
652,400,5,train
423,549,4,train
969,465,5,train
934,287,4,train
487,335,4,train
964,168,4,train
210,582,2,train
61,225,5,train
700,110,3,train
90,368,5,train
596,429,3,train
325,176,4,train
810,438,5,train
138,172,4,train
661,120,5,train
293,337,4,train
659,258,3,train
926,296,2,train
575,514,3,train
169,106,3,train
700,196,4,train
901,496,5,train
362,275,4,train
283,453,2,train
174,488,3,train
150,540,5,train
110,280,5,train
416,10,5,train
277,100,4,train
960,176,3,train
358,188,4,train
874,206,5,train
50,112,5,train
547,264,4,train
789,42,5,train
887,236,5,train
48,457,2,train
606,23,5,train
80,126,3,train
970,264,4,train
177,125,4,train
846,521,4,train
634,594,5,train
962,174,3,train
134,190,5,train
495,379,5,train
393,442,2,train
356,588,5,train
649,577,4,train
797,129,5,train
155,236,5,train
10,115,3,train
96,502,5,train
749,502,3,train
794,216,5,train
755,143,5,train
741,548,5,train
249,511,5,train
391,572,4,train
888,374,2,train
25,78,5,train
13,279,3,train
103,29,5,train
887,471,4,train
398,396,3,train
284,261,4,train
407,126,3,train
525,272,5,train
572,484,5,train
538,556,2,train
393,202,3,train
565,429,3,train
182,16,5,train
880,350,3,train
478,582,5,train
528,120,5,train
292,133,3,train
652,467,5,train
949,92,5,train
580,83,3,train
449,155,3,train
690,42,5,train
350,374,3,train
539,134,5,train
113,178,5,train
733,87,4,train
807,548,5,train
370,480,4,train
309,20,4,train
978,490,5,train
149,295,4,train
870,548,4,train
458,16,5,train
161,397,4,train
750,474,4,train
188,53,4,train
710,366,3,train
517,386,5,train
637,449,3,train
318,330,5,train
47,470,2,train
211,179,5,train
161,194,5,train
581,234,5,train
496,334,5,train
393,290,5,train
960,357,2,train
423,533,4,train
560,10,4,train
541,9,3,train
637,429,4,train
521,1,3,train
589,106,5,train
307,579,4,train
715,9,4,train
707,558,5,train
981,555,2,train
512,547,5,train
630,358,5,train
887,320,4,train
69,94,5,train
820,361,4,train
970,565,4,train
143,437,4,train
867,139,4,train
878,460,4,train
250,279,2,train
628,396,4,train
189,392,3,train
393,52,3,train
675,491,4,train
513,167,2,train
613,168,5,train
932,72,5,train
255,217,5,train
553,25,3,train
14,378,5,train
118,179,4,train
825,360,4,train
403,222,4,train
150,22,4,train
247,596,3,train
157,329,4,train
122,253,4,train
210,245,3,train
346,301,5,train
340,101,5,train
57,134,4,train
471,527,5,train
740,429,4,train
161,104,4,train
640,536,5,train
356,309,4,train
206,240,3,train
824,356,3,train
512,525,5,train
335,194,5,train
404,309,5,train
208,396,2,train
521,162,4,train
779,457,4,train
722,323,3,train
996,85,4,train
786,596,5,train
752,216,5,train
189,561,4,train
454,593,5,train
799,541,5,train
861,549,2,train
267,274,4,train
813,337,2,train
788,510,4,train
706,1,4,train
266,191,5,train
163,574,4,train
888,350,2,train
712,445,4,train
569,281,1,train
881,179,4,train
134,103,5,train
422,159,5,train
16,297,5,train
569,73,4,train
46,259,5,train
716,408,4,train
888,36,2,train
913,471,3,train
93,301,4,train
356,94,3,train
446,473,3,train
568,187,5,train
835,53,4,train
219,598,4,train
143,168,2,train
446,78,3,train
560,73,5,train
542,383,3,train
375,465,1,train
679,471,3,train
588,42,4,train
771,346,5,train
650,327,2,train
393,165,5,train
341,399,4,train
653,237,4,train
768,57,3,train
759,77,5,train
411,120,5,train
373,20,5,train
830,353,3,train
127,420,3,train
953,356,3,train
658,234,5,train
749,354,5,train
175,276,5,train
946,70,3,train
392,230,4,train
749,239,3,train
320,409,5,train
161,41,5,train
427,15,3,train
944,176,5,train
340,270,5,train
904,1,5,train
177,597,3,train
338,363,4,train
800,91,5,train
231,304,5,train
689,593,4,train
169,545,5,train
412,359,4,train
936,396,5,train
72,238,4,train
62,67,5,train
57,87,5,train
926,272,4,train
820,321,5,train
797,504,5,train
608,453,4,train
755,543,2,train
117,554,3,train
970,365,3,train
800,592,4,train
740,112,4,train
613,239,3,train
251,474,2,train
623,383,5,train
654,390,3,train
403,176,2,train
901,196,5,train
409,190,4,train
831,8,5,train
544,578,4,train
478,428,5,train
335,107,2,train
105,340,5,train
518,582,3,train
993,87,5,train
929,342,3,train
732,350,4,train
208,323,3,train
569,239,2,train
423,550,5,train
157,234,5,train
207,168,3,train
514,427,5,train
696,129,5,train
538,66,5,train
722,270,4,train
272,594,5,train
765,36,3,train
780,76,5,train
491,517,3,train
157,559,5,train
257,341,2,train
328,549,2,train
282,549,5,train
60,276,3,train
917,160,5,train
797,123,5,train
249,312,4,train
224,0,3,train
34,570,3,train
46,30,4,train
39,168,5,train
825,592,4,train
572,393,5,train
545,198,5,train
975,576,3,train
402,444,5,train
160,368,5,train
515,153,5,train
267,88,4,train
834,91,5,train
745,176,5,train
799,339,3,train
224,254,5,train
811,49,5,train
586,579,4,train
163,345,4,train
914,595,4,train
483,202,5,train
162,268,4,train
319,112,5,train
532,337,5,train
896,297,5,train
714,482,5,train
861,134,5,train
989,471,3,train
478,425,2,train
870,336,5,train
71,436,5,train
673,386,4,train
670,134,5,train
276,438,5,train
168,440,5,train
562,463,5,train
360,31,5,train
276,196,4,train
22,387,4,train
788,71,3,train
41,175,5,train
52,202,4,train
484,115,4,train
342,450,5,train
740,354,3,train
488,252,3,train
829,345,5,train
802,124,5,train
151,18,3,train
780,136,3,train
471,94,3,train
521,202,5,train
755,487,4,train
72,471,3,train
800,524,5,train
661,157,5,train
779,110,2,train
925,330,5,train
779,424,5,train
625,1,5,train
750,93,5,train
683,347,4,train
409,310,3,train
934,442,3,train
749,261,2,train
460,570,2,train
839,517,5,train
964,118,3,train
50,199,1,train
548,38,4,train
654,8,5,train
870,240,4,train
789,88,5,train
903,532,2,train
657,217,5,train
929,361,3,train
502,480,5,train
535,103,5,train
418,548,3,train
720,162,5,train
907,546,4,train
444,457,5,train
740,504,4,train
981,165,5,train
376,261,5,train
276,29,5,train
780,195,4,train
964,553,4,train
305,594,5,train
940,240,3,train
507,391,4,train
165,409,5,train
420,293,2,train
664,279,5,train
267,498,4,train
128,416,5,train
90,14,5,train
174,102,3,train
722,188,3,train
673,517,4,train
961,277,3,train
659,553,5,train
309,148,4,train
680,321,4,train
251,480,1,train
495,85,3,train
240,524,5,train
780,295,3,train
926,112,4,train
686,222,3,train
251,482,5,train
829,32,2,train
722,586,5,train
8,502,3,train
591,283,5,train
432,293,4,train
120,75,5,train
296,429,3,train
734,231,5,train
5,205,3,train
755,19,4,train
985,479,4,train
219,145,5,train
738,535,5,train
161,463,5,train
225,506,4,train
714,558,4,train
913,165,2,train
350,305,5,train
982,211,5,train
325,336,3,train
316,522,5,train
417,574,5,train
598,205,4,train
358,282,3,train
82,340,4,train
672,200,5,train
474,22,4,train
174,239,3,train
582,399,5,train
217,28,3,train
93,465,3,train
770,172,4,train
681,135,5,train
468,519,5,train
719,436,5,train
433,517,3,train
132,92,3,train
70,138,4,train
661,596,3,train
789,429,4,train
692,90,3,train
161,505,4,train
474,15,4,train
515,535,5,train
37,519,5,train
956,518,4,train
405,457,5,train
862,320,3,train
895,504,5,train
251,259,5,train
548,222,4,train
813,432,4,train
38,396,4,train
748,564,4,train
745,561,3,train
77,100,4,train
768,129,4,train
896,508,4,train
648,557,5,train
30,281,3,train
752,354,5,train
72,475,5,train
24,360,3,train
686,238,5,train
4,10,5,train
358,123,5,train
119,29,5,train
358,583,3,train
768,579,3,train
117,397,3,train
704,41,5,train
912,23,4,train
103,42,5,train
945,42,5,train
777,358,5,train
672,442,4,train
931,196,5,train
200,254,5,train
351,262,5,train
805,19,4,train
494,102,3,train
596,82,4,train
730,231,3,train
102,242,3,train
666,389,4,train
961,531,5,train
946,445,4,train
827,230,4,train
647,170,2,train
437,505,4,train
550,517,5,train
97,87,3,train
471,582,5,train
370,261,5,train
157,493,5,train
168,29,5,train
17,359,4,train
877,485,5,train
858,76,5,train
648,198,5,train
187,304,5,train
416,330,3,train
790,6,4,train
11,356,3,train
103,538,3,train
888,16,5,train
229,377,3,train
90,239,3,train
38,532,5,train
748,376,5,train
64,222,5,train
779,100,3,train
722,260,3,train
881,536,5,train
961,440,3,train
548,134,4,train
8,490,3,train
276,26,4,train
221,518,5,train
858,454,5,train
904,88,3,train
30,356,3,train
462,322,5,train
160,466,4,train
810,240,3,train
693,340,4,train
490,175,3,train
857,126,5,train
379,318,5,train
896,457,4,train
697,330,2,train
577,517,3,train
181,429,3,train
961,257,4,train
806,201,5,train
102,504,5,train
369,315,4,train
47,240,3,train
0,419,3,train
209,475,5,train
64,194,5,train
879,283,5,train
215,295,3,train
697,337,3,train
860,462,5,train
191,468,4,train
340,463,4,train
166,441,3,train
211,397,4,train
273,328,5,train
920,84,4,train
87,103,5,train
854,593,5,train
712,442,5,train
200,72,4,train
735,185,3,train
882,37,5,train
330,16,5,train
418,100,5,train
950,29,3,train
316,178,3,train
798,151,5,train
787,191,4,train
270,239,3,train
505,275,3,train
83,566,5,train
165,110,4,train
336,582,4,train
158,429,4,train
421,350,4,train
442,80,4,train
188,71,3,train
232,36,4,train
450,504,3,train
997,429,3,train
321,8,4,train
824,98,3,train
313,88,5,train
950,572,5,train
819,168,2,train
792,543,2,train
867,239,2,train
445,436,5,train
504,588,5,train
513,292,4,train
803,464,3,train
554,350,3,train
759,377,4,train
128,444,5,train
83,542,5,train
669,429,3,train
584,304,5,train
672,15,5,train
322,124,5,train
783,556,4,train
636,190,5,train
501,239,4,train
110,320,4,train
607,361,4,train
103,75,4,train
685,306,3,train
704,361,3,train
70,277,4,train
72,180,3,train
392,485,5,train
35,554,4,train
0,599,4,train
343,582,5,train
218,380,5,train
624,273,5,train
163,39,4,train
735,234,5,train
495,396,2,train
921,280,5,train
342,255,4,train
993,508,1,train
665,596,4,train
266,342,3,train
553,247,4,train
205,38,4,train
682,273,5,train
103,237,3,train
767,289,3,train
40,590,4,train
496,440,5,train
748,444,3,train
745,429,4,train
43,429,3,train
781,119,5,train
119,484,3,train
1,198,5,train
162,594,5,train
241,457,5,train
522,354,4,train
500,336,4,train
823,229,5,train
490,598,5,train
172,483,5,train
79,356,2,train
437,427,3,train
940,272,5,train
501,535,5,train
48,588,5,train
779,30,5,train
196,29,3,train
166,5,2,train
110,465,5,train
697,494,5,train
88,463,5,train
434,549,5,train
99,207,5,train
733,539,3,train
2,502,4,train
881,146,3,train
523,358,4,train
356,553,5,train
161,285,4,train
231,115,3,train
697,582,3,train
191,386,5,train
156,142,4,train
251,444,5,train
175,475,4,train
872,73,4,train
433,475,3,train
161,327,2,train
471,427,3,train
477,41,4,train
57,563,4,train
154,312,4,train
998,505,3,train
221,321,3,train
558,277,4,train
117,556,3,train
959,330,3,train
583,153,4,train
666,309,5,train
387,147,5,train
244,12,5,train
898,45,5,train
970,153,5,train
224,363,4,train
413,293,4,train
459,146,3,train
712,375,4,train
707,386,4,train
259,538,4,train
395,206,4,train
533,429,4,train
451,572,5,train
701,596,4,train
57,381,3,train
799,278,4,train
428,55,4,train
224,350,3,train
103,518,4,train
90,108,4,train
361,174,4,train
558,97,4,train
353,588,5,train
716,264,2,train
755,111,4,train
221,30,5,train
861,38,4,train
66,319,5,train
123,523,5,train
480,172,5,train
577,92,3,train
177,356,3,train
918,588,5,train
573,7,5,train
883,343,4,train
577,124,4,train
31,103,3,train
418,279,5,train
767,396,4,train
974,296,5,train
985,304,5,train
817,279,3,train
621,124,5,train
290,316,4,train
745,297,5,train
65,105,5,train
367,202,5,train
443,330,3,train
306,546,5,train
112,520,3,train
658,92,5,train
562,30,4,train
334,524,3,train
741,172,5,train
735,396,4,train
160,364,4,train
490,258,4,train
774,574,4,train
209,70,4,train
739,321,4,train
16,493,5,train
273,143,3,train
896,219,5,train
966,30,3,train
339,168,4,train
398,372,5,train
109,506,5,train
484,523,4,train
768,103,5,train
513,484,5,train
682,118,4,train
204,30,5,train
725,16,4,train
838,234,5,train
175,310,4,train
370,473,5,train
283,287,5,train
3,42,4,train
229,421,5,train
243,294,5,train
875,517,4,train
352,330,5,train
302,235,4,train
269,277,3,train
940,550,4,train
486,70,3,train
833,110,4,train
288,465,5,train
811,416,3,train
730,392,5,train
429,465,5,train
776,168,4,train
965,330,5,train
141,408,5,train
431,297,2,train
727,490,4,train
102,461,5,train
91,41,5,train
829,56,4,train
790,62,5,train
820,594,3,train
674,160,5,train
75,143,5,train
150,343,5,train
500,548,5,train
941,26,5,train
214,264,2,train
147,396,5,train
175,293,4,train
794,429,3,train
880,229,5,train
183,116,4,train
967,126,5,train
820,503,4,train
880,284,4,train
568,330,5,train
303,79,4,train
721,65,3,train
288,102,5,train
835,391,5,train
764,202,5,train
323,336,5,train
882,566,3,train
658,106,5,train
755,365,5,train
861,129,5,train
800,0,5,train
314,572,4,train
427,399,3,train
265,15,4,train
88,401,3,train
401,27,4,train
790,495,3,train
521,570,5,train
569,218,4,train
975,198,5,train
642,29,2,train
324,105,5,train
10,363,4,train
426,476,5,train
142,245,5,train
389,76,5,train
510,277,4,train
45,239,3,train
46,524,5,train
191,69,5,train
780,556,4,train
648,116,3,train
505,543,4,train
700,120,4,train
67,20,3,train
636,160,5,train
386,407,3,train
954,471,3,train
113,112,4,train
850,542,4,train
189,404,4,train
498,496,5,train
215,82,5,train
36,594,4,train
215,272,3,train
339,330,5,train
712,194,5,train
805,309,4,train
312,168,3,train
57,283,5,train
755,503,5,train
617,536,5,train
255,547,5,train
978,88,5,train
478,231,4,train
537,350,1,train
20,49,4,train
65,510,4,train
812,374,4,train
478,444,4,train
771,374,4,train
384,350,2,train
680,155,5,train
654,336,4,train
505,589,3,train
700,549,3,train
405,424,5,train
582,429,4,train
207,596,4,train
480,26,3,train
215,460,4,train
672,531,4,train
284,433,3,train
47,196,5,train
150,444,3,train
796,484,4,train
609,570,5,train
125,116,5,train
219,240,3,train
729,444,5,train
418,460,3,train
780,153,3,train
895,82,2,train
975,56,3,train
223,377,4,train
282,255,3,train
828,548,4,train
822,89,4,train
750,76,2,train
350,363,4,train
48,162,5,train
190,117,1,train
376,290,3,train
790,279,2,train
342,18,4,train
72,410,4,train
127,389,3,train
882,7,5,train
653,491,4,train
897,580,4,train
283,218,4,train
291,315,4,train
810,555,3,train
346,450,5,train
602,49,4,train
329,78,4,train
776,552,5,train
418,463,5,train
289,194,5,train
157,498,4,train
662,26,5,train
396,23,5,train
359,556,2,train
265,309,5,train
553,123,2,train
441,508,5,train
795,194,4,train
786,112,2,train
970,236,5,train
877,131,4,train
319,314,4,train
716,473,4,train
603,489,3,train
20,499,4,train
91,190,4,train
873,363,3,train
313,19,5,train
204,264,4,train
350,194,5,train
654,298,5,train
248,357,4,train
337,239,2,train
384,337,5,train
346,236,5,train
204,281,5,train
650,312,4,train
664,477,5,train
319,210,4,train
63,530,3,train
387,297,4,train
819,116,5,train
578,433,2,train
191,248,5,train
424,419,2,train
947,549,5,train
593,202,5,train
677,204,5,train
78,160,5,train
213,549,5,train
792,134,5,train
716,436,3,train
856,594,5,train
122,0,5,train
974,203,5,train
738,27,5,train
824,234,3,train
151,153,2,train
485,263,4,train
424,370,5,train
160,194,3,train
550,399,5,train
418,252,5,train
463,429,3,train
341,253,5,train
113,496,4,train
500,404,5,train
196,525,4,train
380,17,3,train
118,428,5,train
400,22,5,train
671,376,5,train
789,437,5,train
192,395,4,train
404,88,5,train
236,385,5,train
321,229,5,train
918,354,5,train
251,187,4,train
380,338,4,train
146,557,5,train
882,570,5,train
741,199,2,train
157,153,3,train
482,134,5,train
60,261,3,train
972,49,5,train
370,276,5,train
950,207,5,train
456,372,5,train
522,536,5,train
313,549,5,train
650,541,3,train
826,173,5,train
7,350,4,train
863,80,5,train
706,558,4,train
240,550,5,train
184,121,4,train
906,388,3,train
19,158,3,train
813,330,3,train
523,585,4,train
505,247,3,train
799,250,2,train
267,368,2,train
787,168,4,train
325,16,5,train
41,488,4,train
740,200,5,train
29,558,5,train
759,445,5,train
654,496,4,train
728,429,3,train
419,452,1,train
405,208,4,train
208,30,3,train
880,180,5,train
972,271,4,train
493,593,5,train
839,591,5,train
374,128,5,train
591,11,5,train
469,379,4,train
5,10,5,train
829,523,4,train
515,234,4,train
306,26,2,train
495,487,3,train
94,479,3,train
916,155,5,train
913,571,4,train
495,159,4,train
945,396,5,train
235,261,4,train
101,260,5,train
515,126,5,train
504,152,2,train
784,467,2,train
219,192,5,train
937,399,3,train
680,317,3,train
89,546,5,train
697,105,5,train
73,115,4,train
20,524,5,train
2,121,4,train
564,321,5,train
211,321,5,train
104,396,4,train
200,153,5,train
144,558,5,train
43,553,5,train
65,540,5,train
961,202,4,train
167,592,5,train
904,226,4,train
181,29,3,train
891,424,5,train
788,30,5,train
722,309,2,train
849,280,5,train
400,347,5,train
716,524,5,train
571,557,5,train
849,108,4,train
975,333,3,train
392,536,5,train
103,26,5,train
755,517,4,train
427,317,4,train
148,296,4,train
801,372,5,train
738,354,5,train
66,573,4,train
754,387,3,train
292,429,4,train
218,80,5,train
420,8,3,train
719,444,4,train
405,240,5,train
389,78,3,train
303,553,5,train
252,552,3,train
402,580,5,train
6,245,5,train
386,146,3,train
32,194,4,train
400,588,4,train
265,133,5,train
975,562,4,train
429,261,4,train
369,447,3,train
545,42,5,train
375,148,4,train
72,281,4,train
377,487,5,train
621,358,5,train
148,471,4,train
122,524,5,train
732,556,1,train
523,106,4,train
722,463,5,train
268,199,4,train
697,8,3,train
130,100,5,train
63,370,5,train
659,576,1,train
251,453,4,train
41,330,5,train
533,283,5,train
539,330,3,train
356,538,5,train
696,576,3,train
470,271,4,train
211,337,4,train
134,323,3,train
453,467,2,train
66,202,3,train
17,115,2,train
731,285,3,train
671,531,5,train
712,498,4,train
649,22,4,train
521,293,3,train
887,429,3,train
754,590,4,train
408,185,5,train
860,427,5,train
194,287,5,train
336,239,3,train
341,558,5,train
851,7,5,train
129,342,4,train
561,457,5,train
830,506,4,train
608,449,3,train
977,188,4,train
225,109,2,train
846,592,3,train
800,248,4,train
131,541,5,train
826,167,4,train
189,142,2,train
357,100,3,train
787,52,3,train
640,429,3,train
528,276,5,train
609,398,5,train
495,527,5,train
730,194,5,train
837,464,3,train
504,279,3,train
11,428,3,train
853,225,5,train
623,516,5,train
760,87,4,train
220,197,4,train
361,464,5,train
237,31,5,train
211,354,3,train
360,206,5,train
427,283,5,train
541,176,5,train
835,576,2,train
248,112,5,train
704,556,3,train
548,103,5,train
67,463,4,train
148,398,5,train
675,208,4,train
163,566,4,train
245,309,4,train
569,53,2,train
916,389,3,train
1,202,4,train
578,484,4,train
896,367,4,train
27,429,2,train
333,357,1,train
978,96,4,train
490,239,4,train
175,568,5,train
967,320,5,train
824,2,2,train
225,466,4,train
419,72,5,train
307,358,4,train
727,371,4,train
742,240,5,train
255,386,3,train
703,94,5,train
858,262,3,train
380,25,1,train
904,429,4,train
569,244,2,train
233,279,3,train
675,497,5,train
239,200,5,train
934,429,3,train
951,590,3,train
448,103,3,train
755,319,3,train
783,568,4,train
746,168,4,train
150,358,5,train
282,219,3,train
495,10,4,train
919,523,5,train
0,331,4,train
69,361,3,train
800,357,4,train
373,179,4,train
648,261,5,train
108,261,3,train
267,303,5,train
335,266,4,train
752,404,5,train
263,470,4,train
764,336,2,train
674,52,4,train
154,42,3,train
606,110,4,train
301,457,5,train
408,525,5,train
267,576,3,train
587,395,3,train
1,536,3,train
797,26,5,train
613,340,2,train
2,161,4,train
33,167,4,train
189,110,4,train
200,126,5,train
498,26,3,train
330,134,5,train
126,553,5,train
974,588,5,train
568,227,4,train
134,578,5,train
282,340,2,train
34,273,5,train
605,429,2,train
448,92,3,train
855,102,5,train
736,126,3,train
234,39,2,train
121,282,5,train
832,439,4,train
166,124,5,train
72,516,4,train
799,176,2,train
499,543,3,train
188,548,3,train
904,446,2,train
677,94,3,train
166,91,5,train
990,436,5,train
663,450,3,train
690,488,5,train
332,429,5,train
266,570,5,train
970,309,5,train
41,409,5,train
534,564,3,train
752,335,4,train
878,549,5,train
414,594,4,train
177,558,5,train
1,549,5,train
740,148,3,train
694,104,5,train
134,236,5,train
786,63,5,train
686,236,5,train
134,30,4,train
831,63,5,train
328,490,2,train
34,231,5,train
411,403,5,train
31,555,5,train
786,147,5,train
340,399,3,train
181,370,5,train
578,29,3,train
860,0,4,train
736,295,3,train
350,88,2,train
730,104,4,train
438,330,4,train
50,240,5,train
576,296,5,train
740,334,5,train
628,30,5,train
233,132,4,train
333,396,3,train
781,323,4,train
820,557,5,train
588,240,5,train
468,340,5,train
637,376,3,train
623,594,3,train
77,595,4,train
320,340,3,train
401,471,3,train
228,345,5,train
513,368,5,train
406,26,4,train
215,336,3,train
598,7,3,train
682,323,4,train
895,538,4,train
474,345,2,train
150,585,3,train
755,280,2,train
286,49,3,train
952,338,3,train
427,104,5,train
957,168,1,train
888,230,3,train
282,589,3,train
376,564,5,train
134,391,5,train
320,361,3,train
300,567,5,train
529,317,4,train
413,81,4,train
379,30,5,train
93,115,4,train
428,429,2,train
565,504,5,train
320,560,3,train
360,321,4,train
16,277,4,train
10,388,4,train
413,207,4,train
251,56,4,train
115,239,3,train
619,261,3,train
125,73,2,train
650,583,4,train
262,469,4,train
970,571,5,train
774,321,5,train
550,309,2,train
568,141,4,train
255,333,4,train
282,361,3,train
954,264,4,train
984,564,3,train
460,380,2,train
714,429,2,train
462,419,4,train
712,255,5,train
610,324,4,train
150,368,5,train
188,137,3,train
279,252,3,train
446,585,5,train
158,6,4,train
963,92,5,train
236,166,3,train
600,444,4,train
120,440,4,train
532,537,4,train
580,467,4,train
755,49,3,train
639,463,5,train
751,588,5,train
309,538,3,train
96,203,5,train
62,523,2,train
196,456,4,train
513,309,1,train
996,168,2,train
70,336,4,train
350,597,3,train
180,550,4,train
171,429,3,train
711,549,4,train
553,134,3,train
114,549,3,train
3,438,5,train
568,427,4,train
544,277,5,train
533,15,4,train
378,31,5,train
498,19,3,train
526,42,5,train
826,151,5,train
660,320,5,train
703,115,4,train
350,20,5,train
790,234,5,train
511,167,3,train
46,330,5,train
870,104,3,train
829,439,3,train
710,493,5,train
943,236,5,train
899,106,5,train
336,495,3,train
649,126,3,train
87,88,2,train
829,518,5,train
836,323,5,train
605,581,5,train
541,506,3,train
901,238,5,train
707,199,3,train
833,155,4,train
214,153,5,train
697,420,4,train
524,594,3,train
896,449,4,train
926,133,4,train
403,278,5,train
187,255,5,train
983,350,4,train
398,495,3,train
188,88,4,train
57,151,4,train
285,340,2,train
764,142,5,train
913,126,4,train
184,26,5,train
814,448,3,train
605,495,3,train
735,119,4,train
537,134,4,train
393,438,3,train
532,50,4,train
290,222,3,train
291,65,5,train
61,255,4,train
729,84,4,train
648,336,3,train
875,206,4,train
552,594,5,train
1,174,3,train
386,36,4,train
177,469,2,train
972,321,5,train
281,293,4,train
536,19,3,train
830,363,4,train
757,450,4,train
531,488,3,train
637,267,2,train
741,526,5,train
755,104,5,train
200,16,3,train
59,406,5,train
657,42,3,train
588,82,4,train
290,359,4,train
833,350,4,train
209,254,5,train
787,293,3,train
148,41,5,train
775,396,2,train
933,42,4,train
667,202,4,train
368,337,5,train
169,441,4,train
172,460,5,train
531,561,5,train
769,582,4,train
569,549,4,train
157,474,5,train
441,519,5,train
970,88,5,train
502,571,4,train
399,264,2,train
861,561,1,train
57,317,4,train
93,26,5,train
967,543,5,train
67,245,2,train
181,234,3,train
642,30,5,train
113,110,4,train
851,420,5,train
477,382,5,train
768,532,4,train
809,71,4,train
270,576,4,train
392,531,3,train
495,338,2,train
755,557,5,train
979,27,5,train
65,342,4,train
362,356,3,train
35,243,4,train
398,477,5,train
2,173,5,train
209,330,2,train
704,87,3,train
666,42,4,train
335,336,2,train
103,315,4,train
217,76,5,train
993,428,5,train
875,124,5,train
976,94,4,train
484,479,4,train
359,166,4,train
839,486,4,train
22,123,5,train
732,215,4,train
189,552,5,train
991,208,5,train
619,135,3,train
692,548,3,train
283,481,4,train
518,157,5,train
544,42,4,train
548,496,5,train
10,104,4,train
717,177,4,train
160,280,5,train
770,26,4,train
659,0,4,train
4,240,5,train
970,594,4,train
981,342,4,train
699,181,3,train
433,395,4,train
544,396,1,train
932,196,5,train
370,73,5,train
329,592,5,train
529,570,5,train
175,202,5,train
177,571,3,train
87,115,3,train
143,527,3,train
84,195,4,train
694,480,5,train
427,577,5,train
250,350,2,train
911,471,2,train
387,101,5,train
802,75,4,train
697,437,4,train
377,125,4,train
319,174,4,train
103,34,4,train
311,168,1,train
690,438,5,train
982,31,5,train
795,261,3,train
112,556,4,train
559,483,5,train
712,293,4,train
568,290,4,train
490,325,5,train
305,53,3,train
783,337,5,train
699,440,3,train
738,570,4,train
370,429,3,train
529,407,3,train
574,49,5,train
187,309,5,train
271,129,4,train
847,571,4,train
804,30,5,train
226,594,4,train
504,6,5,train
822,586,2,train
996,190,3,train
424,110,4,train
243,153,5,train
495,431,4,train
568,361,3,train
601,20,4,train
921,112,4,train
375,281,5,train
416,108,5,train
254,275,3,train
165,168,3,train
113,371,4,train
759,147,5,train
505,315,3,train
461,153,3,train
617,509,4,train
439,254,5,train
16,327,5,train
965,120,5,train
985,580,3,train
168,596,5,train
118,473,4,train
16,383,5,train
122,217,5,train
544,15,3,train
541,484,4,train
265,82,5,train
614,8,4,train
145,264,5,train
278,91,4,train
574,219,4,train
721,254,4,train
146,368,5,train
909,87,5,train
78,4,5,train
391,83,3,train
553,145,5,train
955,272,3,train
302,202,5,train
605,464,2,train
120,285,4,train
212,338,3,train
74,334,5,train
73,462,4,train
648,442,3,train
786,20,5,train
533,100,5,train
654,168,4,train
655,281,4,train
495,450,4,train
471,241,4,train
109,20,5,train
477,438,5,train
890,264,2,train
92,444,5,train
471,549,3,train
148,480,5,train
461,562,5,train
191,90,5,train
360,558,3,train
220,106,4,train
265,321,5,train
209,570,3,train
704,589,4,train
719,18,4,train
321,429,3,train
103,100,5,train
507,153,5,train
178,517,5,train
692,29,4,train
908,474,4,train
437,145,5,train
435,49,5,train
366,72,4,train
72,261,4,train
756,85,5,train
5,349,5,train
666,410,5,train
4,557,5,train
626,112,5,train
892,420,5,train
628,376,2,train
216,577,5,train
222,429,3,train
690,234,5,train
946,336,3,train
829,334,4,train
173,120,5,train
354,126,5,train
704,159,2,train
49,100,3,train
446,538,3,train
164,168,4,train
69,142,3,train
265,573,3,train
161,590,5,train
491,347,5,train
303,567,5,train
533,493,5,train
745,27,2,train
867,264,2,train
678,350,5,train
895,471,4,train
489,504,5,train
71,280,4,train
513,41,5,train
755,580,4,train
243,176,5,train
316,465,3,train
975,438,5,train
690,576,5,train
103,129,5,train
517,2,5,train
662,80,3,train
1,272,5,train
223,104,4,train
956,490,2,train
950,571,4,train
411,532,3,train
774,83,5,train
283,525,5,train
195,476,5,train
57,450,4,train
470,553,4,train
519,558,4,train
711,134,3,train
800,558,5,train
568,444,5,train
100,480,2,train
563,94,4,train
658,430,5,train
856,20,5,train
700,255,3,train
44,596,4,train
743,196,5,train
496,495,4,train
8,505,4,train
219,571,2,train
550,162,5,train
775,590,2,train
407,396,2,train
601,392,5,train
706,165,5,train
689,181,3,train
974,56,5,train
598,372,5,train
736,504,4,train
572,27,5,train
362,450,5,train
84,358,5,train
418,361,3,train
123,438,5,train
679,190,5,train
252,62,4,train
161,537,4,train
526,344,4,train
756,424,5,train
21,30,5,train
740,282,4,train
796,123,5,train
569,121,5,train
283,84,2,train
896,296,3,train
733,331,5,train
241,208,4,train
96,202,5,train
161,168,4,train
666,168,4,train
34,134,3,train
623,142,3,train
910,382,5,train
118,396,2,train
710,41,5,train
365,358,5,train
62,2,3,train
286,32,2,train
103,305,5,train
68,176,5,train
793,332,4,train
755,226,5,train
200,419,3,train
320,466,1,train
382,447,4,train
407,121,5,train
896,29,5,train
573,498,4,train
513,354,5,train
13,428,3,train
143,94,4,train
783,508,4,train
695,437,2,train
733,582,5,train
53,208,4,train
763,100,5,train
865,453,3,train
174,240,4,train
712,230,3,train
166,323,4,train
46,390,4,train
993,553,4,train
840,559,3,train
12,399,3,train
558,41,5,train
522,452,5,train
242,151,5,train
691,117,3,train
829,41,5,train
161,579,4,train
224,592,5,train
427,480,5,train
548,254,5,train
407,255,4,train
295,77,5,train
533,406,5,train
712,187,4,train
572,566,4,train
330,87,5,train
672,592,2,train
802,194,5,train
570,564,3,train
158,436,5,train
130,398,5,train
532,254,5,train
829,372,4,train
147,593,5,train
33,173,5,train
525,480,5,train
1,464,4,train
52,537,5,train
584,440,4,train
907,2,5,train
782,471,4,train
523,556,3,train
157,0,3,train
311,427,3,train
480,197,5,train
170,12,4,train
853,537,4,train
826,524,3,train
680,420,5,train
84,420,3,train
361,471,3,train
93,87,3,train
976,30,5,train
125,190,5,train
243,254,5,train
219,532,4,train
568,348,3,train
144,202,4,train
729,54,3,train
970,268,4,train
35,578,5,train
396,361,4,train
217,128,5,train
523,340,4,train
644,549,5,train
814,290,4,train
768,597,5,train
118,159,4,train
677,429,3,train
428,80,3,train
103,200,5,train
605,208,4,train
736,436,4,train
331,168,4,train
266,58,4,train
385,592,5,train
464,323,5,train
505,409,5,train
569,570,3,train
401,176,5,train
996,188,3,train
320,175,4,train
796,75,5,train
261,120,5,train
432,564,3,train
704,30,5,train
287,570,5,train
979,236,3,train
112,340,5,train
421,560,5,train
745,536,5,train
572,340,5,train
194,273,5,train
761,116,5,train
250,217,4,train
901,232,3,train
323,302,5,train
359,517,4,train
338,371,4,train
619,168,2,train
196,508,3,train
167,190,5,train
138,296,4,train
547,394,2,train
329,166,3,train
572,534,5,train
370,551,5,train
455,348,5,train
76,518,2,train
875,548,2,train
926,523,3,train
920,116,5,train
714,62,5,train
291,361,4,train
247,516,2,train
38,400,4,train
52,27,4,train
623,578,5,train
676,272,3,train
122,480,4,train
435,323,4,train
516,287,5,train
859,296,5,train
971,271,4,train
993,7,5,train
382,543,3,train
470,363,3,train
462,179,4,train
688,555,3,train
759,581,5,train
828,488,5,train
533,279,5,train
963,146,3,train
644,36,1,train
505,78,5,train
976,168,3,train
304,517,4,train
66,41,3,train
516,507,4,train
749,391,4,train
10,493,5,train
107,18,2,train
753,100,5,train
466,444,5,train
176,569,4,train
28,339,4,train
622,91,4,train
93,457,3,train
673,421,4,train
340,100,5,train
952,360,3,train
411,27,5,train
779,395,5,train
751,123,5,train
859,428,4,train
644,337,5,train
692,349,4,train
61,570,4,train
0,31,5,train
884,396,4,train
413,64,5,train
888,113,2,train
506,237,2,train
974,224,2,train
471,7,5,train
448,9,2,train
308,429,4,train
864,131,5,train
682,190,5,train
575,398,5,train
56,254,5,train
888,94,2,train
335,397,3,train
309,131,4,train
302,548,4,train
418,445,5,train
418,264,4,train
418,156,5,train
231,557,5,train
659,82,3,train
971,146,5,train
880,593,3,train
413,233,3,train
736,140,5,train
4,457,4,train
824,401,5,train
739,400,5,train
158,295,4,train
156,330,4,train
830,15,4,train
876,305,5,train
811,37,5,train
222,389,2,train
621,504,5,train
614,31,4,train
244,410,4,train
62,337,2,train
370,431,5,train
959,198,5,train
124,115,3,train
1,260,5,train
795,302,5,train
697,438,5,train
947,539,4,train
355,496,5,train
277,252,3,train
413,442,3,train
322,31,5,train
703,240,5,train
740,505,2,train
273,487,3,train
904,231,2,train
734,201,4,train
795,467,4,train
57,536,3,train
339,153,3,train
697,354,3,train
539,29,5,train
839,264,5,train
875,404,5,train
654,548,5,train
868,290,3,train
563,162,5,train
47,378,5,train
857,138,3,train
56,471,5,train
284,250,5,train
893,457,5,train
318,576,2,train
478,277,3,train
381,258,4,train
921,336,4,train
993,65,3,train
41,546,5,train
634,372,5,train
150,138,4,train
578,368,5,train
10,436,2,train
379,571,3,train
593,168,4,train
567,30,5,train
428,227,5,train
675,22,4,train
427,242,4,train
76,525,5,train
973,463,4,train
175,198,4,train
244,29,5,train
341,8,4,train
503,47,4,train
413,576,3,train
799,244,5,train
813,570,5,train
246,549,5,train
913,27,4,train
129,143,4,train
36,31,5,train
182,72,4,train
521,582,4,train
413,36,3,train
959,15,3,train
71,190,2,train
577,22,5,train
626,396,4,train
471,474,5,train
213,123,5,train
250,166,4,train
587,84,5,train
336,81,5,train
624,556,4,train
264,196,4,train
963,195,4,train
155,36,5,train
291,75,5,train
974,323,3,train
192,124,4,train
286,464,5,train
487,506,4,train
790,330,4,train
870,293,4,train
282,519,2,train
974,552,5,train
513,14,5,train
407,529,2,train
360,174,4,train
341,352,3,train
829,142,4,train
649,347,3,train
168,333,4,train
589,590,5,train
511,398,5,train
308,46,5,train
298,107,2,train
285,441,2,train
309,290,5,train
717,572,5,train
423,91,4,train
790,549,4,train
764,143,5,train
375,372,4,train
196,487,4,train
191,180,5,train
891,264,3,train
678,404,5,train
539,290,2,train
680,31,5,train
660,574,2,train
951,237,2,train
375,596,4,train
220,153,4,train
338,218,2,train
515,176,5,train
714,508,2,train
343,452,1,train
761,264,4,train
136,373,5,train
781,90,3,train
220,354,3,train
202,315,4,train
199,223,3,train
710,87,4,train
53,226,5,train
942,202,4,train
286,579,5,train
505,474,5,train
980,90,4,train
870,196,5,train
540,94,4,train
38,185,5,train
690,9,3,train
1,7,3,train
327,174,2,train
167,368,5,train
830,243,5,train
611,578,5,train
399,279,2,train
292,15,4,train
704,399,5,train
0,487,5,train
125,455,4,train
282,81,5,train
449,5,4,train
516,30,3,train
379,27,3,train
865,229,5,train
403,203,5,train
71,262,5,train
407,465,2,train
159,404,3,train
908,83,2,train
317,172,3,train
63,479,3,train
717,503,2,train
695,30,5,train
712,327,3,train
579,543,3,train
545,90,5,train
912,26,2,train
772,314,5,train
197,396,5,train
758,480,4,train
384,148,5,train
863,576,3,train
610,511,5,train
799,279,3,train
648,239,4,train
933,396,1,train
78,330,4,train
84,519,5,train
174,183,5,train
643,112,5,train
504,429,3,train
824,266,3,train
113,8,3,train
740,7,5,train
837,78,5,train
523,436,4,train
599,490,5,train
69,345,4,train
283,165,5,train
267,286,5,train
263,565,3,train
544,503,5,train
388,49,5,train
423,504,5,train
310,590,4,train
613,532,3,train
19,254,5,train
246,74,4,train
276,576,4,train
810,405,5,train
420,392,5,train
970,133,5,train
125,391,5,train
896,440,3,train
795,486,4,train
1,556,3,train
786,440,4,train
567,395,5,train
542,338,5,train
792,137,3,train
814,196,5,train
361,260,5,train
395,51,5,train
794,147,5,train
733,527,5,train
560,549,5,train
888,427,5,train
441,576,5,train
491,599,4,train
260,471,3,train
605,194,4,train
525,338,4,train
609,358,4,train
29,180,5,train
115,264,4,train
578,383,5,train
735,356,3,train
280,429,3,train
533,284,3,train
38,405,3,train
103,240,5,train
585,455,2,train
404,419,4,train
896,37,4,train
91,537,4,train
276,50,4,train
871,396,3,train
145,457,5,train
302,155,5,train
134,110,4,train
732,474,5,train
797,288,5,train
352,168,4,train
175,336,3,train
544,389,4,train
781,297,5,train
613,62,4,train
525,312,4,train
779,168,2,train
861,541,4,train
813,172,5,train
173,588,5,train
963,110,5,train
839,20,5,train
40,574,5,train
76,585,4,train
120,45,5,train
491,505,3,train
282,512,5,train
131,29,5,train
188,596,4,train
635,108,3,train
298,165,4,train
365,60,5,train
115,556,4,train
482,383,5,train
839,203,5,train
92,82,3,train
644,168,2,train
100,542,4,train
120,479,5,train
207,151,5,train
908,590,3,train
515,236,5,train
975,358,4,train
116,476,5,train
880,546,5,train
378,576,3,train
181,450,5,train
532,321,5,train
350,208,5,train
985,264,4,train
521,387,4,train
91,361,2,train
61,595,5,train
118,394,4,train
432,37,4,train
682,358,5,train
299,167,5,train
276,219,5,train
796,476,5,train
259,568,5,train
1,179,4,train
495,74,5,train
908,578,4,train
607,509,5,train
433,429,3,train
846,301,4,train
38,496,5,train
644,234,5,train
205,29,5,train
410,588,5,train
117,314,4,train
420,495,4,train
602,471,1,train
741,334,3,train
342,236,4,train
658,46,5,train
686,176,5,train
24,194,5,train
545,288,5,train
125,252,3,train
777,506,4,train
473,82,5,train
765,201,5,train
712,14,5,train
265,222,2,train
962,31,5,train
989,254,5,train
293,522,4,train
234,471,4,train
692,180,5,train
38,106,5,train
510,564,4,train
220,9,4,train
494,104,5,train
975,87,3,train
927,587,4,train
343,385,5,train
677,21,4,train
707,16,3,train
935,82,5,train
653,112,5,train
850,315,3,train
10,34,5,train
247,323,5,train
16,323,4,train
451,495,5,train
920,595,5,train
515,342,4,train
859,279,5,train
320,429,2,train
175,436,3,train
226,505,3,train
66,285,2,train
295,504,5,train
706,271,5,train
79,592,3,train
544,469,3,train
688,288,5,train
488,152,3,train
502,296,4,train
255,525,5,train
391,71,4,train
60,119,5,train
183,320,3,train
498,427,5,train
165,361,3,train
861,576,2,train
350,568,4,train
851,100,5,train
438,93,3,train
716,252,4,train
975,180,4,train
621,350,3,train
310,560,4,train
130,330,5,train
79,371,5,train
406,88,5,train
950,202,5,train
621,338,4,train
20,371,1,train
827,131,5,train
31,112,5,train
62,429,2,train
525,582,5,train
407,377,4,train
781,555,3,train
636,550,5,train
710,271,5,train
591,394,4,train
355,498,2,train
713,143,4,train
250,93,5,train
525,88,4,train
477,523,5,train
745,117,4,train
896,254,3,train
103,460,5,train
95,504,5,train
577,358,5,train
433,279,5,train
996,360,4,train
974,376,5,train
549,63,5,train
578,283,5,train
148,9,4,train
778,597,3,train
605,49,4,train
327,561,3,train
557,407,3,train
408,386,3,train
572,317,5,train
194,566,5,train
503,236,5,train
458,523,5,train
268,350,4,train
106,571,3,train
875,264,4,train
422,371,4,train
57,171,4,train
66,309,3,train
970,142,5,train
574,82,4,train
160,341,1,train
125,103,5,train
190,208,4,train
495,29,3,train
9,308,3,train
525,173,5,train
700,20,5,train
941,461,3,train
712,476,4,train
152,194,4,train
529,183,2,train
194,546,4,train
195,359,5,train
622,88,3,train
686,234,4,train
93,508,5,train
504,546,4,train
788,100,5,train
558,11,5,train
62,436,5,train
372,194,2,train
181,88,5,train
548,82,3,train
670,42,3,train
389,553,5,train
761,378,5,train
742,88,5,train
704,69,5,train
661,457,5,train
532,36,4,train
656,494,5,train
307,305,4,train
290,447,2,train
601,576,3,train
832,519,3,train
498,540,5,train
349,549,4,train
270,354,5,train
212,94,5,train
547,194,3,train
161,134,4,train
921,41,4,train
877,374,4,train
323,116,5,train
873,560,4,train
366,100,5,train
286,153,5,train
547,8,5,train
751,262,5,train
797,392,4,train
748,27,3,train
866,196,5,train
648,543,4,train
163,576,4,train
800,570,4,train
91,227,5,train
209,496,4,train
515,190,5,train
63,321,5,train
8,549,5,train
120,245,5,train
851,159,4,train
122,558,5,train
807,558,5,train
456,281,5,train
644,178,4,train
880,6,5,train
709,91,4,train
470,239,3,train
82,358,5,train
33,168,4,train
829,19,3,train
350,333,4,train
635,8,3,train
858,187,4,train
867,317,3,train
38,556,2,train
919,114,4,train
799,168,4,train
946,436,5,train
466,65,4,train
656,319,5,train
653,320,2,train
940,202,5,train
294,198,5,train
740,538,5,train
177,570,3,train
542,98,5,train
6,285,5,train
177,337,5,train
932,287,5,train
210,273,2,train
541,439,5,train
171,553,5,train
797,507,2,train
302,579,2,train
692,495,4,train
848,94,4,train
144,236,2,train
103,272,4,train
276,409,4,train
790,168,3,train
355,340,4,train
959,94,5,train
157,292,4,train
418,582,4,train
94,179,4,train
929,420,5,train
454,239,4,train
488,582,4,train
450,440,3,train
140,72,3,train
57,541,5,train
315,70,4,train
243,320,4,train
926,146,3,train
798,476,5,train
376,321,5,train
148,474,5,train
471,344,5,train
752,168,4,train
569,476,4,train
432,593,5,train
749,406,4,train
188,300,3,train
826,320,5,train
164,125,3,train
366,342,3,train
211,429,3,train
546,519,5,train
305,124,5,train
391,205,3,train
888,363,5,train
212,491,5,train
53,444,3,train
175,507,5,train
748,506,4,train
489,110,2,train
519,142,5,train
547,104,3,train
686,254,5,train
407,73,5,train
164,362,2,train
246,143,4,train
681,467,3,train
788,423,3,train
920,153,5,train
249,280,5,train
350,123,5,train
725,234,4,train
707,285,3,train
261,93,5,train
694,549,4,train
865,91,5,train
8,464,4,train
959,445,3,train
650,568,3,train
356,5,4,train
684,194,5,train
509,572,4,train
556,100,5,train
400,290,5,train
346,391,5,train
732,199,4,train
140,94,4,train
3,26,5,train
283,152,3,train
61,509,5,train
247,318,4,train
543,168,5,train
998,556,5,train
820,87,3,train
387,463,5,train
788,590,3,train
802,596,3,train
124,450,3,train
661,335,5,train
498,135,5,train
933,239,3,train
63,62,5,train
353,553,5,train
165,354,3,train
177,180,5,train
615,553,5,train
130,379,5,train
121,592,3,train
943,193,5,train
69,349,4,train
341,229,5,train
920,596,3,train
610,340,3,train
745,438,5,train
28,490,5,train
591,354,5,train
797,440,3,train
117,506,3,train
537,382,5,train
786,361,3,train
170,126,5,train
330,572,3,train
51,9,3,train
147,228,5,train
248,396,4,train
470,358,5,train
247,270,4,train
7,416,3,train
217,213,3,train
255,159,3,train
46,162,5,train
828,239,4,train
794,396,2,train
799,450,4,train
745,42,5,train
192,323,3,train
427,66,5,train
0,497,5,train
495,507,4,train
785,358,4,train
999,236,5,train
572,14,5,train
118,524,5,train
906,340,3,train
22,586,5,train
996,576,2,train
659,546,5,train
31,46,3,train
210,30,4,train
941,202,4,train
100,571,3,train
707,550,5,train
422,271,5,train
935,507,4,train
824,115,3,train
188,486,2,train
749,161,3,train
418,168,2,train
553,32,2,train
462,226,2,train
252,179,5,train
175,328,4,train
709,570,5,train
93,444,4,train
461,51,4,train
409,593,4,train
59,100,5,train
277,31,4,train
994,458,5,train
959,260,5,train
206,342,3,train
861,229,3,train
725,335,4,train
64,202,5,train
431,293,2,train
360,349,5,train
802,424,5,train
570,483,5,train
889,555,3,train
889,80,4,train
329,183,5,train
490,338,5,train
413,392,3,train
740,422,3,train
695,77,5,train
138,159,4,train
959,309,5,train
290,484,4,train
705,296,5,train
63,0,4,train
648,191,4,train
328,176,5,train
12,62,4,train
849,50,3,train
827,156,5,train
154,524,4,train
291,245,5,train
888,440,4,train
443,168,5,train
788,258,5,train
535,127,4,train
350,581,5,train
182,116,3,train
738,36,5,train
215,450,3,train
530,0,5,train
841,278,3,train
439,176,5,train
647,582,3,train
437,245,5,train
411,526,5,train
849,160,5,train
840,2,5,train
677,186,5,train
791,583,5,train
739,407,5,train
127,123,5,train
47,254,5,train
66,444,2,train
722,140,4,train
378,146,5,train
568,555,5,train
432,396,2,train
232,429,4,train
6,204,5,train
324,413,5,train
740,571,4,train
709,480,5,train
840,314,2,train
750,115,3,train
258,450,5,train
175,133,4,train
502,436,3,train
283,19,4,train
515,580,4,train
288,336,3,train
178,358,5,train
888,194,4,train
88,100,5,train
877,335,4,train
855,429,3,train
12,330,3,train
788,123,5,train
767,26,5,train
56,234,5,train
161,477,4,train
575,527,4,train
908,31,3,train
374,517,4,train
627,511,4,train
712,550,4,train
366,351,5,train
833,199,5,train
700,67,5,train
328,126,4,train
222,251,3,train
549,153,3,train
453,76,3,train
391,474,1,train
84,365,3,train
703,134,3,train
320,151,4,train
856,272,4,train
148,108,4,train
733,385,4,train
280,504,5,train
929,588,4,train
995,399,3,train
294,399,3,train
594,202,4,train
30,488,3,train
402,29,5,train
569,464,4,train
408,137,3,train
872,354,5,train
563,594,4,train
356,83,5,train
184,129,5,train
200,50,3,train
785,523,5,train
217,146,4,train
212,271,5,train
981,277,3,train
87,190,5,train
59,582,5,train
564,146,2,train
649,519,4,train
518,376,4,train
124,518,5,train
696,392,5,train
904,15,3,train
685,167,3,train
504,495,3,train
729,525,5,train
41,594,5,train
664,471,4,train
940,146,3,train
666,100,3,train
974,356,4,train
469,225,5,train
194,450,3,train
843,166,4,train
996,350,2,train
33,396,3,train
968,321,5,train
738,450,5,train
973,240,5,train
854,106,4,train
692,576,2,train
180,594,5,train
768,391,5,train
901,381,5,train
976,518,5,train
433,420,5,train
470,352,5,train
418,131,5,train
877,296,3,train
529,344,5,train
390,436,5,train
345,427,3,train
215,88,5,train
740,454,3,train
387,208,5,train
887,70,4,train
342,239,3,train
736,574,5,train
785,293,4,train
811,576,4,train
766,585,5,train
413,343,5,train
293,345,4,train
822,83,5,train
31,115,3,train
485,239,5,train
530,337,4,train
580,338,5,train
748,330,5,train
43,593,4,train
836,282,4,train
634,194,4,train
41,350,4,train
397,555,4,train
738,420,4,train
290,399,4,train
672,374,4,train
251,293,2,train
712,504,5,train
654,593,4,train
234,104,5,train
413,571,5,train
781,424,3,train
608,221,3,train
544,557,5,train
794,255,3,train
372,381,3,train
728,37,5,train
341,200,4,train
220,392,3,train
121,473,5,train
262,137,1,train
188,592,3,train
580,505,3,train
836,294,3,train
523,462,4,train
605,42,4,train
821,444,4,train
960,112,4,train
989,29,4,train
733,457,2,train
795,495,4,train
834,525,3,train
663,279,5,train
205,309,5,train
12,599,2,train
671,558,5,train
320,204,5,train
905,6,5,train
928,396,3,train
216,158,4,train
31,334,5,train
269,484,5,train
535,42,5,train
970,563,4,train
423,179,4,train
248,234,4,train
673,296,3,train
177,390,3,train
413,87,4,train
12,449,1,train
177,556,4,train
205,134,5,train
938,506,4,train
34,181,5,train
974,168,5,train
875,92,4,train
47,25,2,train
563,465,4,train
742,94,5,train
382,115,4,train
659,274,2,train
129,240,5,train
678,444,4,train
888,65,4,train
970,21,5,train
1,148,3,train
818,111,5,train
330,594,3,train
382,519,5,train
774,78,3,train
641,279,5,train
585,217,5,train
799,592,2,train
901,576,2,train
606,525,4,train
360,151,4,train
49,176,5,train
43,399,5,train
895,497,5,train
16,371,5,train
831,124,5,train
765,529,3,train
81,555,3,train
465,526,3,train
279,336,3,train
450,361,4,train
703,290,5,train
117,538,3,train
797,100,4,train
88,49,5,train
863,151,5,train
134,358,5,train
919,29,5,train
930,88,4,train
598,100,5,train
57,371,5,train
417,169,5,train
952,11,5,train
950,261,5,train
687,240,4,train
994,197,5,train
161,281,5,train
913,378,5,train
331,573,5,train
576,272,3,train
14,193,4,train
905,519,3,train
749,8,3,train
687,125,3,train
10,428,3,train
53,513,5,train
219,440,5,train
654,368,5,train
175,564,4,train
418,510,4,train
596,561,4,train
852,495,3,train
791,119,5,train
765,427,5,train
72,194,5,train
174,507,4,train
775,276,5,train
581,66,3,train
227,475,3,train
417,453,5,train
361,179,4,train
267,3,3,train
740,0,3,train
446,400,4,train
474,71,4,train
552,27,3,train
791,167,4,train
72,512,3,train
870,444,4,train
422,1,4,train
968,483,5,train
858,352,3,train
966,501,4,train
11,429,4,train
895,199,5,train
209,271,3,train
0,104,3,train
993,133,5,train
786,42,3,train
753,279,4,train
956,457,5,train
217,131,4,train
448,377,3,train
92,581,5,train
481,442,4,train
732,347,4,train
341,114,5,train
116,281,5,train
741,450,3,train
378,290,2,train
983,496,5,train
273,281,3,train
189,337,3,train
339,229,5,train
883,36,4,train
16,444,3,train
268,302,5,train
700,87,3,train
344,330,2,train
188,292,3,train
779,2,3,train
780,322,5,train
452,123,5,train
996,518,5,train
548,557,3,train
492,276,5,train
990,100,5,train
432,129,4,train
481,194,5,train
446,560,5,train
446,476,5,train
887,384,2,train
744,368,5,train
792,438,5,train
623,5,4,train
373,392,5,train
380,556,3,train
941,272,5,train
119,185,5,train
416,507,5,train
823,420,4,train
539,26,5,train
211,202,4,train
943,404,5,train
340,104,5,train
545,142,5,train
1,164,4,train
137,576,3,train
918,444,5,train
687,157,4,train
519,93,4,train
751,168,2,train
296,30,5,train
336,124,4,train
65,111,4,train
53,321,5,train
621,123,5,train
704,74,4,train
642,123,5,train
57,174,5,train
1,562,5,train
10,367,5,train
535,202,4,train
936,29,5,train
191,251,4,train
476,427,3,train
409,46,4,train
774,523,4,train
325,407,4,train
735,338,5,train
610,548,4,train
213,264,3,train
892,326,5,train
91,496,4,train
799,261,2,train
401,457,3,train
848,120,4,train
713,207,4,train
188,588,5,train
63,2,4,train
798,110,4,train
84,26,5,train
518,502,5,train
768,29,4,train
920,239,4,train
545,424,5,train
139,495,5,train
488,567,3,train
695,194,5,train
702,332,5,train
265,30,5,train
181,36,4,train
738,2,4,train
520,34,5,train
801,49,5,train
974,110,5,train
221,493,5,train
482,396,5,train
780,449,4,train
587,24,3,train
493,179,4,train
292,385,5,train
118,493,5,train
534,240,5,train
897,389,3,train
582,252,4,train
160,361,2,train
278,327,3,train
637,365,4,train
427,251,3,train
698,179,4,train
884,424,5,train
560,240,5,train
566,429,2,train
101,88,5,train
539,105,5,train
92,63,5,train
131,361,3,train
966,321,4,train
385,255,4,train
658,572,3,train
781,589,4,train
757,504,3,train
177,599,3,train
363,79,4,train
361,178,5,train
752,273,5,train
16,495,4,train
833,396,3,train
548,580,5,train
492,592,4,train
689,504,4,train
158,185,5,train
726,5,2,train
771,504,3,train
800,163,5,train
324,272,5,train
917,80,4,train
766,80,5,train
843,572,5,train
258,354,5,train
175,165,3,train
727,148,4,train
282,296,3,train
166,457,5,train
354,475,5,train
697,321,2,train
753,323,3,train
293,82,5,train
271,438,5,train
0,503,4,train
785,287,2,train
888,465,2,train
75,82,5,train
621,468,5,train
66,419,2,train
560,198,5,train
391,25,4,train
434,321,5,train
952,104,5,train
250,43,4,train
143,486,2,train
474,239,2,train
682,337,5,train
855,371,5,train
10,271,3,train
225,474,5,train
405,261,4,train
157,471,4,train
222,203,5,train
495,344,5,train
854,116,5,train
150,508,5,train
649,571,3,train
639,82,2,train
360,456,4,train
673,114,4,train
256,82,5,train
839,592,5,train
439,427,5,train
324,2,2,train
190,270,3,train
448,518,5,train
562,100,4,train
994,543,5,train
617,593,4,train
16,576,2,train
569,435,5,train
607,335,5,train
219,576,5,train
597,115,3,train
145,96,4,train
342,475,5,train
495,582,4,train
919,396,5,train
833,309,3,train
85,124,5,train
96,162,5,train
223,372,3,train
564,458,5,train
267,184,5,train
993,420,5,train
959,562,5,train
103,479,3,train
944,571,5,train
407,82,5,train
325,142,4,train
339,206,4,train
926,59,4,train
525,0,4,train
220,594,3,train
270,358,5,train
289,57,4,train
225,100,5,train
623,251,5,train
391,126,5,train
896,134,5,train
537,494,5,train
446,175,3,train
734,90,5,train
234,570,5,train
267,585,4,train
712,236,5,train
92,424,5,train
26,146,3,train
313,142,5,train
177,168,3,train
245,571,5,train
106,592,3,train
324,26,5,train
500,92,5,train
68,290,5,train
328,181,2,train
674,516,5,train
91,259,4,train
926,193,3,train
513,567,4,train
623,302,4,train
57,581,4,train
949,360,4,train
335,87,3,train
115,76,5,train
788,41,5,train
194,217,5,train
413,361,5,train
585,159,2,train
87,559,3,train
547,162,5,train
678,512,3,train
601,134,5,train
489,475,5,train
748,570,2,train
307,537,5,train
502,191,4,train
270,115,4,train
509,76,5,train
43,403,3,train
896,237,3,train
920,206,4,train
701,475,4,train
151,561,3,train
413,247,4,train
568,354,4,train
428,293,3,train
327,163,5,train
577,148,5,train
500,419,3,train
777,338,4,train
291,25,3,train
436,370,5,train
672,30,5,train
858,376,5,train
904,515,4,train
184,219,5,train
833,571,4,train
755,371,3,train
671,548,3,train
936,196,5,train
755,189,4,train
411,18,5,train
250,543,2,train
479,583,5,train
335,146,4,train
452,16,3,train
872,160,5,train
309,279,2,train
913,116,5,train
574,279,3,train
426,204,5,train
720,187,5,train
36,66,4,train
767,429,4,train
755,484,4,train
495,168,3,train
838,204,3,train
901,78,5,train
386,264,3,train
251,175,3,train
533,474,5,train
640,592,4,train
17,153,4,train
244,72,4,train
685,236,4,train
380,283,3,train
220,337,5,train
841,159,3,train
144,277,2,train
684,257,5,train
586,381,5,train
634,197,4,train
552,49,5,train
796,14,4,train
493,370,5,train
393,176,2,train
717,108,3,train
174,595,5,train
908,594,4,train
740,493,5,train
539,293,4,train
421,29,2,train
743,437,3,train
691,86,5,train
818,404,5,train
734,553,5,train
181,143,3,train
321,335,5,train
362,300,4,train
157,334,3,train
276,105,5,train
707,99,4,train
779,354,2,train
579,474,5,train
16,350,4,train
301,298,5,train
785,129,5,train
830,202,4,train
685,358,5,train
233,261,5,train
213,504,5,train
869,88,5,train
690,78,4,train
883,475,5,train
251,304,3,train
236,590,5,train
623,504,2,train
762,100,5,train
546,155,5,train
399,48,3,train
617,334,5,train
251,30,3,train
606,31,4,train
656,124,4,train
51,576,5,train
517,278,4,train
439,115,4,train
16,76,3,train
521,198,5,train
525,297,5,train
69,512,5,train
523,336,3,train
996,566,4,train
250,66,2,train
112,240,3,train
179,576,4,train
292,277,5,train
249,216,5,train
78,543,4,train
655,162,4,train
584,199,4,train
877,147,4,train
218,69,5,train
421,232,5,train
816,9,2,train
829,30,5,train
160,548,4,train
827,592,3,train
145,594,5,train
997,272,3,train
56,546,4,train
689,481,4,train
318,116,3,train
771,509,5,train
744,450,5,train
477,235,5,train
247,560,5,train
309,196,5,train
267,439,5,train
199,73,4,train
72,251,4,train
309,293,2,train
407,88,5,train
223,570,5,train
240,168,5,train
285,504,5,train
454,516,4,train
501,475,5,train
127,590,4,train
51,115,4,train
424,87,3,train
450,461,5,train
138,480,5,train
735,468,3,train
666,549,3,train
942,168,3,train
375,556,2,train
690,536,5,train
154,390,3,train
649,290,3,train
755,548,4,train
719,194,5,train
787,123,5,train
491,550,3,train
224,464,5,train
649,133,4,train
700,295,3,train
978,143,5,train
247,264,3,train
55,505,4,train
790,150,3,train
680,493,5,train
274,558,5,train
437,232,5,train
601,440,4,train
824,519,5,train
490,176,5,train
699,367,5,train
421,504,3,train
550,264,3,train
961,293,5,train
319,429,5,train
71,49,5,train
354,190,5,train
444,281,4,train
715,36,5,train
238,168,5,train
387,194,5,train
400,110,3,train
805,160,5,train
192,471,2,train
659,2,5,train
493,87,3,train
906,553,3,train
789,279,5,train
676,159,3,train
156,88,5,train
456,230,4,train
553,590,5,train
712,561,4,train
587,420,5,train
878,168,3,train
11,129,5,train
771,490,3,train
365,155,5,train
25,274,3,train
975,473,4,train
206,100,4,train
422,182,5,train
10,412,3,train
83,4,4,train
58,176,5,train
655,27,3,train
596,237,2,train
20,409,3,train
286,354,5,train
734,444,5,train
129,371,3,train
526,245,3,train
417,202,5,train
481,264,4,train
188,336,3,train
451,88,4,train
476,323,4,train
751,41,4,train
872,168,4,train
961,167,2,train
8,590,3,train
668,277,4,train
779,570,2,train
721,444,4,train
661,419,3,train
410,321,3,train
895,341,2,train
350,596,5,train
707,441,4,train
628,42,4,train
905,421,5,train
881,117,4,train
119,323,4,train
278,523,5,train
25,87,2,train
16,407,5,train
120,367,3,train
718,553,4,train
521,57,3,train
518,572,3,train
370,179,5,train
187,557,5,train
829,396,3,train
551,386,5,train
601,590,4,train
385,168,5,train
687,330,4,train
219,115,5,train
833,180,2,train
885,585,2,train
216,202,3,train
221,336,3,train
635,42,4,train
197,81,2,train
15,594,5,train
910,490,3,train
711,367,4,train
540,202,5,train
824,231,5,train
599,338,5,train
272,470,3,train
931,90,4,train
449,129,2,train
303,153,5,train
634,497,5,train
472,234,5,train
283,413,2,train
88,190,4,train
790,198,4,train
117,558,5,train
961,510,3,train
952,29,3,train
580,279,2,train
3,191,4,train
363,382,4,train
972,580,4,train
800,564,4,train
761,592,5,train
845,31,4,train
658,43,3,train
68,519,5,train
146,431,4,train
573,558,5,train
88,517,4,train
976,230,4,train
10,41,4,train
114,274,3,train
522,208,3,train
210,124,5,train
972,166,4,train
823,123,5,train
411,133,4,train
430,65,4,train
829,20,5,train
217,553,5,train
846,386,2,train
249,461,4,train
743,309,5,train
428,128,5,train
121,427,4,train
767,588,4,train
464,293,4,train
954,305,4,train
981,288,4,train
245,429,4,train
830,568,4,train
382,480,4,train
888,88,4,train
970,420,3,train
334,177,3,train
472,347,3,train
607,411,3,train
679,465,3,train
493,121,5,train
463,536,5,train
791,411,5,train
103,71,4,train
8,67,5,train
848,550,5,train
749,236,5,train
229,159,5,train
419,94,4,train
551,429,3,train
788,197,5,train
28,159,3,train
193,560,4,train
148,559,4,train
362,75,3,train
522,129,5,train
809,264,3,train
385,26,4,train
65,330,5,train
839,36,3,train
250,192,5,train
379,585,5,train
681,399,4,train
727,102,5,train
162,108,5,train
537,85,4,train
685,506,4,train
343,89,5,train
440,30,5,train
861,13,2,train
461,88,4,train
844,117,4,train
676,217,5,train
495,11,5,train
285,399,4,train
116,583,4,train
494,371,4,train
132,428,2,train
144,556,3,train
542,456,4,train
410,490,5,train
605,39,4,train
714,456,5,train
892,570,5,train
384,1,4,train
103,323,5,train
413,456,5,train
250,168,3,train
515,19,3,train
785,436,5,train
454,259,3,train
688,576,4,train
57,474,5,train
495,1,4,train
844,480,3,train
126,240,5,train
493,487,3,train
161,525,5,train
768,527,2,train
268,74,2,train
163,84,5,train
895,227,5,train
658,561,3,train
678,5,4,train
634,159,4,train
123,219,5,train
690,429,5,train
904,512,5,train
184,524,3,train
290,320,2,train
916,146,2,train
215,507,5,train
430,300,2,train
361,424,5,train
668,574,4,train
495,108,4,train
669,593,4,train
899,94,4,train
754,561,4,train
765,342,4,train
92,550,5,train
910,103,5,train
984,390,3,train
946,504,5,train
519,576,3,train
186,158,4,train
138,245,5,train
163,226,4,train
695,458,3,train
352,444,3,train
658,24,5,train
810,397,5,train
785,441,3,train
435,594,5,train
568,180,5,train
950,487,4,train
345,580,4,train
826,27,4,train
206,168,3,train
140,396,3,train
288,168,5,train
256,429,4,train
273,65,5,train
480,477,5,train
580,168,3,train
432,561,3,train
712,52,4,train
749,323,3,train
546,273,5,train
761,580,5,train
270,519,5,train
654,553,3,train
921,450,5,train
638,482,3,train
222,588,5,train
878,240,5,train
943,53,3,train
577,27,4,train
248,159,3,train
221,422,5,train
654,429,3,train
951,87,5,train
261,576,4,train
477,555,4,train
823,168,4,train
745,495,3,train
757,218,4,train
889,272,4,train
772,16,4,train
877,209,5,train
772,504,4,train
320,119,5,train
496,521,4,train
847,490,3,train
175,25,3,train
919,36,2,train
914,200,3,train
967,591,5,train
305,571,3,train
847,77,4,train
44,134,5,train
594,138,3,train
456,264,3,train
672,463,5,train
799,9,5,train
792,462,4,train
461,142,3,train
339,376,4,train
474,323,3,train
9,135,3,train
336,100,5,train
267,594,3,train
545,473,4,train
701,13,3,train
389,0,4,train
30,420,5,train
432,80,3,train
157,371,4,train
356,476,5,train
335,444,3,train
833,98,5,train
387,81,4,train
943,153,5,train
974,106,3,train
328,330,2,train
685,46,4,train
548,176,5,train
191,115,4,train
826,236,5,train
63,463,2,train
156,167,3,train
716,120,4,train
721,76,5,train
38,36,3,train
777,330,4,train
205,198,5,train
606,274,5,train
537,264,3,train
983,569,3,train
242,338,5,train
320,532,3,train
888,475,2,train
397,236,4,train
541,87,4,train
451,549,5,train
189,454,5,train
57,493,5,train
445,505,4,train
38,303,3,train
939,447,2,train
653,310,4,train
88,30,5,train
294,240,5,train
144,8,5,train
871,72,3,train
40,49,3,train
9,519,3,train
355,196,5,train
888,450,5,train
267,566,5,train
792,293,3,train
741,330,4,train
531,208,4,train
876,267,4,train
606,585,4,train
93,165,5,train
580,490,5,train
84,556,4,train
561,124,5,train
172,538,4,train
218,330,5,train
130,104,5,train
23,569,3,train
513,116,5,train
827,101,5,train
572,19,5,train
666,115,3,train
841,366,4,train
369,496,4,train
175,323,4,train
519,532,4,train
374,234,5,train
331,18,4,train
280,330,4,train
306,94,4,train
587,285,2,train
72,120,5,train
391,355,4,train
717,58,4,train
411,396,3,train
427,168,3,train
251,328,4,train
904,292,5,train
822,202,3,train
904,121,4,train
712,169,4,train
994,87,5,train
921,16,4,train
381,576,4,train
186,480,5,train
392,279,2,train
781,115,3,train
968,194,4,train
926,429,2,train
246,88,4,train
478,525,5,train
800,553,5,train
846,361,4,train
623,317,2,train
812,284,3,train
359,176,4,train
317,121,5,train
957,572,5,train
813,19,5,train
19,176,5,train
306,247,4,train
150,337,5,train
90,572,4,train
500,402,3,train
505,502,4,train
174,4,5,train
564,240,5,train
90,240,3,train
745,334,5,train
692,146,4,train
335,19,2,train
382,279,4,train
654,313,3,train
560,343,4,train
653,334,5,train
398,131,5,train
768,543,4,train
160,72,3,train
401,591,5,train
828,15,4,train
418,17,4,train
60,202,4,train
168,53,4,train
667,180,4,train
396,254,4,train
289,142,2,train
864,457,5,train
968,273,3,train
183,457,5,train
15,463,5,train
113,277,4,train
819,30,5,train
748,259,5,train
250,549,3,train
1,94,5,train
415,381,5,train
409,303,4,train
320,350,4,train
158,410,4,train
0,410,4,train
397,470,1,train
214,202,4,train
950,239,4,train
855,570,5,train
505,12,4,train
861,508,3,train
151,363,1,train
892,576,2,train
342,372,1,train
208,317,4,train
828,361,4,train
654,517,5,train
446,315,4,train
780,176,3,train
516,165,5,train
540,207,4,train
926,267,5,train
283,487,4,train
6,49,4,train
730,116,4,train
17,206,3,train
817,503,4,train
516,41,4,train
140,108,2,train
649,576,3,train
470,392,4,train
459,444,4,train
98,261,2,train
961,335,5,train
488,588,3,train
685,296,4,train
342,535,5,train
341,554,5,train
100,231,5,train
717,361,3,train
213,168,4,train
755,239,3,train
533,87,5,train
364,361,4,train
968,51,4,train
755,260,5,train
0,549,5,train
424,428,3,train
648,9,4,train
777,571,3,train
912,182,4,train
350,354,4,train
391,142,3,train
777,90,5,train
93,90,3,train
727,324,4,train
682,197,3,train
57,366,5,train
93,211,5,train
148,350,4,train
92,553,4,train
615,180,5,train
390,517,5,train
799,33,3,train
150,254,5,train
672,146,4,train
118,65,5,train
904,553,5,train
781,476,5,train
477,380,5,train
960,261,4,train
526,26,5,train
843,279,4,train
94,429,3,train
343,560,3,train
181,254,5,train
159,202,3,train
768,280,5,train
714,257,3,train
238,120,4,train
209,320,5,train
95,327,4,train
71,594,5,train
93,42,4,train
839,323,4,train
752,439,4,train
678,234,5,train
669,273,3,train
799,556,3,train
605,27,5,train
820,82,5,train
976,295,3,train
936,236,3,train
926,503,5,train
177,135,2,train
950,72,3,train
555,61,5,train
674,354,5,train
54,457,5,train
415,168,5,train
455,240,5,train
336,280,2,train
172,549,5,train
887,12,4,train
442,332,4,train
103,438,5,train
956,342,3,train
83,410,5,train
216,196,4,train
15,518,5,train
244,98,4,train
863,75,5,train
314,321,2,train
253,570,5,train
330,279,5,train
653,464,4,train
57,582,5,train
176,20,5,train
280,20,5,train
247,234,5,train
263,100,5,train
413,88,5,train
711,168,3,train
702,245,4,train
880,524,5,train
970,123,4,train
621,594,5,train
266,460,5,train
586,507,5,train
290,436,5,train
399,576,4,train
739,273,4,train
626,142,3,train
62,473,4,train
356,295,4,train
471,509,5,train
234,5,4,train
208,576,5,train
946,320,3,train
380,480,4,train
54,194,5,train
200,236,5,train
375,413,3,train
225,56,3,train
833,206,5,train
548,57,5,train
518,176,4,train
17,141,4,train
128,525,5,train
174,36,5,train
761,336,4,train
830,16,5,train
727,0,4,train
329,236,5,train
420,504,5,train
84,22,5,train
880,159,4,train
851,106,2,train
204,464,3,train
704,100,5,train
472,245,5,train
208,100,3,train
266,189,4,train
722,127,3,train
278,424,5,train
401,450,5,train
285,202,4,train
523,337,4,train
895,368,4,train
18,49,5,train
794,153,5,train
63,459,5,train
558,7,5,train
98,25,4,train
644,556,3,train
41,274,5,train
503,127,4,train
266,202,2,train
822,314,3,train
148,502,4,train
274,357,4,train
970,14,5,train
384,49,4,train
470,319,5,train
576,436,5,train
363,450,5,train
265,304,5,train
368,519,4,train
671,588,5,train
639,281,5,train
884,46,3,train
976,574,4,train
168,523,5,train
712,593,4,train
500,204,4,train
886,535,4,train
17,354,4,train
919,288,5,train
315,7,5,train
677,561,5,train
814,340,5,train
472,575,2,train
361,41,5,train
146,464,5,train
828,74,3,train
276,129,5,train
394,421,5,train
970,225,4,train
465,31,4,train
920,340,3,train
88,99,3,train
637,208,4,train
528,86,4,train
472,337,5,train
519,10,5,train
896,342,5,train
310,561,4,train
888,71,3,train
782,569,3,train
904,361,4,train
607,174,5,train
161,337,4,train
840,168,2,train
369,525,4,train
952,312,3,train
257,168,1,train
544,202,5,train
48,168,3,train
159,196,5,train
839,463,5,train
175,180,4,train
158,90,4,train
608,279,3,train
26,498,4,train
629,148,2,train
581,257,5,train
246,558,4,train
52,374,4,train
654,395,5,train
896,228,5,train
472,237,4,train
342,548,4,train
712,597,5,train
7,312,4,train
996,401,3,train
440,550,5,train
174,548,4,train
251,548,3,train
335,450,4,train
755,358,4,train
779,441,1,train
819,385,4,train
91,63,5,train
190,294,5,train
555,361,4,train
175,138,3,train
624,219,4,train
413,71,4,train
740,327,3,train
212,355,5,train
11,66,4,train
968,94,5,train
143,126,5,train
212,108,4,train
407,479,5,train
847,594,5,train
863,234,5,train
221,385,5,train
120,338,5,train
683,196,4,train
819,579,5,train
992,240,4,train
485,484,2,train
89,296,3,train
108,377,3,train
604,176,5,train
712,395,5,train
82,18,3,train
415,317,4,train
990,497,5,train
742,261,5,train
563,125,4,train
126,178,5,train
89,410,4,train
175,123,4,train
136,338,4,train
806,76,4,train
350,211,5,train
890,530,2,train
574,147,5,train
623,505,4,train
978,142,5,train
525,42,5,train
271,108,4,train
149,484,3,train
673,582,2,train
961,553,5,train
932,317,3,train
836,53,4,train
727,66,5,train
781,202,3,train
781,75,5,train
466,340,5,train
44,556,5,train
575,323,5,train
415,264,3,train
195,123,5,train
646,10,3,train
83,582,4,train
696,456,3,train
849,239,4,train
134,361,2,train
177,482,4,train
205,265,5,train
931,115,5,train
639,31,5,train
708,450,5,train
661,571,4,train
983,595,5,train
872,576,4,train
379,550,5,train
195,497,5,train
940,389,4,train
934,340,4,train
785,219,3,train
702,301,5,train
844,351,3,train
978,226,5,train
211,549,5,train
621,280,5,train
296,436,5,train
309,267,3,train
717,38,3,train
572,337,5,train
110,386,5,train
622,206,3,train
956,31,5,train
304,252,3,train
185,264,2,train
960,537,4,train
853,91,4,train
770,317,1,train
323,280,5,train
970,304,5,train
220,444,5,train
897,18,5,train
797,30,5,train
227,100,5,train
405,31,5,train
10,8,3,train
114,180,4,train
950,62,4,train
112,254,3,train
888,287,5,train
568,229,5,train
857,168,3,train
88,574,5,train
432,131,4,train
890,396,3,train
105,285,3,train
737,82,5,train
33,216,2,train
753,292,5,train
733,337,4,train
87,293,5,train
283,174,3,train
634,114,4,train
335,240,4,train
598,442,5,train
291,98,5,train
957,409,5,train
684,429,4,train
768,438,5,train
646,29,3,train
527,167,4,train
905,12,3,train
648,571,4,train
748,336,3,train
336,524,3,train
941,482,3,train
298,207,4,train
563,370,4,train
978,546,5,train
787,100,5,train
843,530,2,train
234,371,5,train
465,594,3,train
993,277,4,train
72,517,4,train
982,151,5,train
20,244,5,train
224,293,5,train
992,14,5,train
411,592,5,train
793,296,4,train
157,416,5,train
488,234,3,train
734,537,3,train
40,444,2,train
236,216,2,train
796,435,3,train
750,498,2,train
450,271,4,train
763,490,5,train
946,194,5,train
527,119,5,train
621,36,4,train
191,342,4,train
10,480,5,train
234,240,4,train
618,239,3,train
896,94,2,train
548,30,5,train
959,571,4,train
740,392,4,train
6,518,4,train
733,429,4,train
22,90,4,train
732,543,3,train
828,321,3,train
516,384,5,train
482,523,4,train
491,525,5,train
14,441,4,train
25,91,4,train
408,117,2,train
528,162,5,train
384,16,4,train
45,396,4,train
931,231,5,train
114,89,3,train
571,94,4,train
161,290,4,train
392,29,5,train
690,129,5,train
118,174,4,train
267,18,3,train
341,479,3,train
191,337,5,train
177,61,3,train
360,261,3,train
694,420,5,train
797,112,5,train
519,347,2,train
458,473,3,train
798,167,4,train
419,334,3,train
700,445,5,train
128,585,5,train
895,579,3,train
336,159,3,train
120,429,3,train
749,464,5,train
407,366,4,train
32,594,3,train
103,349,4,train
513,236,5,train
63,212,4,train
826,161,5,train
391,239,4,train
491,273,5,train
797,410,2,train
578,282,5,train
572,201,5,train
72,151,4,train
835,516,5,train
8,436,3,train
654,567,4,train
534,338,4,train
117,120,4,train
251,182,5,train
270,525,5,train
558,20,5,train
428,110,4,train
191,114,5,train
937,42,3,train
568,524,5,train
283,181,5,train
442,330,4,train
534,593,5,train
123,88,4,train
895,524,3,train
601,372,2,train
476,455,3,train
677,197,3,train
843,509,4,train
570,336,3,train
830,321,4,train
841,557,5,train
506,162,3,train
618,360,5,train
148,273,2,train
241,428,4,train
690,16,5,train
139,94,5,train
26,442,4,train
600,361,2,train
896,412,4,train
104,450,5,train
901,286,4,train
607,222,4,train
94,354,4,train
510,570,5,train
335,124,5,train
542,411,4,train
838,272,4,train
297,590,3,train
177,378,5,train
82,41,5,train
883,511,5,train
87,14,5,train
79,458,5,train
272,222,3,train
362,0,2,train
550,429,4,train
572,46,3,train
516,202,3,train
375,221,2,train
544,67,5,train
364,594,4,train
442,585,4,train
491,407,5,train
904,371,5,train
629,100,5,train
521,255,5,train
498,217,5,train
471,303,3,train
117,187,3,train
974,573,4,train
371,464,4,train
797,518,3,train
215,304,5,train
364,556,4,train
326,17,3,train
994,7,5,train
653,90,5,train
386,41,4,train
471,539,3,train
872,391,5,train
823,330,5,train
831,445,5,train
113,18,2,train
799,536,5,train
795,476,5,train
553,307,3,train
140,78,2,train
20,550,5,train
736,222,3,train
84,168,3,train
839,424,4,train
435,18,5,train
414,27,4,train
43,330,4,train
861,249,4,train
218,130,4,train
474,184,5,train
915,395,4,train
349,395,5,train
949,75,5,train
544,239,4,train
423,406,5,train
787,280,3,train
635,87,4,train
22,371,3,train
384,574,4,train
356,244,5,train
175,386,5,train
125,470,1,train
221,208,4,train
551,133,3,train
293,321,5,train
688,495,4,train
970,194,5,train
472,588,4,train
483,276,5,train
831,594,5,train
968,399,4,train
817,142,4,train
269,457,5,train
354,509,4,train
274,256,4,train
69,350,3,train
119,523,5,train
623,593,5,train
162,194,5,train
775,110,4,train
539,356,3,train
386,153,5,train
684,457,5,train
321,576,2,train
17,458,4,train
810,539,2,train
116,20,5,train
758,576,3,train
550,44,4,train
194,547,5,train
711,326,4,train
786,457,5,train
152,529,2,train
673,467,4,train
398,77,5,train
259,80,5,train
63,460,4,train
961,190,5,train
21,100,4,train
771,345,3,train
891,347,2,train
243,36,4,train
359,99,3,train
250,441,4,train
40,230,4,train
29,504,3,train
63,361,3,train
472,318,4,train
752,280,5,train
929,155,4,train
808,459,3,train
987,580,4,train
9,332,5,train
824,148,5,train
618,148,2,train
287,429,5,train
502,493,5,train
361,142,5,train
52,126,5,train
178,481,3,train
643,288,5,train
84,115,5,train
335,541,3,train
61,238,5,train
880,160,4,train
550,453,4,train
328,110,2,train
58,450,5,train
57,295,4,train
996,436,4,train
618,236,5,train
419,358,5,train
430,502,3,train
210,25,3,train
3,293,3,train
545,240,5,train
425,152,3,train
568,110,3,train
354,255,4,train
292,371,5,train
442,27,3,train
735,274,3,train
722,504,5,train
851,151,2,train
125,216,5,train
940,457,2,train
831,27,5,train
823,550,5,train
232,592,5,train
62,245,3,train
419,80,4,train
803,252,5,train
655,194,5,train
187,496,4,train
770,420,5,train
857,372,4,train
302,87,3,train
329,53,4,train
559,276,5,train
904,506,5,train
140,523,5,train
742,370,5,train
835,580,5,train
434,493,4,train
362,254,5,train
854,269,5,train
804,338,5,train
759,561,3,train
154,355,5,train
717,240,5,train
174,354,5,train
565,321,2,train
819,450,5,train
298,297,4,train
212,273,3,train
246,548,3,train
26,36,4,train
782,480,5,train
910,176,5,train
309,575,5,train
553,78,4,train
413,140,2,train
610,516,5,train
159,120,4,train
496,396,5,train
486,582,4,train
5,596,3,train
258,191,4,train
791,464,4,train
854,429,4,train
420,209,5,train
39,134,5,train
974,134,3,train
576,457,5,train
323,393,5,train
437,486,4,train
282,259,3,train
537,17,4,train
418,257,5,train
967,582,5,train
960,198,5,train
32,100,5,train
695,308,5,train
177,76,5,train
895,124,5,train
57,46,5,train
598,480,5,train
937,258,4,train
746,202,3,train
57,153,4,train
253,582,5,train
660,279,3,train
836,134,5,train
395,245,5,train
426,32,3,train
576,502,5,train
690,549,3,train
50,264,3,train
515,27,4,train
200,355,2,train
9,552,5,train
829,428,4,train
657,239,3,train
970,115,4,train
197,334,5,train
876,134,5,train
839,321,4,train
969,296,4,train
705,398,5,train
861,30,2,train
246,389,3,train
535,36,5,train
643,290,5,train
897,59,5,train
653,166,5,train
526,185,5,train
45,514,3,train
721,308,5,train
457,115,4,train
391,236,5,train
93,273,5,train
936,168,3,train
692,259,5,train
523,31,5,train
310,593,4,train
838,471,2,train
572,564,4,train
127,513,5,train
172,40,4,train
507,457,4,train
672,457,5,train
799,30,3,train
812,368,5,train
357,327,5,train
93,16,5,train
643,337,5,train
978,27,2,train
369,444,3,train
445,168,3,train
326,354,5,train
26,264,3,train
911,458,4,train
605,30,5,train
781,404,5,train
940,572,5,train
833,407,4,train
218,473,5,train
549,19,2,train
130,570,5,train
623,336,5,train
822,12,2,train
937,317,2,train
745,9,4,train
49,301,5,train
516,423,4,train
515,382,5,train
922,168,5,train
157,100,3,train
99,594,2,train
502,474,5,train
94,36,2,train
589,301,5,train
76,270,3,train
374,490,5,train
318,314,4,train
120,554,4,train
407,62,5,train
335,555,3,train
734,115,5,train
63,582,4,train
719,30,5,train
598,293,5,train
367,277,4,train
821,273,5,train
429,229,5,train
273,360,5,train
881,29,5,train
192,19,3,train
896,167,3,train
270,540,5,train
407,176,3,train
192,570,5,train
755,361,4,train
170,238,5,train
57,158,5,train
446,28,4,train
1,330,3,train
165,138,3,train
617,321,3,train
781,120,3,train
674,496,5,train
427,527,5,train
807,31,5,train
97,102,5,train
349,588,5,train
176,298,5,train
788,12,4,train
438,77,3,train
469,354,4,train
442,6,5,train
282,261,5,train
899,486,3,train
96,554,4,train
177,146,2,train
226,138,3,train
365,570,2,train
748,69,5,train
809,591,5,train
373,429,4,train
119,330,3,train
572,378,5,train
689,262,5,train
880,429,4,train
934,440,4,train
621,567,4,train
510,327,3,train
553,358,5,train
392,334,5,train
841,592,3,train
387,261,5,train
813,480,5,train
512,168,3,train
951,556,3,train
328,420,3,train
170,254,5,train
225,593,4,train
521,277,5,train
8,276,5,train
186,570,5,train
653,168,4,train
96,553,5,train
335,484,5,train
910,504,3,train
297,290,4,train
740,149,5,train
792,26,5,train
689,167,3,train
611,288,5,train
834,429,3,train
100,196,5,train
286,225,5,train
778,441,1,train
935,5,4,train
912,460,2,train
249,264,5,train
662,475,5,train
83,52,3,train
960,549,5,train
559,309,5,train
283,444,4,train
129,327,3,train
682,75,4,train
686,595,5,train
741,7,5,train
693,254,5,train
606,336,5,train
870,450,5,train
116,31,5,train
157,414,2,train
72,596,4,train
200,78,3,train
122,429,4,train
898,574,4,train
589,116,4,train
475,153,5,train
411,436,5,train
514,148,5,train
695,100,5,train
330,7,5,train
166,454,4,train
580,419,2,train
405,321,5,train
462,361,5,train
601,523,5,train
425,396,3,train
84,381,3,train
755,276,5,train
304,70,1,train
141,444,5,train
169,574,4,train
393,296,2,train
48,271,5,train
151,577,3,train
654,103,5,train
126,296,5,train
187,198,5,train
656,129,5,train
395,332,5,train
902,262,5,train
223,331,5,train
662,251,4,train
797,588,3,train
809,239,5,train
216,565,3,train
391,429,4,train
778,338,4,train
147,574,4,train
606,126,3,train
655,336,1,train
571,371,5,train
926,437,3,train
746,525,3,train
928,190,3,train
954,195,3,train
66,543,3,train
229,361,3,train
138,295,2,train
480,570,5,train
338,134,3,train
568,531,4,train
256,401,2,train
690,305,5,train
63,304,5,train
1,133,4,train
580,121,5,train
979,208,5,train
650,224,3,train
921,323,3,train
704,146,5,train
443,301,3,train
98,180,5,train
896,570,5,train
445,548,3,train
187,239,4,train
267,327,4,train
828,426,5,train
478,358,5,train
315,279,5,train
740,543,5,train
839,504,5,train
510,305,4,train
472,90,2,train
103,304,3,train
157,75,5,train
480,279,5,train
700,556,1,train
255,8,3,train
717,354,3,train
804,429,3,train
386,124,3,train
200,160,5,train
272,194,5,train
506,144,4,train
558,428,3,train
72,476,3,train
32,27,5,train
951,480,5,train
229,162,5,train
162,425,5,train
656,99,3,train
494,517,5,train
780,100,4,train
766,345,3,train
427,106,4,train
933,312,4,train
757,464,5,train
115,553,5,train
921,103,5,train
292,337,5,train
974,357,5,train
778,590,4,train
350,240,3,train
481,25,4,train
662,185,5,train
6,457,5,train
78,216,5,train
690,521,5,train
484,211,5,train
515,222,4,train
233,142,4,train
434,31,3,train
431,588,5,train
414,429,4,train
905,588,5,train
824,348,3,train
587,297,5,train
660,297,5,train
443,429,4,train
45,14,4,train
459,160,5,train
411,124,5,train
159,82,5,train
115,450,4,train
541,14,5,train
723,202,5,train
120,239,3,train
122,330,5,train
537,535,4,train
128,220,4,train
857,6,5,train
220,340,3,train
654,293,5,train
463,363,5,train
495,404,5,train
839,18,5,train
572,381,5,train
911,191,4,train
477,114,4,train
311,283,4,train
331,523,5,train
341,375,5,train
5,277,4,train
249,535,5,train
974,428,3,train
970,473,3,train
474,53,1,train
113,429,3,train
65,51,3,train
286,525,4,train
720,244,5,train
96,546,5,train
813,549,5,train
926,525,5,train
209,336,3,train
750,562,3,train
50,429,3,train
405,75,4,train
643,26,5,train
951,594,2,train
282,517,4,train
583,458,5,train
746,211,5,train
717,518,5,train
940,419,4,train
33,460,4,train
857,588,5,train
548,579,5,train
678,561,4,train
988,310,4,train
755,75,4,train
629,493,5,train
25,530,1,train
2,560,3,train
834,598,4,train
596,211,5,train
829,356,3,train
3,566,3,train
829,450,5,train
510,159,5,train
196,196,5,train
747,350,4,train
917,280,5,train
625,296,5,train
450,396,3,train
371,62,4,train
132,550,5,train
967,36,5,train
881,469,3,train
716,43,5,train
339,47,5,train
606,400,5,train
498,293,3,train
361,226,5,train
605,450,3,train
209,381,5,train
482,452,5,train
766,591,5,train
410,44,4,train
851,102,5,train
711,361,3,train
84,340,5,train
813,272,4,train
763,16,4,train
45,34,5,train
270,134,2,train
405,30,5,train
462,168,3,train
768,458,4,train
940,94,4,train
33,563,2,train
423,330,5,train
404,98,4,train
981,339,5,train
358,538,1,train
177,427,4,train
661,436,5,train
891,30,5,train
500,103,4,train
427,491,5,train
615,94,3,train
195,156,5,train
265,87,5,train
372,285,4,train
624,0,3,train
546,576,5,train
177,71,3,train
347,100,4,train
785,264,3,train
638,123,4,train
584,330,5,train
885,159,5,train
34,444,3,train
320,504,3,train
633,535,4,train
492,559,4,train
88,230,5,train
43,203,4,train
311,100,4,train
572,471,5,train
476,276,2,train
395,202,4,train
716,207,1,train
236,120,5,train
717,8,4,train
826,277,2,train
1,500,3,train
981,358,5,train
584,464,4,train
505,396,1,train
900,176,4,train
283,429,3,train
792,84,3,train
395,151,5,train
59,493,5,train
779,241,3,train
154,168,3,train
946,579,4,train
16,377,4,train
413,352,2,train
429,553,5,train
361,296,3,train
903,219,5,train
778,232,4,train
515,591,5,train
707,2,5,train
13,162,3,train
740,37,5,train
994,46,4,train
350,429,4,train
16,570,5,train
563,332,3,train
704,549,4,train
539,523,5,train
739,336,5,train
121,519,5,train
292,582,5,train
99,179,4,train
480,100,5,train
271,115,5,train
903,129,4,train
951,476,4,train
721,376,3,train
318,296,5,train
175,259,4,train
890,5,5,train
16,270,4,train
32,590,2,train
819,381,5,train
896,330,2,train
307,252,5,train
60,469,4,train
498,136,4,train
445,518,5,train
845,100,5,train
683,72,4,train
676,22,5,train
927,258,4,train
304,358,5,train
153,167,4,train
890,549,2,train
596,548,5,train
767,428,3,train
804,450,4,train
880,556,5,train
919,330,3,train
748,264,3,train
9,254,3,train
103,36,2,train
603,512,5,train
161,129,3,train
934,196,5,train
807,330,5,train
169,558,5,train
536,217,4,train
361,104,4,train
659,87,1,train
642,108,4,train
563,484,4,train
155,155,4,train
300,330,5,train
740,331,5,train
693,475,5,train
722,431,4,train
335,405,3,train
252,236,2,train
824,575,5,train
121,20,5,train
959,133,5,train
177,472,5,train
755,323,5,train
380,368,3,train
184,429,3,train
831,15,5,train
91,395,5,train
129,321,5,train
151,156,5,train
282,557,5,train
63,261,5,train
180,590,4,train
129,387,5,train
128,206,3,train
505,245,4,train
128,556,4,train
165,239,3,train
5,276,5,train
504,410,4,train
854,591,5,train
721,96,3,train
901,337,5,train
523,100,3,train
661,102,4,train
569,135,4,train
106,234,5,train
19,153,5,train
476,488,5,train
209,450,5,train
118,254,5,train
734,555,5,train
740,171,4,train
210,91,5,train
975,530,3,train
788,388,5,train
596,550,5,train
891,518,5,train
735,590,3,train
541,41,4,train
424,334,3,train
13,155,5,train
553,232,5,train
811,341,4,train
937,173,3,train
571,66,5,train
723,407,3,train
69,73,4,train
602,264,5,train
469,377,4,train
549,121,4,train
514,201,5,train
538,279,5,train
866,579,1,train
979,18,5,train
759,129,2,train
946,395,5,train
545,464,4,train
649,169,4,train
248,536,4,train
982,305,5,train
522,264,2,train
173,552,4,train
840,234,5,train
314,518,3,train
799,288,5,train
512,268,5,train
282,357,4,train
424,15,2,train
341,142,3,train
57,135,3,train
835,440,3,train
711,428,4,train
364,34,4,train
264,176,5,train
88,175,3,train
888,532,5,train
329,176,5,train
268,409,4,train
319,30,4,train
726,202,4,train
129,483,5,train
213,250,5,train
648,19,3,train
41,146,5,train
833,590,3,train
51,315,4,train
741,371,5,train
483,125,4,train
41,524,5,train
907,511,3,train
239,528,3,train
878,264,2,train
781,428,2,train
486,100,5,train
285,460,3,train
932,358,5,train
900,340,5,train
799,495,4,train
283,347,5,train
600,337,5,train
649,326,4,train
569,330,3,train
820,10,5,train
323,126,5,train
568,36,3,train
626,388,4,train
695,457,5,train
898,196,4,train
312,350,5,train
667,577,5,train
392,42,4,train
886,20,5,train
427,396,3,train
207,360,4,train
943,176,5,train
246,0,3,train
142,213,5,train
210,562,4,train
704,553,5,train
974,550,5,train
446,252,3,train
779,208,4,train
719,8,4,train
608,572,5,train
857,429,3,train
749,480,3,train
862,401,5,train
820,504,3,train
48,244,5,train
179,218,4,train
470,494,5,train
38,241,5,train
125,450,5,train
467,338,5,train
354,239,4,train
167,225,4,train
970,428,3,train
501,176,5,train
246,396,2,train
899,460,4,train
63,493,5,train
506,174,4,train
90,429,4,train
840,342,2,train
481,429,3,train
65,332,4,train
693,176,5,train
5,330,4,train
761,153,5,train
738,199,5,train
267,463,4,train
478,595,2,train
833,270,4,train
712,518,4,train
231,202,4,train
889,73,5,train
545,392,4,train
792,506,3,train
513,123,4,train
65,405,4,train
785,199,5,train
117,129,3,train
159,94,5,train
900,296,3,train
704,554,4,train
188,106,4,train
740,359,3,train
957,119,5,train
752,552,4,train
755,321,5,train
273,502,4,train
320,26,4,train
320,240,2,train
950,504,2,train
948,521,3,train
112,330,5,train
257,519,1,train
170,383,5,train
437,440,4,train
328,535,4,train
132,505,3,train
502,153,5,train
926,157,3,train
553,574,4,train
487,116,4,train
513,17,4,train
23,103,4,train
672,219,5,train
331,219,5,train
335,8,5,train
188,546,5,train
182,593,4,train
790,321,4,train
525,379,4,train
175,506,4,train
274,202,4,train
554,436,5,train
936,460,5,train
484,361,4,train
745,382,5,train
650,457,5,train
325,392,4,train
790,460,3,train
114,471,4,train
251,296,4,train
755,292,4,train
72,41,5,train
652,88,4,train
506,476,5,train
710,200,5,train
237,30,5,train
429,148,3,train
931,112,5,train
150,43,4,train
764,42,4,train
571,437,4,train
157,585,3,train
971,41,4,train
245,16,3,train
411,278,3,train
768,450,5,train
606,359,5,train
501,193,4,train
23,31,4,train
119,134,5,train
174,176,5,train
811,20,5,train
181,395,3,train
487,340,2,train
423,41,5,train
799,326,2,train
589,151,5,train
521,330,4,train
710,26,3,train
907,410,5,train
637,18,5,train
720,594,4,train
640,392,5,train
658,175,4,train
895,50,3,train
623,36,5,train
131,523,5,train
616,143,5,train
166,208,4,train
649,239,4,train
797,532,1,train
755,191,5,train
350,18,5,train
659,111,3,train
435,504,5,train
128,192,5,train
36,385,5,train
972,19,4,train
824,340,5,train
84,336,4,train
308,234,5,train
13,547,4,train
505,538,4,train
782,326,4,train
375,427,3,train
165,146,4,train
874,429,4,train
725,168,3,train
216,474,5,train
352,82,3,train
752,310,4,train
682,508,5,train
606,252,3,train
9,524,5,train
761,239,4,train
178,75,3,train
992,126,5,train
580,410,4,train
973,162,4,train
91,30,5,train
908,172,3,train
971,336,5,train
578,280,5,train
904,399,4,train
26,480,2,train
572,131,2,train
470,412,5,train
901,25,4,train
575,427,4,train
224,126,5,train
743,423,5,train
252,585,5,train
786,424,5,train
766,338,5,train
666,382,4,train
734,229,4,train
661,277,5,train
836,448,5,train
539,536,5,train
403,330,5,train
702,400,5,train
582,588,5,train
599,129,2,train
45,535,3,train
464,147,5,train
181,245,4,train
223,406,4,train
362,380,3,train
811,518,5,train
761,516,5,train
978,81,5,train
945,572,4,train
249,450,5,train
175,43,3,train
254,544,5,train
966,117,4,train
952,278,4,train
736,194,5,train
208,24,5,train
199,148,4,train
21,168,4,train
308,155,5,train
700,277,3,train
115,470,2,train
607,4,5,train
459,116,5,train
74,446,5,train
125,320,5,train
692,284,4,train
877,202,2,train
294,88,5,train
114,20,5,train
345,368,5,train
606,587,4,train
658,2,3,train
728,340,2,train
1,572,4,train
825,588,5,train
48,134,2,train
665,490,5,train
422,544,3,train
107,116,3,train
799,111,2,train
733,109,3,train
365,19,3,train
409,245,4,train
211,50,3,train
712,140,4,train
118,490,4,train
212,235,5,train
571,197,5,train
914,590,4,train
672,504,5,train
789,420,5,train
161,141,5,train
525,179,3,train
840,267,3,train
979,262,5,train
103,9,3,train
225,388,5,train
533,297,5,train
689,31,5,train
205,240,5,train
858,467,4,train
66,185,5,train
492,6,5,train
430,337,3,train
804,422,5,train
392,219,5,train
502,335,5,train
563,159,4,train
132,463,5,train
533,120,4,train
796,236,4,train
829,49,5,train
335,117,3,train
471,87,5,train
219,347,5,train
505,268,4,train
767,335,3,train
841,87,5,train
437,572,4,train
149,234,5,train
327,277,3,train
66,541,4,train
911,386,5,train
829,429,3,train
508,365,5,train
390,594,4,train
546,379,3,train
126,330,5,train
456,194,5,train
677,340,4,train
250,90,3,train
158,124,5,train
314,240,4,train
484,373,4,train
29,538,3,train
829,211,3,train
913,574,3,train
518,190,5,train
887,302,5,train
569,565,4,train
140,105,5,train
958,524,5,train
462,571,3,train
139,429,3,train
564,464,5,train
682,556,5,train
463,297,5,train
680,102,5,train
342,36,4,train
6,234,5,train
711,115,2,train
103,429,4,train
603,143,5,train
186,428,4,train
961,26,4,train
881,72,5,train
373,356,3,train
161,49,5,train
575,340,5,train
103,314,4,train
901,382,4,train
543,153,4,train
42,427,5,train
120,173,5,train
575,183,3,train
164,490,5,train
768,168,3,train
212,179,4,train
329,81,2,train
955,549,5,train
796,106,4,train
926,479,4,train
16,582,5,train
449,490,3,train
130,123,4,train
518,127,4,train
72,101,5,train
440,594,5,train
374,337,4,train
914,50,4,train
689,211,5,train
688,105,5,train
556,159,5,train
196,217,4,train
350,594,4,train
409,167,3,train
714,517,5,train
116,518,5,train
619,336,2,train
545,88,3,train
870,361,4,train
756,463,4,train
633,368,5,train
296,194,5,train
689,338,4,train
818,208,5,train
215,166,3,train
309,301,3,train
107,9,4,train
106,451,5,train
740,284,3,train
1,441,2,train
705,204,4,train
869,234,5,train
9,76,5,train
702,354,3,train
388,16,4,train
169,264,3,train
251,517,5,train
613,569,4,train
498,519,5,train
593,239,3,train
927,137,5,train
557,495,5,train
719,328,2,train
106,323,5,train
442,504,5,train
427,520,3,train
592,411,1,train
706,47,3,train
498,444,4,train
459,134,4,train
904,513,4,train
366,582,4,train
802,395,5,train
405,20,5,train
9,453,4,train
867,52,3,train
545,129,5,train
833,404,5,train
485,571,4,train
827,574,5,train
545,395,5,train
508,219,5,train
89,524,5,train
92,194,5,train
926,549,5,train
867,474,4,train
63,577,5,train
7,174,3,train
994,371,5,train
684,63,5,train
306,240,4,train
257,239,2,train
894,407,5,train
88,337,4,train
759,395,5,train
437,339,5,train
459,475,5,train
460,116,4,train
792,168,3,train
369,165,3,train
177,357,4,train
433,199,3,train
596,222,4,train
868,42,5,train
591,305,5,train
233,88,5,train
341,152,3,train
470,361,3,train
961,84,3,train
375,168,3,train
67,455,2,train
836,565,4,train
930,80,5,train
819,345,3,train
717,217,2,train
937,590,4,train
389,340,3,train
950,456,4,train
419,525,5,train
841,74,4,train
741,277,5,train
326,336,3,train
209,543,4,train
908,504,5,train
149,194,5,train
748,504,4,train
904,460,4,train
968,555,4,train
92,120,5,train
768,176,5,train
26,593,5,train
710,167,3,train
743,239,4,train
574,592,4,train
252,184,5,train
780,37,5,train
40,141,3,train
22,463,5,train
103,62,3,train
358,368,5,train
785,542,3,train
78,190,5,train
398,425,5,train
65,28,4,train
544,460,4,train
564,14,4,train
228,368,4,train
1,74,3,train
219,28,4,train
336,30,5,train
659,180,5,train
420,510,5,train
797,277,2,train
53,429,3,train
264,45,3,train
262,525,5,train
745,234,4,train
256,373,5,train
668,493,5,train
575,101,4,train
661,323,5,train
486,350,2,train
706,0,4,train
548,484,5,train
212,31,3,train
360,121,4,train
471,172,5,train
474,95,5,train
769,116,4,train
446,590,4,train
44,546,5,train
944,352,2,train
420,131,4,train
270,93,3,train
343,519,4,train
684,461,5,train
852,332,5,train
324,168,5,train
515,52,5,train
344,121,4,train
386,438,4,train
569,503,4,train
700,330,3,train
47,301,4,train
911,202,5,train
189,592,5,train
43,284,4,train
802,49,5,train
481,191,4,train
45,438,5,train
679,429,5,train
175,87,2,train
459,8,4,train
468,201,5,train
57,527,5,train
243,548,3,train
410,546,5,train
658,134,2,train
396,438,4,train
847,230,5,train
564,522,3,train
746,1,4,train
800,525,3,train
6,516,3,train
90,356,2,train
411,444,3,train
907,159,5,train
782,493,5,train
130,474,5,train
937,115,3,train
531,179,4,train
75,507,5,train
196,74,3,train
361,482,5,train
306,31,3,train
282,56,5,train
735,194,4,train
514,505,2,train
961,2,5,train
975,133,5,train
382,396,2,train
411,429,3,train
873,395,5,train
646,429,3,train
748,87,3,train
406,304,5,train
742,218,5,train
861,305,5,train
114,277,4,train
537,245,3,train
279,1,3,train
690,593,5,train
800,180,5,train
177,194,2,train
781,109,5,train
376,406,5,train
898,576,3,train
65,444,5,train
902,264,4,train
576,106,4,train
728,377,4,train
677,245,5,train
474,181,5,train
548,236,5,train
433,363,3,train
725,134,4,train
139,261,5,train
297,340,5,train
508,585,4,train
485,42,4,train
110,529,3,train
292,102,5,train
952,46,4,train
215,16,3,train
172,330,4,train
568,310,4,train
708,236,5,train
391,471,5,train
755,125,5,train
916,350,4,train
674,187,4,train
959,276,5,train
342,337,5,train
697,429,5,train
446,75,5,train
796,372,4,train
780,474,3,train
744,176,5,train
103,239,2,train
177,290,3,train
337,229,5,train
90,25,4,train
655,553,4,train
234,450,5,train
786,531,4,train
405,123,5,train
880,564,5,train
462,245,5,train
9,233,3,train
150,420,3,train
624,401,5,train
469,9,4,train
175,91,5,train
574,475,4,train
66,94,2,train
267,123,5,train
866,374,4,train
429,574,3,train
209,579,3,train
196,358,4,train
699,168,3,train
446,151,5,train
250,427,5,train
485,264,4,train
195,208,5,train
869,361,4,train
544,553,3,train
726,494,2,train
659,165,2,train
16,136,3,train
204,396,4,train
883,57,4,train
766,176,5,train
538,561,3,train
748,244,5,train
364,590,4,train
327,396,2,train
952,529,4,train
13,94,4,train
353,556,5,train
923,22,3,train
563,564,4,train
825,100,5,train
59,535,4,train
321,215,2,train
857,376,4,train
431,204,5,train
125,229,4,train
109,518,4,train
716,380,4,train
47,560,1,train
443,158,5,train
731,523,5,train
635,543,4,train
74,36,4,train
513,598,4,train
212,571,5,train
940,104,3,train
361,74,5,train
437,106,4,train
337,360,5,train
253,277,4,train
474,429,2,train
883,225,5,train
793,330,5,train
334,528,3,train
114,156,5,train
429,2,5,train
916,429,4,train
889,179,5,train
32,236,4,train
335,264,4,train
771,188,5,train
368,532,4,train
450,222,4,train
115,399,5,train
660,429,3,train
437,409,5,train
452,285,4,train
163,71,4,train
784,457,5,train
789,29,5,train
152,396,1,train
981,580,2,train
995,429,4,train
460,441,3,train
691,361,4,train
622,6,5,train
794,53,5,train
29,440,2,train
904,6,5,train
240,356,3,train
572,315,4,train
839,202,5,train
421,234,5,train
934,585,4,train
105,204,5,train
283,509,2,train
114,463,5,train
702,598,4,train
746,221,4,train
509,429,4,train
617,392,5,train
386,517,4,train
404,582,5,train
408,190,4,train
270,52,5,train
895,424,5,train
356,548,3,train
330,496,4,train
689,596,5,train
377,202,4,train
244,232,4,train
330,523,5,train
894,496,5,train
470,206,4,train
113,240,5,train
477,72,3,train
321,74,3,train
179,340,4,train
267,444,3,train
411,142,3,train
434,133,5,train
714,479,4,train
546,115,5,train
158,366,3,train
221,570,4,train
707,399,4,train
85,594,5,train
148,504,3,train
154,58,4,train
992,447,4,train
21,91,5,train
740,449,5,train
651,330,3,train
543,180,5,train
269,444,2,train
352,59,4,train
46,1,5,train
569,196,4,train
352,6,4,train
272,22,4,train
609,297,5,train
996,372,3,train
549,392,5,train
334,475,5,train
760,354,5,train
220,190,5,train
388,305,4,train
160,103,5,train
321,344,5,train
908,336,4,train
910,354,5,train
1,396,2,train
697,72,4,train
267,290,5,train
26,116,5,train
966,550,5,train
755,456,5,train
439,93,3,train
492,456,5,train
551,239,1,train
772,509,3,train
676,525,5,train
309,488,4,train
17,225,5,train
722,594,5,train
467,429,3,train
792,314,3,train
765,148,5,train
902,47,4,train
364,2,5,train
897,240,5,train
305,323,4,train
797,382,4,train
565,120,5,train
175,570,2,train
934,315,3,train
572,354,5,train
688,562,4,train
583,592,5,train
212,425,4,train
825,524,4,train
351,550,5,train
294,363,4,train
687,590,4,train
316,336,4,train
512,508,5,train
379,285,5,train
704,437,2,train
997,358,5,train
542,106,5,train
655,72,4,train
682,469,5,train
300,403,5,train
844,591,5,train
157,560,5,train
208,29,4,train
297,519,5,train
748,582,2,train
495,121,2,train
601,16,5,train
382,317,4,train
605,31,4,train
328,383,5,train
572,240,3,train
341,252,4,train
920,225,5,train
90,564,3,train
700,108,4,train
246,2,4,train
25,29,3,train
981,199,4,train
203,254,5,train
354,368,5,train
985,348,5,train
776,386,5,train
684,399,5,train
334,336,4,train
342,383,4,train
729,178,4,train
993,245,3,train
111,239,3,train
115,548,5,train
69,304,5,train
286,484,4,train
682,153,4,train
772,153,4,train
891,100,5,train
208,599,5,train
924,23,5,train
921,275,4,train
749,50,3,train
795,254,4,train
115,498,5,train
159,136,3,train
708,153,5,train
124,359,4,train
44,61,5,train
906,2,4,train
974,447,2,train
57,455,5,train
458,160,4,train
357,360,5,train
741,37,5,train
117,284,4,train
641,379,5,train
160,290,3,train
678,517,4,train
663,104,5,train
507,30,5,train
483,22,4,train
387,130,5,train
10,26,4,train
739,335,2,train
981,129,4,train
100,240,5,train
190,14,3,train
846,196,5,train
46,113,4,train
187,73,5,train
627,112,5,train
799,416,2,train
124,389,2,train
674,595,5,train
429,155,3,train
933,334,3,train
87,176,5,train
42,444,5,train
47,518,1,train
272,269,3,train
617,236,4,train
460,495,3,train
477,524,5,train
253,411,5,train
623,598,4,train
326,378,5,train
681,563,3,train
936,129,5,train
536,581,5,train
752,543,4,train
623,595,5,train
824,196,5,train
386,330,3,train
960,330,3,train
411,498,4,train
907,15,2,train
749,337,5,train
146,304,5,train
579,429,4,train
748,335,5,train
128,148,5,train
545,348,4,train
855,87,4,train
577,583,5,train
175,550,5,train
965,583,3,train
885,582,4,train
208,362,3,train
772,202,5,train
283,115,4,train
668,371,5,train
131,429,5,train
971,75,5,train
870,246,5,train
149,436,5,train
889,562,5,train
799,34,5,train
44,26,5,train
740,197,4,train
220,330,5,train
781,560,5,train
659,460,3,train
545,26,5,train
158,112,5,train
981,142,3,train
641,204,2,train
950,428,5,train
1,294,4,train
249,273,4,train
10,112,5,train
218,481,4,train
951,350,4,train
646,386,5,train
432,155,3,train
188,78,3,train
360,345,4,train
741,599,3,train
568,476,4,train
950,364,5,train
866,396,3,train
576,277,4,train
340,194,4,train
736,469,4,train
283,504,3,train
721,590,3,train
57,489,4,train
358,442,3,train
177,153,4,train
900,121,2,train
517,354,4,train
361,504,5,train
175,266,4,train
661,288,3,train
980,395,5,train
46,517,5,train
384,444,5,train
904,178,5,train
935,556,3,train
10,121,3,train
937,234,5,train
713,229,3,train
390,47,2,train
384,203,5,train
554,429,4,train
870,231,5,train
147,134,5,train
596,330,5,train
654,253,4,train
952,27,2,train
17,498,4,train
168,437,5,train
757,153,5,train
53,18,4,train
872,471,3,train
646,203,5,train
10,206,4,train
680,490,4,train
766,363,3,train
100,50,2,train
17,422,3,train
687,320,3,train
883,330,4,train
9,244,5,train
352,1,5,train
62,576,2,train
812,596,3,train
699,570,5,train
953,440,2,train
461,330,4,train
312,474,5,train
508,208,4,train
961,137,4,train
71,230,4,train
471,371,5,train
472,553,3,train
829,457,5,train
188,561,4,train
763,242,5,train
531,525,4,train
188,130,5,train
659,217,4,train
73,523,5,train
356,597,3,train
901,416,5,train
722,409,2,train
943,320,4,train
810,305,5,train
432,9,3,train
241,30,5,train
484,16,5,train
888,165,5,train
614,264,3,train
741,326,5,train
137,337,4,train
34,184,5,train
216,506,5,train
283,537,3,train
348,20,5,train
748,162,5,train
309,596,3,train
458,134,5,train
718,240,5,train
450,574,5,train
910,168,4,train
606,449,4,train
250,432,5,train
441,336,3,train
674,450,5,train
664,331,5,train
486,504,4,train
550,436,3,train
549,49,5,train
915,459,4,train
295,254,5,train
901,450,5,train
283,427,5,train
165,119,5,train
131,334,5,train
627,334,5,train
54,445,5,train
775,479,5,train
87,376,4,train
537,26,5,train
462,9,4,train
391,464,5,train
662,264,3,train
510,191,5,train
976,403,3,train
737,354,3,train
829,52,2,train
953,94,4,train
640,168,3,train
283,540,5,train
734,429,3,train
585,231,5,train
698,446,4,train
32,5,4,train
427,358,5,train
877,277,2,train
606,323,4,train
439,535,5,train
138,389,2,train
69,475,3,train
350,342,4,train
661,131,5,train
500,42,2,train
617,202,3,train
179,399,4,train
87,57,5,train
382,570,4,train
510,7,5,train
515,162,5,train
673,337,3,train
310,361,4,train
437,230,3,train
660,523,5,train
289,464,3,train
656,75,3,train
368,358,5,train
103,334,4,train
580,361,5,train
660,438,5,train
867,155,3,train
790,88,4,train
228,172,5,train
988,254,5,train
167,9,4,train
96,94,3,train
585,140,3,train
805,370,5,train
927,396,4,train
967,162,3,train
470,237,3,train
200,516,5,train
71,30,5,train
219,297,5,train
966,219,3,train
157,269,5,train
802,240,4,train
979,504,5,train
656,506,4,train
61,295,2,train
180,262,5,train
714,94,5,train
655,556,3,train
394,558,5,train
643,305,4,train
432,535,5,train
72,598,4,train
190,395,5,train
442,264,4,train
865,274,3,train
33,440,5,train
38,330,3,train
326,489,4,train
780,91,5,train
531,448,3,train
331,328,3,train
487,464,3,train
120,404,5,train
566,588,5,train
253,178,4,train
248,93,3,train
470,163,4,train
313,525,5,train
38,596,4,train
204,222,4,train
575,558,3,train
526,437,5,train
756,18,5,train
96,330,5,train
477,493,4,train
684,538,3,train
469,317,4,train
408,599,4,train
30,206,5,train
542,590,3,train
161,445,5,train
891,143,4,train
703,82,4,train
187,549,5,train
76,168,2,train
0,556,3,train
310,208,3,train
761,280,5,train
667,571,5,train
644,277,4,train
780,336,3,train
177,399,5,train
994,474,5,train
547,100,5,train
513,337,5,train
785,234,4,train
419,401,5,train
576,202,5,train
721,395,3,train
755,473,4,train
652,593,4,train
145,156,5,train
534,87,3,train
694,493,5,train
664,429,4,train
51,599,4,train
99,239,3,train
896,565,4,train
576,390,3,train
439,320,2,train
571,7,5,train
790,479,5,train
207,107,5,train
298,340,5,train
458,549,3,train
424,202,4,train
414,320,3,train
215,429,3,train
108,390,3,train
431,151,5,train
121,202,4,train
875,437,2,train
249,548,4,train
511,61,4,train
766,339,5,train
511,279,4,train
738,160,5,train
819,216,4,train
682,356,3,train
328,202,2,train
872,264,3,train
492,428,4,train
826,160,5,train
51,519,5,train
889,32,3,train
10,123,2,train
749,320,4,train
545,330,3,train
599,259,3,train
721,131,3,train
528,568,4,train
378,320,3,train
970,405,4,train
160,405,4,train
300,239,2,train
714,389,4,train
166,561,4,train
108,592,4,train
754,281,3,train
28,253,3,train
883,176,5,train
133,350,2,train
685,337,5,train
182,396,5,train
107,359,2,train
580,587,5,train
577,87,2,train
325,440,4,train
644,94,4,train
396,460,4,train
768,305,4,train
820,460,5,train
983,570,4,train
904,202,5,train
110,354,4,train
364,531,5,train
338,293,2,train
389,222,4,train
413,460,4,train
14,160,5,train
578,493,5,train
985,239,4,train
933,272,4,train
253,279,5,train
632,450,5,train
263,449,3,train
969,456,5,train
553,7,3,train
776,203,5,train
469,532,3,train
561,110,3,train
446,123,3,train
862,94,2,train
721,202,2,train
477,46,5,train
412,110,3,train
264,202,3,train
465,556,3,train
515,168,3,train
375,457,5,train
601,196,2,train
622,399,4,train
841,574,5,train
373,594,5,train
58,464,4,train
526,249,5,train
623,280,5,train
829,497,4,train
710,274,4,train
550,114,5,train
738,429,4,train
703,196,3,train
605,142,4,train
714,143,5,train
925,363,4,train
979,585,4,train
195,49,5,train
827,323,4,train
544,479,3,train
334,264,4,train
379,392,5,train
360,18,2,train
768,42,5,train
66,16,5,train
579,98,4,train
221,20,5,train
111,151,3,train
103,54,3,train
800,229,5,train
5,456,5,train
896,260,5,train
963,490,5,train
526,115,4,train
567,558,3,train
34,15,3,train
221,132,5,train
741,376,1,train
81,398,5,train
19,12,5,train
560,218,5,train
740,480,5,train
959,202,5,train
808,148,5,train
993,178,5,train
989,153,5,train
114,91,4,train
398,457,5,train
572,273,5,train
779,88,2,train
529,474,4,train
970,293,4,train
892,74,3,train
69,368,3,train
587,338,4,train
11,168,3,train
669,239,1,train
65,396,4,train
254,276,4,train
569,315,4,train
913,368,5,train
85,227,5,train
215,464,3,train
474,347,5,train
177,229,5,train
625,549,4,train
707,163,5,train
162,460,4,train
520,343,5,train
431,146,4,train
158,230,4,train
521,82,4,train
221,131,5,train
790,255,4,train
750,191,4,train
467,560,5,train
583,129,3,train
91,581,5,train
88,403,3,train
881,75,4,train
636,222,5,train
219,448,3,train
542,75,5,train
654,494,2,train
497,330,4,train
569,27,3,train
804,147,5,train
975,276,5,train
623,153,5,train
781,34,5,train
26,368,5,train
247,576,1,train
445,121,5,train
362,239,4,train
996,392,3,train
518,550,4,train
100,142,4,train
749,301,4,train
335,84,3,train
856,429,3,train
523,427,3,train
252,29,3,train
200,196,4,train
926,495,4,train
495,354,3,train
177,115,3,train
178,488,2,train
984,473,5,train
497,202,3,train
204,137,3,train
844,153,5,train
381,536,5,train
847,42,5,train
169,103,5,train
644,309,4,train
656,536,5,train
817,267,4,train
160,557,4,train
896,519,4,train
202,61,5,train
515,261,3,train
102,365,5,train
876,234,4,train
460,36,4,train
989,374,4,train
547,6,5,train
621,236,4,train
889,317,2,train
441,148,5,train
160,116,5,train
832,338,2,train
549,463,5,train
690,52,3,train
41,45,5,train
903,105,5,train
341,555,5,train
208,447,4,train
520,546,5,train
947,46,3,train
952,285,3,train
562,78,2,train
132,100,3,train
123,16,5,train
971,167,5,train
569,340,4,train
740,104,5,train
648,548,2,train
425,258,3,train
829,73,5,train
43,363,3,train
864,123,5,train
565,284,3,train
893,88,4,train
826,455,4,train
854,354,5,train
795,429,3,train
856,194,4,train
481,395,5,train
298,88,3,train
61,532,4,train
247,505,4,train
326,170,4,train
548,116,5,train
752,277,3,train
114,297,3,train
960,396,1,train
152,350,4,train
717,304,5,train
682,233,5,train
345,382,5,train
752,558,4,train
901,535,5,train
421,432,3,train
570,549,5,train
130,110,3,train
103,198,5,train
950,74,3,train
57,429,4,train
327,15,1,train
904,2,5,train
548,85,5,train
603,240,5,train
57,510,5,train
227,49,5,train
674,598,4,train
17,403,2,train
968,240,5,train
582,484,3,train
175,421,5,train
565,202,4,train
974,429,4,train
12,115,1,train
161,116,3,train
790,190,4,train
660,103,5,train
218,148,3,train
1,429,2,train
699,527,5,train
387,395,5,train
41,70,5,train
251,544,4,train
362,222,2,train
568,222,5,train
105,479,4,train
712,116,4,train
251,94,3,train
175,76,5,train
85,257,5,train
41,211,3,train
968,47,3,train
566,15,3,train
186,273,5,train
655,30,4,train
918,8,4,train
233,78,3,train
53,203,5,train
461,281,4,train
886,490,3,train
144,473,4,train
957,360,3,train
91,461,5,train
910,188,4,train
285,360,5,train
9,389,5,train
664,404,5,train
793,444,5,train
788,275,5,train
539,570,5,train
46,296,4,train
606,547,3,train
926,126,3,train
125,580,4,train
434,515,4,train
6,208,4,train
676,380,4,train
940,87,5,train
256,240,5,train
677,476,5,train
922,170,5,train
740,206,4,train
712,391,5,train
741,367,5,train
41,151,5,train
652,232,5,train
497,226,5,train
403,595,3,train
414,524,5,train
29,0,4,train
231,311,3,train
500,264,1,train
1,143,5,train
90,187,4,train
387,304,5,train
217,73,4,train
700,555,3,train
556,330,5,train
722,457,5,train
907,114,5,train
974,90,5,train
232,383,5,train
899,233,4,train
605,396,3,train
656,336,5,train
864,594,5,train
500,543,3,train
27,100,1,train
324,389,2,train
565,556,2,train
114,290,3,train
676,175,5,train
468,41,3,train
307,323,5,train
335,429,2,train
505,11,4,train
94,568,4,train
577,321,3,train
830,440,4,train
72,450,5,train
877,16,5,train
377,576,2,train
148,334,4,train
99,349,5,train
302,376,5,train
808,519,4,train
462,467,5,train
391,520,4,train
341,202,5,train
196,16,4,train
41,309,2,train
1,134,4,train
569,42,4,train
900,407,5,train
775,94,5,train
986,18,4,train
352,392,3,train
276,168,5,train
877,134,5,train
707,261,3,train
564,594,3,train
674,475,5,train
232,239,3,train
707,350,3,train
950,526,5,train
515,538,4,train
561,46,4,train
921,254,5,train
974,576,2,train
582,203,5,train
652,258,4,train
901,458,5,train
78,536,3,train
154,94,3,train
759,131,5,train
961,589,2,train
789,89,5,train
582,110,3,train
310,119,4,train
247,518,4,train
124,596,4,train
148,7,5,train
119,274,4,train
966,596,3,train
828,350,4,train
775,355,5,train
954,225,5,train
889,572,5,train
852,330,5,train
407,549,5,train
865,162,5,train
47,376,2,train
794,239,3,train
113,207,4,train
644,355,4,train
134,36,5,train
75,88,5,train
848,276,5,train
796,569,2,train
999,391,5,train
551,39,2,train
178,543,4,train
216,350,4,train
358,475,5,train
711,543,4,train
790,338,4,train
797,243,5,train
679,558,4,train
139,336,3,train
17,106,4,train
787,254,5,train
655,330,5,train
826,454,4,train
607,153,5,train
618,457,4,train
470,285,3,train
801,9,3,train
926,340,4,train
215,261,5,train
892,279,5,train
290,594,4,train
592,424,5,train
695,20,5,train
262,427,5,train
515,458,4,train
833,106,5,train
981,273,5,train
613,31,3,train
65,196,5,train
693,36,5,train
789,19,5,train
179,420,5,train
797,438,5,train
768,153,5,train
780,134,4,train
57,480,5,train
719,239,3,train
820,574,5,train
183,123,5,train
53,142,4,train
727,398,5,train
76,290,4,train
668,74,3,train
391,549,4,train
458,168,5,train
605,352,4,train
640,134,5,train
375,47,3,train
194,481,4,train
740,168,2,train
888,519,5,train
72,35,4,train
677,565,5,train
150,560,4,train
523,131,4,train
413,134,4,train
378,390,2,train
471,206,4,train
294,121,5,train
571,87,4,train
892,0,4,train
660,444,4,train
409,339,5,train
65,487,5,train
463,61,3,train
9,465,5,train
217,245,4,train
649,591,3,train
539,188,3,train
235,588,4,train
421,486,3,train
706,3,3,train
57,197,5,train
755,449,2,train
360,74,3,train
377,42,4,train
803,8,4,train
244,138,5,train
763,523,5,train
917,85,2,train
358,53,4,train
229,360,5,train
520,323,5,train
766,595,4,train
283,490,4,train
931,363,5,train
26,592,4,train
782,231,5,train
477,29,5,train
32,14,5,train
112,439,5,train
857,4,5,train
13,240,4,train
177,271,4,train
204,142,5,train
93,143,3,train
967,464,5,train
433,178,1,train
214,168,4,train
690,46,5,train
605,88,4,train
363,202,2,train
511,29,3,train
404,87,5,train
208,556,5,train
75,81,5,train
61,196,2,train
497,88,4,train
360,474,3,train
205,495,5,train
861,167,4,train
162,8,5,train
725,165,2,train
742,304,5,train
537,302,4,train
352,357,4,train
738,337,5,train
707,110,4,train
40,199,4,train
823,99,5,train
623,498,4,train
365,224,5,train
819,236,4,train
925,588,5,train
529,288,3,train
43,495,5,train
573,340,3,train
520,457,5,train
392,529,2,train
524,588,5,train
390,285,4,train
906,560,5,train
489,511,4,train
175,72,4,train
216,448,2,train
15,504,5,train
994,442,3,train
303,460,4,train
760,168,3,train
685,268,4,train
759,168,3,train
654,330,5,train
717,590,2,train
267,525,5,train
292,506,4,train
841,94,5,train
645,436,2,train
837,320,5,train
577,469,4,train
652,560,5,train
998,330,5,train
576,93,3,train
704,194,5,train
590,429,4,train
318,206,3,train
813,296,3,train
890,100,5,train
832,376,5,train
740,47,4,train
206,474,5,train
114,395,5,train
930,571,5,train
362,197,2,train
31,253,5,train
286,382,4,train
585,447,3,train
84,263,4,train
192,553,4,train
279,581,5,train
177,53,2,train
622,549,3,train
175,496,3,train
666,552,4,train
589,0,3,train
198,436,5,train
740,407,4,train
748,502,5,train
18,471,2,train
916,407,4,train
428,336,4,train
73,155,4,train
177,114,5,train
841,549,5,train
988,354,5,train
238,513,5,train
84,184,5,train
786,104,3,train
352,211,3,train
548,594,5,train
137,306,4,train
485,168,2,train
292,479,2,train
770,87,4,train
230,420,5,train
439,576,4,train
431,396,2,train
274,69,5,train
476,479,4,train
932,337,5,train
51,72,5,train
61,293,4,train
820,94,5,train
422,420,5,train
951,446,3,train
348,330,3,train
214,320,5,train
972,463,4,train
924,276,5,train
100,330,2,train
182,41,4,train
529,429,3,train
405,268,3,train
249,475,5,train
711,42,5,train
68,196,5,train
666,324,5,train
692,571,3,train
992,176,5,train
495,207,4,train
521,81,4,train
926,496,4,train
499,120,4,train
617,200,5,train
319,396,3,train
84,280,4,train
827,490,4,train
516,525,5,train
250,337,5,train
538,11,5,train
350,560,2,train
187,142,5,train
155,103,5,train
764,240,5,train
421,318,5,train
274,557,3,train
178,2,5,train
330,135,3,train
694,344,5,train
596,8,5,train
2,75,5,train
617,523,5,train
936,42,5,train
991,272,5,train
690,87,2,train
200,53,4,train
702,173,5,train
654,516,5,train
544,544,4,train
471,396,3,train
427,350,4,train
849,207,5,train
757,94,5,train
960,133,4,train
206,460,4,train
310,440,3,train
465,49,3,train
413,555,4,train
606,151,5,train
653,29,5,train
437,240,4,train
672,296,4,train
802,91,4,train
755,304,5,train
812,116,5,train
62,457,5,train
786,91,5,train
50,146,3,train
763,168,5,train
432,581,4,train
815,320,1,train
336,341,3,train
540,305,3,train
169,301,3,train
282,138,4,train
307,424,5,train
649,480,2,train
512,181,5,train
251,556,4,train
77,337,5,train
655,501,5,train
412,490,5,train
191,211,5,train
162,429,4,train
793,581,2,train
739,340,3,train
781,338,5,train
926,363,3,train
252,316,4,train
613,0,4,train
45,494,5,train
677,288,4,train
650,41,4,train
813,168,2,train
881,51,4,train
270,176,4,train
49,505,1,train
783,361,3,train
320,561,5,train
244,129,5,train
66,523,5,train
111,56,3,train
841,361,4,train
996,196,4,train
780,84,3,train
261,501,5,train
896,16,5,train
551,570,4,train
359,442,3,train
800,146,3,train
800,361,2,train
975,260,5,train
785,363,3,train
967,354,5,train
891,260,5,train
716,231,4,train
121,556,3,train
948,574,4,train
226,202,3,train
515,14,5,train
515,120,4,train
307,372,5,train
944,336,3,train
124,436,5,train
680,523,3,train
310,404,5,train
896,179,4,train
41,116,4,train
672,505,4,train
361,279,4,train
820,349,5,train
854,496,5,train
677,570,4,train
950,532,5,train
127,94,2,train
956,22,4,train
837,381,5,train
27,573,2,train
428,34,4,train
188,458,3,train
145,581,5,train
605,502,3,train
778,110,3,train
728,507,2,train
959,88,5,train
8,506,3,train
719,240,5,train
92,436,5,train
72,103,4,train
115,330,5,train
860,289,2,train
251,429,4,train
221,594,5,train
783,358,5,train
123,440,5,train
432,525,3,train
934,42,4,train
572,136,5,train
210,31,5,train
551,553,4,train
600,120,2,train
458,231,5,train
103,596,4,train
246,437,5,train
498,525,5,train
234,271,4,train
662,397,5,train
954,8,2,train
103,549,3,train
700,194,5,train
358,274,2,train
386,383,4,train
26,320,5,train
904,197,4,train
927,79,4,train
722,108,3,train
836,27,4,train
152,336,3,train
492,357,5,train
316,93,2,train
424,571,4,train
273,556,3,train
418,319,4,train
862,236,5,train
203,22,5,train
191,259,5,train
139,516,3,train
572,9,4,train
797,424,4,train
662,333,3,train
768,236,4,train
901,523,3,train
47,57,4,train
599,174,3,train
613,446,4,train
529,538,3,train
565,106,3,train
276,211,5,train
17,560,3,train
320,75,5,train
178,25,4,train
591,480,5,train
27,254,5,train
172,532,5,train
161,119,4,train
162,15,3,train
841,178,5,train
919,168,5,train
722,567,3,train
993,29,2,train
350,262,5,train
63,571,4,train
970,110,4,train
72,567,4,train
394,137,4,train
741,43,2,train
545,356,5,train
10,335,3,train
326,153,4,train
889,67,5,train
722,295,4,train
748,322,5,train
726,162,5,train
781,558,3,train
931,135,5,train
248,61,5,train
32,176,5,train
229,506,3,train
732,134,4,train
140,168,2,train
849,461,5,train
469,238,5,train
487,503,2,train
276,98,4,train
296,140,4,train
451,239,3,train
544,464,5,train
268,279,4,train
907,203,5,train
606,176,3,train
523,409,3,train
521,94,5,train
228,84,3,train
861,427,3,train
817,42,4,train
220,538,4,train
177,582,3,train
425,464,3,train
255,9,3,train
162,504,5,train
279,358,5,train
234,344,5,train
269,335,3,train
28,75,5,train
297,487,5,train
904,82,4,train
176,395,5,train
713,370,5,train
177,396,2,train
161,464,2,train
306,553,4,train
335,261,3,train
833,213,5,train
65,46,5,train
950,42,4,train
814,184,5,train
841,296,3,train
396,143,5,train
729,115,3,train
796,320,4,train
819,354,5,train
650,191,5,train
103,261,4,train
492,361,4,train
895,85,4,train
272,561,5,train
568,112,4,train
64,445,3,train
335,144,4,train
243,595,5,train
353,309,5,train
738,440,4,train
444,463,4,train
698,148,5,train
783,190,3,train
755,590,4,train
427,419,3,train
75,309,5,train
420,88,2,train
505,187,3,train
377,261,5,train
787,354,3,train
820,142,5,train
61,272,4,train
749,381,5,train
46,26,3,train
433,474,4,train
794,270,3,train
810,537,5,train
686,270,3,train
252,517,3,train
393,519,5,train
511,171,3,train
350,254,5,train
378,131,5,train
283,401,5,train
111,354,5,train
456,429,2,train
669,119,5,train
724,277,5,train
205,87,5,train
117,9,3,train
161,241,5,train
987,159,4,train
491,143,2,train
411,262,5,train
447,278,4,train
16,580,5,train
327,429,3,train
754,337,5,train
844,4,5,train
549,134,3,train
526,330,4,train
336,444,2,train
769,80,4,train
572,525,5,train
207,46,4,train
681,566,5,train
265,36,1,train
601,549,3,train
474,339,5,train
768,429,2,train
583,161,4,train
189,361,4,train
179,525,5,train
574,361,4,train
194,575,5,train
459,27,4,train
478,168,2,train
941,219,5,train
27,176,3,train
572,234,5,train
291,117,3,train
53,330,4,train
329,354,5,train
525,141,5,train
899,196,5,train
8,512,5,train
974,396,2,train
117,194,4,train
788,449,4,train
321,342,3,train
777,135,5,train
572,168,5,train
294,42,5,train
413,544,5,train
658,48,4,train
759,294,4,train
781,564,4,train
462,330,5,train
750,358,4,train
411,57,5,train
772,76,5,train
283,566,5,train
215,202,4,train
277,555,4,train
500,12,5,train
405,202,3,train
427,171,5,train
727,498,4,train
158,288,5,train
654,112,3,train
424,496,3,train
114,361,3,train
606,404,5,train
38,429,2,train
919,361,2,train
652,364,5,train
373,214,5,train
474,201,5,train
318,558,5,train
935,354,4,train
267,427,5,train
174,163,3,train
37,496,5,train
538,383,4,train
1,465,2,train
824,427,5,train
112,435,3,train
90,348,5,train
563,550,5,train
956,27,4,train
545,556,3,train
463,556,4,train
652,565,3,train
500,205,3,train
790,92,4,train
990,77,5,train
621,574,5,train
64,124,5,train
253,480,4,train
313,366,3,train
387,365,5,train
889,503,4,train
221,317,3,train
918,9,3,train
603,410,4,train
350,457,5,train
155,571,5,train
283,338,3,train
690,409,4,train
235,219,3,train
953,321,3,train
311,242,3,train
210,262,5,train
478,159,4,train
37,575,5,train
781,409,5,train
341,244,5,train
43,117,2,train
661,151,4,train
489,264,3,train
269,262,5,train
547,176,4,train
395,69,4,train
649,142,3,train
157,476,5,train
271,429,4,train
544,240,5,train
403,293,3,train
940,429,3,train
335,41,5,train
587,558,2,train
833,34,5,train
186,548,3,train
756,596,4,train
672,109,4,train
677,110,4,train
561,581,5,train
80,62,4,train
221,428,3,train
748,146,3,train
731,429,3,train
432,120,4,train
504,271,5,train
850,140,3,train
799,558,5,train
741,317,4,train
545,549,5,train
741,176,5,train
923,31,5,train
194,565,3,train
128,460,4,train
642,579,4,train
718,271,5,train
303,160,5,train
936,143,4,train
391,534,5,train
780,229,5,train
749,441,3,train
477,110,2,train
134,239,3,train
613,376,5,train
992,354,5,train
223,33,5,train
693,165,4,train
706,410,4,train
624,231,5,train
790,355,3,train
378,497,5,train
700,211,3,train
981,106,5,train
942,549,5,train
523,264,2,train
181,321,5,train
421,75,5,train
923,385,4,train
568,19,3,train
969,203,5,train
57,593,3,train
331,396,5,train
829,574,5,train
113,570,5,train
981,340,5,train
478,345,5,train
886,41,5,train
29,252,3,train
785,457,5,train
946,18,5,train
335,372,5,train
187,442,4,train
765,217,5,train
766,75,5,train
948,281,4,train
740,51,3,train
786,488,4,train
709,104,5,train
649,155,5,train
653,396,5,train
345,496,5,train
66,438,5,train
615,2,5,train
877,409,4,train
341,304,3,train
277,76,5,train
61,277,2,train
705,168,3,train
173,457,5,train
964,261,4,train
205,569,5,train
335,504,5,train
866,580,4,train
947,261,5,train
273,403,4,train
707,588,5,train
515,593,4,train
22,202,4,train
781,274,5,train
103,228,5,train
904,471,2,train
571,240,5,train
546,305,5,train
215,230,4,train
979,350,2,train
901,5,5,train
819,550,5,train
546,279,4,train
143,321,5,train
445,596,4,train
138,237,2,train
351,323,4,train
572,348,4,train
405,276,5,train
341,405,5,train
372,85,5,train
858,186,3,train
968,203,3,train
728,252,3,train
459,4,5,train
177,576,2,train
193,234,5,train
476,199,5,train
246,94,5,train
297,174,4,train
797,9,3,train
335,147,5,train
375,227,5,train
822,7,4,train
202,217,4,train
221,281,5,train
998,146,4,train
803,429,4,train
789,549,4,train
72,446,4,train
768,116,5,train
727,194,4,train
270,382,5,train
321,305,2,train
895,188,5,train
485,261,5,train
929,564,3,train
712,460,2,train
782,330,4,train
485,254,5,train
404,178,5,train
70,261,3,train
113,428,5,train
740,577,5,train
16,404,5,train
649,450,4,train
414,588,5,train
753,504,5,train
613,360,5,train
5,87,3,train
731,65,5,train
495,37,4,train
959,524,4,train
910,153,5,train
17,78,4,train
593,226,4,train
700,136,3,train
908,496,3,train
31,429,4,train
580,468,2,train
910,320,5,train
748,576,2,train
84,568,4,train
741,15,3,train
915,240,5,train
609,420,5,train
703,427,3,train
759,342,3,train
628,594,5,train
677,161,5,train
89,168,4,train
127,229,5,train
933,5,3,train
41,565,5,train
573,173,5,train
790,544,4,train
496,211,5,train
921,354,5,train
996,508,4,train
26,8,3,train
338,296,3,train
495,66,5,train
150,236,5,train
143,46,2,train
438,594,3,train
281,486,3,train
341,502,4,train
580,396,3,train
161,67,5,train
208,287,5,train
785,124,5,train
374,167,4,train
643,129,4,train
205,512,5,train
812,168,4,train
68,239,4,train
808,536,4,train
580,27,3,train
210,115,2,train
250,290,5,train
545,191,4,train
895,470,4,train
192,259,4,train
997,90,4,train
180,158,3,train
995,396,3,train
820,370,5,train
605,598,2,train
232,14,5,train
504,542,2,train
755,85,5,train
658,330,3,train
799,553,5,train
578,176,5,train
335,258,3,train
282,82,5,train
1,270,2,train
340,506,4,train
611,236,5,train
960,296,3,train
870,539,4,train
682,566,5,train
336,581,5,train
507,266,3,train
474,111,4,train
551,194,3,train
789,396,4,train
335,31,5,train
306,336,4,train
335,134,3,train
426,191,5,train
145,196,5,train
647,556,4,train
782,90,4,train
861,394,3,train
246,108,4,train
401,404,3,train
16,168,5,train
13,556,2,train
845,331,5,train
941,536,5,train
494,261,3,train
656,571,4,train
443,337,5,train
992,450,5,train
471,565,4,train
648,314,3,train
946,463,5,train
738,116,5,train
745,65,5,train
135,121,3,train
415,330,5,train
41,204,5,train
895,442,4,train
269,436,5,train
888,383,3,train
729,43,4,train
906,264,3,train
166,322,1,train
777,474,4,train
333,271,4,train
302,206,4,train
160,272,4,train
580,519,4,train
56,436,4,train
875,598,5,train
967,216,5,train
723,252,4,train
904,538,5,train
870,358,5,train
300,180,5,train
425,354,5,train
886,463,5,train
731,58,4,train
870,27,5,train
401,25,3,train
544,143,5,train
96,556,4,train
722,244,4,train
752,330,5,train
17,108,3,train
851,595,3,train
166,505,3,train
926,409,3,train
254,527,3,train
220,558,5,train
735,490,4,train
318,322,5,train
556,0,5,train
424,196,4,train
393,561,3,train
933,589,3,train
97,153,5,train
489,574,4,train
740,464,2,train
617,219,5,train
18,594,5,train
471,429,5,train
654,234,5,train
215,240,5,train
613,330,5,train
325,230,2,train
307,123,5,train
837,264,3,train
8,405,4,train
261,444,3,train
424,572,5,train
126,335,5,train
904,330,5,train
933,369,3,train
609,566,4,train
844,354,5,train
558,196,3,train
320,463,3,train
166,262,5,train
680,271,4,train
374,336,4,train
51,240,3,train
485,126,5,train
214,160,5,train
170,100,3,train
748,549,3,train
978,23,5,train
934,110,3,train
598,424,5,train
198,385,5,train
924,59,5,train
926,260,5,train
620,395,5,train
13,371,2,train
250,363,3,train
733,264,2,train
127,146,3,train
181,473,3,train
216,8,3,train
293,501,4,train
398,48,4,train
248,588,5,train
863,338,5,train
215,557,5,train
755,512,5,train
638,277,4,train
369,22,5,train
514,566,5,train
487,104,5,train
398,124,5,train
889,154,4,train
968,88,5,train
504,124,2,train
437,285,3,train
571,41,4,train
20,257,5,train
610,396,2,train
623,579,3,train
16,153,4,train
933,562,5,train
976,120,5,train
836,2,4,train
993,191,5,train
463,489,4,train
700,257,5,train
160,174,3,train
655,82,4,train
563,429,4,train
209,580,5,train
285,104,3,train
623,176,5,train
684,189,5,train
78,327,5,train
471,116,4,train
327,232,5,train
166,514,3,train
889,389,4,train
363,409,4,train
832,428,3,train
437,264,2,train
145,123,5,train
201,252,4,train
959,82,5,train
472,400,5,train
446,338,5,train
151,338,3,train
700,463,5,train
382,427,5,train
387,348,4,train
358,535,3,train
759,239,2,train
929,429,4,train
913,105,4,train
328,307,2,train
1,178,4,train
293,548,2,train
730,518,5,train
112,549,2,train
450,428,4,train
188,330,4,train
827,189,4,train
150,336,4,train
306,549,4,train
521,550,3,train
527,26,5,train
700,583,4,train
576,554,5,train
748,428,4,train
134,225,5,train
4,464,4,train
937,208,4,train
227,463,4,train
568,49,2,train
755,150,3,train
723,429,5,train
716,251,3,train
297,557,4,train
581,115,2,train
783,148,5,train
583,376,4,train
496,15,3,train
81,102,5,train
99,82,5,train
17,368,3,train
304,9,3,train
390,395,4,train
134,320,5,train
864,365,5,train
671,467,4,train
602,147,4,train
875,29,3,train
194,22,5,train
675,363,4,train
629,160,2,train
791,434,4,train
960,373,4,train
890,279,5,train
143,348,5,train
563,30,5,train
653,16,5,train
653,288,5,train
1,142,5,train
619,436,3,train
375,219,5,train
474,21,5,train
648,109,4,train
317,88,4,train
704,281,5,train
604,525,5,train
896,265,5,train
471,559,5,train
444,88,4,train
855,330,3,train
659,564,5,train
189,376,5,train
389,15,3,train
786,156,5,train
700,365,5,train
679,136,4,train
661,527,3,train
733,480,5,train
713,81,5,train
70,450,4,train
682,165,5,train
752,578,4,train
115,130,4,train
470,44,5,train
617,537,5,train
341,513,5,train
909,81,5,train
215,312,4,train
453,145,5,train
668,168,3,train
174,203,2,train
837,234,5,train
839,484,4,train
308,337,5,train
775,202,5,train
998,168,3,train
830,347,3,train
311,7,5,train
335,29,3,train
273,159,5,train
239,392,4,train
488,295,4,train
420,147,4,train
194,358,5,train
348,124,5,train
895,146,3,train
445,31,5,train
785,148,3,train
38,201,4,train
552,20,5,train
72,125,5,train
128,268,5,train
11,142,4,train
529,363,3,train
327,202,3,train
459,100,1,train
532,484,5,train
681,354,4,train
940,170,5,train
419,337,5,train
618,115,1,train
17,202,2,train
436,109,5,train
598,273,2,train
135,261,3,train
324,170,5,train
872,556,2,train
864,30,5,train
802,337,5,train
283,217,5,train
104,457,3,train
549,597,5,train
796,30,5,train
163,477,5,train
69,321,5,train
496,129,5,train
324,134,5,train
465,222,4,train
63,260,5,train
824,290,5,train
692,168,3,train
130,358,4,train
304,504,4,train
304,196,5,train
722,317,3,train
427,254,3,train
586,549,3,train
802,41,4,train
391,509,5,train
472,204,4,train
379,519,5,train
339,107,4,train
467,454,5,train
16,466,5,train
891,270,4,train
599,75,5,train
437,32,3,train
46,229,5,train
552,505,3,train
38,240,2,train
445,20,5,train
483,349,5,train
470,431,5,train
660,112,4,train
847,348,5,train
952,32,3,train
385,236,5,train
589,429,3,train
327,376,4,train
979,128,5,train
209,598,4,train
569,444,4,train
475,254,5,train
665,336,4,train
711,254,5,train
333,178,4,train
904,358,4,train
788,440,3,train
755,499,5,train
646,202,4,train
84,254,4,train
934,336,4,train
474,196,5,train
641,525,3,train
479,29,3,train
943,187,4,train
87,153,5,train
936,352,5,train
177,43,4,train
740,153,3,train
188,91,5,train
906,231,3,train
704,168,3,train
957,121,4,train
387,31,5,train
639,231,3,train
824,424,3,train
45,442,2,train
714,10,5,train
649,121,2,train
785,263,3,train
528,15,4,train
316,467,5,train
161,271,3,train
350,49,5,train
654,245,5,train
70,228,3,train
792,208,3,train
444,94,4,train
463,270,4,train
177,261,2,train
199,464,5,train
677,323,5,train
682,148,5,train
444,82,4,train
904,76,5,train
41,90,4,train
880,553,5,train
766,187,4,train
295,574,5,train
996,427,4,train
953,471,4,train
768,580,5,train
173,330,5,train
411,20,5,train
40,312,5,train
431,142,3,train
196,94,5,train
485,354,5,train
87,43,3,train
330,100,4,train
489,49,5,train
292,599,4,train
350,395,5,train
217,436,4,train
598,436,4,train
301,194,5,train
690,219,5,train
635,9,4,train
325,519,3,train
124,323,3,train
362,354,5,train
795,245,5,train
91,523,3,train
805,202,4,train
492,553,5,train
474,508,5,train
790,564,2,train
76,590,3,train
682,217,5,train
359,71,4,train
822,360,4,train
891,121,4,train
472,274,3,train
48,556,2,train
774,240,5,train
250,585,2,train
697,51,3,train
839,395,5,train
329,36,5,train
378,504,5,train
409,542,5,train
883,160,5,train
230,371,5,train
615,330,5,train
940,396,4,train
659,259,5,train
640,288,5,train
16,352,4,train
251,506,3,train
61,324,2,train
101,293,2,train
133,568,2,train
512,340,5,train
495,84,5,train
223,36,1,train
482,239,2,train
547,212,5,train
743,240,5,train
893,281,4,train
961,29,3,train
688,44,3,train
65,31,4,train
57,400,4,train
259,582,1,train
40,487,3,train
959,355,5,train
267,87,1,train
930,349,5,train
926,16,3,train
768,343,5,train
91,293,4,train
516,429,3,train
200,542,5,train
158,405,4,train
755,64,5,train
8,336,2,train
429,168,3,train
279,139,4,train
307,85,5,train
693,585,4,train
359,94,4,train
63,386,3,train
729,192,5,train
389,296,4,train
285,8,5,train
63,390,2,train
666,293,4,train
582,330,5,train
906,559,5,train
241,222,4,train
104,4,5,train
437,151,5,train
215,160,3,train
452,503,3,train
132,131,5,train
258,25,4,train
625,25,4,train
926,321,5,train
859,153,3,train
194,108,3,train
594,571,4,train
951,277,3,train
905,538,5,train
125,36,4,train
858,336,3,train
653,460,4,train
526,134,5,train
269,266,3,train
356,106,3,train
175,10,5,train
437,186,3,train
125,9,3,train
941,211,5,train
670,16,5,train
511,153,3,train
350,222,4,train
190,518,5,train
349,194,3,train
559,190,3,train
769,498,2,train
550,103,3,train
25,361,5,train
308,196,4,train
515,381,5,train
289,171,3,train
533,330,3,train
533,196,5,train
19,151,4,train
196,236,2,train
867,478,4,train
375,444,3,train
704,120,4,train
325,266,2,train
797,319,5,train
500,409,5,train
247,484,3,train
857,531,3,train
302,148,5,train
609,338,3,train
863,49,2,train
619,474,5,train
763,518,4,train
27,354,3,train
792,239,2,train
823,74,2,train
38,168,2,train
896,26,5,train
159,88,4,train
796,518,4,train
240,541,3,train
13,575,5,train
970,82,5,train
700,156,5,train
696,36,2,train
873,429,3,train
478,19,3,train
97,239,4,train
572,313,4,train
44,524,5,train
940,321,5,train
150,153,5,train
470,410,4,train
814,22,5,train
642,524,4,train
569,409,3,train
312,411,5,train
593,88,5,train
888,34,4,train
766,409,4,train
187,419,3,train
813,541,4,train
2,488,4,train
690,523,5,train
286,216,5,train
13,220,4,train
175,396,2,train
421,593,5,train
9,546,4,train
562,229,3,train
734,219,5,train
712,436,5,train
72,447,3,train
99,142,5,train
961,546,5,train
703,317,3,train
175,552,5,train
738,14,5,train
792,61,3,train
749,126,5,train
160,588,2,train
328,140,4,train
850,475,4,train
558,206,4,train
247,30,5,train
237,323,5,train
776,160,3,train
666,239,3,train
605,504,5,train
539,195,5,train
857,560,3,train
698,416,5,train
545,321,5,train
666,330,5,train
632,336,4,train
892,240,3,train
352,360,5,train
106,274,5,train
916,168,4,train
546,117,4,train
187,441,3,train
169,593,4,train
587,121,3,train
649,496,5,train
68,53,3,train
926,108,3,train
950,357,4,train
884,235,5,train
598,405,3,train
161,330,4,train
359,272,4,train
463,570,4,train
944,403,4,train
405,549,4,train
833,446,4,train
917,288,3,train
704,124,5,train
6,425,5,train
19,236,5,train
684,262,5,train
429,513,5,train
474,566,4,train
124,85,5,train
515,247,4,train
960,309,2,train
37,340,5,train
545,73,5,train
149,124,5,train
840,268,4,train
438,126,3,train
104,305,5,train
781,587,5,train
437,323,4,train
16,131,2,train
896,98,4,train
495,512,5,train
178,182,5,train
623,160,5,train
887,116,5,train
969,330,5,train
655,512,4,train
213,144,4,train
953,506,5,train
411,301,4,train
327,82,2,train
256,73,5,train
462,74,3,train
721,222,4,train
938,153,3,train
57,271,5,train
96,168,5,train
427,377,5,train
134,439,5,train
251,153,3,train
578,294,5,train
967,437,3,train
334,367,3,train
387,543,3,train
609,574,3,train
58,91,4,train
596,239,3,train
19,119,4,train
143,240,5,train
140,185,5,train
542,146,3,train
859,403,4,train
648,94,5,train
539,241,3,train
3,29,5,train
911,330,5,train
340,420,5,train
411,588,5,train
320,87,2,train
113,557,5,train
528,354,4,train
623,14,5,train
690,153,3,train
564,571,4,train
784,245,3,train
446,18,4,train
350,573,4,train
495,510,4,train
888,585,4,train
627,219,5,train
974,103,3,train
895,41,4,train
692,558,4,train
176,14,2,train
457,450,5,train
424,178,4,train
841,437,4,train
626,537,5,train
292,8,2,train
717,88,5,train
565,252,4,train
442,425,4,train
618,36,4,train
353,304,5,train
142,323,3,train
407,323,3,train
333,519,4,train
340,120,5,train
74,49,2,train
551,502,5,train
437,277,3,train
493,454,5,train
915,42,4,train
427,450,5,train
857,148,2,train
273,88,3,train
496,16,5,train
505,66,4,train
652,450,4,train
413,25,4,train
359,18,5,train
568,421,5,train
861,461,4,train
533,504,5,train
797,436,3,train
877,42,4,train
488,168,2,train
481,31,5,train
951,172,5,train
621,585,4,train
789,84,4,train
271,29,5,train
306,560,3,train
516,136,5,train
861,16,5,train
459,288,4,train
215,264,2,train
531,396,4,train
359,88,4,train
110,330,5,train
847,88,5,train
741,206,4,train
489,429,3,train
124,42,4,train
91,180,4,train
14,320,5,train
891,124,5,train
470,106,4,train
232,489,4,train
386,327,5,train
118,549,2,train
848,168,4,train
153,158,5,train
123,112,5,train
178,450,4,train
955,464,4,train
770,510,2,train
690,296,3,train
292,196,4,train
960,407,3,train
247,340,3,train
353,271,4,train
177,428,3,train
615,497,5,train
6,168,3,train
313,10,4,train
177,217,4,train
267,396,2,train
499,247,5,train
405,558,3,train
902,100,5,train
283,196,5,train
258,153,5,train
378,30,5,train
256,272,5,train
158,319,5,train
833,229,3,train
45,46,3,train
618,25,4,train
527,338,5,train
506,424,5,train
617,450,4,train
300,144,4,train
926,286,5,train
608,310,3,train
966,155,3,train
762,457,5,train
391,591,5,train
258,212,3,train
569,207,5,train
189,323,4,train
878,355,5,train
209,471,5,train
177,553,4,train
988,381,5,train
11,464,4,train
790,10,4,train
895,594,4,train
75,348,4,train
439,52,5,train
815,366,4,train
158,553,4,train
656,523,5,train
493,301,5,train
926,599,4,train
606,560,5,train
350,16,4,train
683,506,3,train
841,143,4,train
423,445,5,train
515,368,5,train
700,484,5,train
861,361,2,train
485,595,5,train
181,153,5,train
569,46,4,train
103,293,3,train
470,510,5,train
350,334,5,train
373,555,4,train
283,576,4,train
660,588,3,train
384,115,4,train
389,22,3,train
413,133,5,train
322,594,5,train
69,507,5,train
53,517,5,train
973,360,5,train
161,506,3,train
793,29,3,train
428,198,4,train
797,352,5,train
752,429,4,train
954,580,5,train
926,353,4,train
833,42,3,train
3,557,3,train
464,308,4,train
896,112,5,train
10,284,2,train
553,29,2,train
441,358,5,train
120,46,4,train
761,87,2,train
64,293,3,train
551,552,5,train
148,410,3,train
829,501,5,train
873,134,4,train
913,264,4,train
1,437,4,train
91,281,5,train
548,429,3,train
545,457,4,train
149,409,3,train
813,91,4,train
256,427,4,train
599,279,4,train
715,280,5,train
891,526,4,train
26,176,5,train
267,16,4,train
519,272,4,train
417,376,4,train
547,275,4,train
9,553,5,train
590,550,5,train
614,295,4,train
79,471,4,train
888,98,3,train
471,480,5,train
275,504,5,train
699,104,5,train
573,266,5,train
417,39,3,train
919,429,4,train
686,320,5,train
100,364,4,train
996,194,5,train
454,110,4,train
910,280,5,train
749,103,5,train
307,484,4,train
978,161,5,train
828,26,5,train
929,321,5,train
270,575,5,train
899,405,4,train
465,10,3,train
379,596,4,train
974,6,5,train
245,412,4,train
745,34,5,train
631,261,4,train
309,566,4,train
120,267,3,train
748,532,2,train
477,203,4,train
573,168,4,train
325,254,3,train
445,27,5,train
785,396,5,train
424,260,5,train
740,18,4,train
473,240,5,train
609,564,4,train
273,322,5,train
349,444,4,train
434,231,5,train
97,127,4,train
276,523,5,train
980,585,3,train
869,121,4,train
57,176,5,train
477,536,5,train
405,550,4,train
921,126,5,train
103,448,5,train
547,499,4,train
138,206,4,train
27,116,5,train
286,440,3,train
786,166,4,train
137,358,5,train
290,457,5,train
285,549,3,train
62,343,3,train
569,187,3,train
553,213,5,train
62,30,5,train
436,207,5,train
548,588,3,train
350,29,5,train
391,495,4,train
541,126,5,train
761,160,5,train
785,136,4,train
749,566,4,train
888,436,3,train
712,336,4,train
515,94,3,train
386,594,4,train
707,330,5,train
9,91,5,train
944,129,3,train
653,518,3,train
112,327,4,train
220,6,5,train
686,405,3,train
563,104,5,train
670,168,3,train
66,29,5,train
699,121,2,train
999,532,3,train
70,553,3,train
437,77,3,train
120,370,3,train
832,433,2,train
780,506,5,train
981,529,2,train
549,403,4,train
32,580,5,train
864,91,5,train
154,511,2,train
137,88,5,train
212,349,4,train
722,293,4,train
341,590,2,train
132,285,3,train
644,15,2,train
437,119,5,train
525,16,5,train
926,142,5,train
367,592,4,train
638,313,4,train
1,531,3,train
478,196,5,train
796,103,5,train
697,428,4,train
248,168,4,train
244,234,5,train
393,334,4,train
61,240,3,train
143,88,4,train
122,340,5,train
712,37,5,train
890,317,4,train
622,296,5,train
667,498,2,train
335,460,3,train
30,150,3,train
386,336,3,train
690,211,5,train
413,347,3,train
855,474,5,train
888,437,5,train
755,550,4,train
188,120,5,train
91,275,5,train
846,588,3,train
679,211,5,train
967,238,5,train
906,436,4,train
546,356,4,train
391,199,2,train
149,498,4,train
748,180,5,train
722,341,3,train
96,524,5,train
127,550,5,train
550,49,2,train
573,206,5,train
812,9,4,train
798,172,2,train
644,240,5,train
646,144,4,train
721,524,5,train
187,450,5,train
195,147,5,train
675,474,5,train
525,104,5,train
39,117,5,train
1,277,4,train
782,543,3,train
300,240,3,train
950,276,5,train
569,576,4,train
569,268,3,train
997,22,5,train
933,304,4,train
414,404,4,train
31,361,3,train
974,305,3,train
477,429,4,train
41,588,5,train
786,208,5,train
541,368,5,train
260,73,3,train
374,440,5,train
239,219,4,train
526,505,3,train
867,72,5,train
692,334,4,train
741,254,3,train
205,168,4,train
433,396,3,train
427,115,3,train
335,301,4,train
789,564,3,train
700,30,5,train
623,263,5,train
9,94,3,train
117,322,4,train
217,526,3,train
418,440,4,train
462,506,5,train
284,78,3,train
445,354,3,train
761,471,4,train
54,188,4,train
926,277,4,train
350,176,3,train
678,87,3,train
574,39,3,train
474,525,5,train
964,429,3,train
987,172,4,train
114,239,2,train
525,51,4,train
360,240,5,train
992,358,5,train
765,137,3,train
833,318,4,train
768,115,3,train
320,404,4,train
103,402,3,train
225,108,4,train
413,302,3,train
549,320,2,train
283,531,5,train
63,576,2,train
849,240,5,train
156,549,5,train
283,330,2,train
177,134,3,train
822,277,4,train
251,576,2,train
941,143,1,train
137,242,3,train
55,179,3,train
217,390,3,train
839,556,3,train
391,592,5,train
76,285,4,train
714,120,5,train
843,549,5,train
676,444,4,train
827,100,5,train
56,301,5,train
493,564,3,train
350,257,5,train
35,280,5,train
445,123,5,train
659,32,3,train
935,268,4,train
753,208,5,train
796,596,4,train
332,371,5,train
238,564,4,train
977,322,2,train
69,226,4,train
370,309,5,train
267,254,4,train
691,202,3,train
904,93,4,train
498,575,4,train
905,20,2,train
62,91,5,train
542,358,4,train
768,71,5,train
515,188,4,train
672,115,4,train
219,337,5,train
578,277,4,train
696,429,4,train
144,524,5,train
81,582,5,train
342,444,2,train
845,457,4,train
88,436,5,train
863,134,3,train
562,262,5,train
626,230,3,train
794,176,5,train
38,134,4,train
983,222,4,train
492,240,5,train
971,234,5,train
423,480,5,train
879,553,3,train
61,327,5,train
322,49,5,train
252,396,3,train
16,134,3,train
663,278,5,train
194,349,2,train
529,34,3,train
96,296,3,train
223,146,2,train
680,237,3,train
991,49,5,train
390,281,5,train
826,436,4,train
843,296,4,train
811,429,4,train
961,377,3,train
678,289,5,train
582,259,5,train
695,396,3,train
433,288,4,train
780,70,3,train
106,590,3,train
959,321,5,train
755,532,4,train
62,151,1,train
220,212,5,train
616,396,2,train
854,336,5,train
103,19,3,train
199,347,5,train
130,174,4,train
405,226,4,train
897,380,3,train
41,583,5,train
233,73,5,train
21,506,5,train
335,564,3,train
233,91,4,train
676,427,5,train
63,549,5,train
370,450,4,train
799,317,4,train
786,30,5,train
661,371,5,train
700,176,2,train
292,100,5,train
342,464,4,train
785,131,5,train
33,585,4,train
779,501,3,train
651,371,4,train
596,574,4,train
276,279,3,train
352,388,3,train
496,489,4,train
537,438,5,train
452,372,5,train
495,474,5,train
220,168,5,train
907,187,4,train
487,225,5,train
152,409,5,train
208,358,5,train
391,480,4,train
773,25,3,train
999,514,4,train
440,281,5,train
692,148,3,train
809,320,5,train
563,396,4,train
690,556,3,train
649,371,4,train
622,97,5,train
740,271,5,train
147,29,5,train
321,538,5,train
161,92,5,train
933,226,3,train
661,123,5,train
381,475,4,train
940,330,3,train
826,264,2,train
103,330,3,train
45,320,5,train
855,480,5,train
544,599,3,train
551,104,5,train
761,217,3,train
934,22,5,train
104,523,5,train
143,557,5,train
24,464,5,train
507,236,3,train
148,428,3,train
723,460,3,train
640,196,2,train
581,124,5,train
328,7,4,train
241,436,5,train
926,370,5,train
648,226,5,train
269,517,4,train
350,376,3,train
682,361,3,train
588,321,5,train
46,375,5,train
919,202,3,train
177,0,3,train
707,239,1,train
248,330,4,train
648,153,5,train
384,566,5,train
26,160,5,train
800,588,5,train
261,396,4,train
779,202,4,train
574,254,4,train
298,82,3,train
768,460,4,train
829,410,3,train
198,424,5,train
813,582,4,train
47,236,5,train
529,279,5,train
286,580,3,train
161,213,4,train
484,91,3,train
838,354,3,train
223,526,4,train
650,443,3,train
840,76,5,train
525,146,3,train
72,280,4,train
423,395,5,train
315,371,4,train
423,74,4,train
418,8,5,train
84,265,4,train
505,593,4,train
950,273,3,train
582,168,5,train
852,229,5,train
0,222,4,train
522,319,5,train
387,556,3,train
17,105,4,train
607,202,4,train
221,82,3,train
849,375,4,train
747,458,5,train
569,547,4,train
789,270,5,train
345,337,4,train
991,277,2,train
1,187,3,train
42,66,3,train
870,165,5,train
341,100,4,train
118,359,3,train
1,191,3,train
224,475,5,train
902,594,5,train
254,190,3,train
634,208,4,train
5,321,5,train
548,34,3,train
120,134,3,train
666,196,4,train
420,523,5,train
261,129,4,train
140,574,3,train
723,168,5,train
548,36,5,train
470,296,3,train
160,460,3,train
650,124,5,train
553,121,5,train
72,574,4,train
375,208,4,train
634,296,5,train
421,361,4,train
555,119,4,train
280,378,4,train
749,176,5,train
693,293,4,train
999,450,5,train
118,78,5,train
689,154,5,train
393,410,3,train
169,475,5,train
600,357,3,train
241,124,5,train
283,268,4,train
128,234,5,train
712,176,5,train
979,566,3,train
466,203,3,train
208,53,3,train
436,361,5,train
417,76,5,train
692,222,3,train
4,88,5,train
488,350,4,train
889,456,4,train
136,2,5,train
980,330,5,train
455,168,3,train
836,330,5,train
161,120,5,train
40,31,5,train
795,430,5,train
985,290,2,train
388,429,4,train
205,82,5,train
461,10,5,train
553,42,4,train
341,203,5,train
551,80,4,train
8,357,3,train
265,236,2,train
63,87,4,train
687,18,5,train
842,61,4,train
110,239,4,train
819,254,5,train
53,293,4,train
549,385,5,train
492,202,5,train
777,471,3,train
106,479,4,train
959,268,4,train
268,378,5,train
113,88,5,train
712,382,5,train
886,207,3,train
589,368,4,train
163,277,4,train
245,549,5,train
343,411,5,train
510,541,5,train
194,38,5,train
838,228,5,train
428,310,4,train
689,185,5,train
15,365,5,train
972,437,4,train
596,1,5,train
747,176,5,train
124,261,4,train
117,176,2,train
996,317,2,train
10,66,4,train
786,217,3,train
646,444,3,train
536,395,5,train
883,490,3,train
130,222,3,train
563,139,5,train
475,368,5,train
891,436,5,train
610,31,5,train
119,405,5,train
484,29,4,train
797,491,3,train
904,22,3,train
407,437,5,train
188,76,5,train
504,187,3,train
904,377,4,train
954,53,4,train
384,576,3,train
890,206,5,train
874,446,5,train
450,437,4,train
797,36,2,train
475,450,5,train
758,511,5,train
740,266,4,train
165,596,4,train
665,297,4,train
648,549,5,train
807,553,5,train
621,62,3,train
264,269,5,train
786,356,5,train
872,26,4,train
877,590,3,train
612,281,3,train
430,103,3,train
210,277,3,train
943,436,2,train
696,116,4,train
167,450,5,train
562,324,3,train
285,588,5,train
208,427,5,train
31,154,5,train
828,288,5,train
857,76,5,train
340,371,4,train
519,221,4,train
622,76,5,train
587,199,3,train
781,228,4,train
320,66,2,train
338,525,4,train
166,395,5,train
752,509,5,train
177,523,3,train
269,587,1,train
504,151,2,train
692,429,4,train
908,420,4,train
923,341,3,train
781,326,4,train
963,53,3,train
799,496,3,train
732,429,3,train
8,198,5,train
532,354,4,train
61,124,3,train
880,364,5,train
488,211,4,train
768,155,4,train
437,397,5,train
360,93,3,train
78,389,3,train
22,0,3,train
622,473,4,train
70,116,5,train
553,24,5,train
615,101,5,train
955,507,5,train
318,88,3,train
481,473,4,train
904,351,5,train
97,475,5,train
451,240,5,train
639,264,2,train
482,582,3,train
198,279,4,train
175,502,4,train
335,553,3,train
65,427,5,train
820,210,3,train
659,136,3,train
429,182,5,train
706,91,3,train
880,295,2,train
595,424,4,train
770,394,4,train
712,85,4,train
857,535,5,train
124,581,5,train
813,110,4,train
968,520,3,train
518,354,3,train
839,242,3,train
149,123,5,train
976,49,5,train
914,234,5,train
781,469,3,train
282,42,4,train
80,198,5,train
999,88,2,train
829,437,4,train
601,598,3,train
407,261,5,train
666,10,4,train
470,439,3,train
380,358,5,train
360,563,4,train
743,179,4,train
302,357,5,train
771,279,3,train
944,177,4,train
429,94,4,train
518,259,5,train
882,172,5,train
522,107,4,train
165,242,4,train
923,372,4,train
781,411,4,train
899,82,5,train
947,82,5,train
283,190,3,train
576,335,5,train
436,482,5,train
25,83,3,train
115,524,5,train
381,594,2,train
115,385,3,train
488,320,2,train
648,495,4,train
721,302,4,train
471,222,3,train
322,26,3,train
393,556,2,train
875,320,3,train
746,440,5,train
325,30,3,train
859,592,4,train
926,354,3,train
177,203,5,train
421,191,4,train
701,409,5,train
217,389,5,train
407,321,5,train
654,310,5,train
337,148,3,train
701,261,2,train
422,527,3,train
959,121,4,train
389,474,2,train
66,134,5,train
458,140,3,train
206,371,5,train
721,314,3,train
859,416,4,train
777,337,5,train
795,339,5,train
720,271,5,train
242,239,1,train
345,82,4,train
533,404,5,train
220,264,3,train
28,168,4,train
245,304,4,train
949,43,4,train
661,321,3,train
255,358,5,train
226,330,5,train
842,429,3,train
26,225,5,train
986,196,4,train
174,214,3,train
900,264,4,train
773,202,3,train
689,429,3,train
740,41,5,train
958,162,5,train
411,574,5,train
273,350,4,train
285,277,2,train
569,165,5,train
506,590,4,train
174,14,5,train
210,168,3,train
803,5,3,train
898,49,5,train
788,85,4,train
188,553,5,train
718,330,5,train
113,337,5,train
72,392,4,train
194,429,3,train
302,517,5,train
659,330,5,train
581,395,5,train
782,341,3,train
940,352,5,train
516,512,4,train
421,175,5,train
426,245,5,train
139,104,3,train
335,580,3,train
360,88,4,train
318,380,4,train
590,320,5,train
135,441,1,train
780,202,4,train
547,9,4,train
830,106,5,train
827,587,5,train
710,510,4,train
33,260,4,train
350,154,4,train
432,160,5,train
886,277,3,train
740,371,4,train
1,153,3,train
892,493,5,train
662,371,3,train
130,77,2,train
177,421,5,train
934,427,5,train
192,90,4,train
427,123,4,train
978,92,5,train
967,475,5,train
300,187,5,train
111,175,3,train
689,243,5,train
146,321,5,train
596,481,4,train
36,577,4,train
573,504,2,train
760,6,5,train
151,293,3,train
92,271,4,train
940,585,4,train
335,2,3,train
633,22,3,train
157,200,4,train
44,569,5,train
578,574,4,train
727,596,3,train
349,30,5,train
901,514,5,train
221,156,5,train
539,61,4,train
227,481,4,train
673,174,2,train
926,444,4,train
166,380,4,train
930,109,4,train
678,107,5,train
862,317,4,train
888,392,4,train
286,176,5,train
65,244,5,train
327,592,3,train
40,572,5,train
191,279,3,train
83,531,5,train
187,62,5,train
355,254,3,train
731,585,3,train
535,71,5,train
181,236,5,train
76,340,4,train
829,198,5,train
9,340,3,train
484,143,4,train
63,277,4,train
177,148,4,train
757,495,4,train
839,301,5,train
615,561,2,train
411,471,3,train
980,281,5,train
963,231,3,train
452,156,5,train
41,560,5,train
601,323,3,train
936,320,2,train
188,338,3,train
178,330,5,train
933,557,5,train
490,27,4,train
20,199,4,train
210,330,5,train
870,566,5,train
364,564,4,train
800,293,4,train
218,467,5,train
664,401,2,train
244,336,3,train
266,350,3,train
913,160,5,train
319,350,3,train
551,168,3,train
171,202,4,train
662,342,4,train
306,564,3,train
902,368,5,train
391,100,3,train
944,178,5,train
858,421,5,train
362,225,5,train
103,166,4,train
256,411,3,train
46,357,3,train
888,233,4,train
347,395,3,train
967,172,5,train
461,47,2,train
589,186,4,train
229,330,5,train
13,505,2,train
411,91,4,train
231,589,5,train
797,168,4,train
751,183,3,train
789,134,5,train
505,568,2,train
41,582,3,train
19,368,5,train
170,471,5,train
601,84,3,train
517,524,5,train
935,340,5,train
569,179,5,train
423,20,5,train
567,564,3,train
344,264,3,train
511,446,5,train
57,471,3,train
361,168,3,train
13,52,4,train
799,72,3,train
845,582,5,train
477,390,4,train
435,123,5,train
704,588,5,train
861,429,3,train
11,170,5,train
504,548,3,train
115,321,3,train
33,153,3,train
944,66,5,train
768,302,5,train
59,118,4,train
777,168,3,train
715,535,5,train
422,102,5,train
954,219,5,train
425,475,5,train
924,239,3,train
178,203,5,train
904,137,2,train
918,330,5,train
589,128,5,train
619,264,1,train
569,411,2,train
861,295,3,train
304,525,5,train
781,396,3,train
516,358,5,train
515,29,4,train
582,120,5,train
287,26,5,train
674,36,4,train
282,380,3,train
221,576,3,train
549,596,4,train
469,153,5,train
656,396,5,train
356,178,5,train
326,53,4,train
21,330,5,train
547,424,5,train
421,397,4,train
253,474,5,train
933,191,4,train
324,569,5,train
616,501,5,train
246,321,5,train
160,91,3,train
683,233,4,train
844,160,5,train
140,29,4,train
178,360,5,train
119,16,5,train
656,211,5,train
873,176,3,train
108,203,5,train
348,196,3,train
89,513,5,train
857,507,4,train
654,14,5,train
756,484,5,train
461,588,3,train
91,123,5,train
882,574,2,train
566,482,5,train
835,229,4,train
561,378,2,train
926,191,4,train
87,160,5,train
89,470,2,train
729,224,5,train
782,376,3,train
526,389,3,train
362,100,4,train
810,448,5,train
682,306,5,train
41,261,3,train
72,325,2,train
154,76,4,train
113,124,3,train
825,116,2,train
427,98,5,train
702,14,5,train
988,464,4,train
175,325,3,train
328,312,4,train
17,490,5,train
827,208,5,train
797,105,5,train
904,108,4,train
676,184,5,train
119,347,3,train
33,61,5,train
451,272,5,train
92,235,2,train
92,407,3,train
506,100,5,train
707,268,4,train
726,429,4,train
975,557,5,train
732,206,5,train
250,547,4,train
844,320,5,train
495,297,4,train
214,1,3,train
429,527,3,train
912,572,5,train
461,440,2,train
659,76,5,train
820,88,5,train
847,504,5,train
829,110,3,train
29,360,5,train
584,42,4,train
788,570,5,train
506,505,4,train
704,457,5,train
516,181,5,train
368,340,5,train
49,368,5,train
847,194,5,train
783,340,5,train
108,6,5,train
70,87,2,train
294,74,5,train
411,469,3,train
738,553,4,train
150,549,3,train
248,464,4,train
72,588,5,train
260,561,2,train
661,242,4,train
740,316,5,train
74,471,4,train
558,460,3,train
962,330,5,train
10,570,5,train
215,115,2,train
437,498,5,train
427,394,4,train
391,12,3,train
411,293,5,train
118,320,3,train
16,254,5,train
919,112,5,train
9,454,5,train
102,36,2,train
303,140,4,train
578,254,5,train
738,526,3,train
78,591,5,train
665,436,5,train
161,101,5,train
909,429,3,train
383,519,5,train
94,94,5,train
177,176,4,train
824,252,2,train
648,361,3,train
387,30,5,train
306,66,2,train
267,148,5,train
541,225,5,train
419,165,4,train
429,444,4,train
653,211,5,train
879,190,3,train
108,153,2,train
346,116,5,train
362,320,5,train
362,31,3,train
287,396,4,train
488,172,5,train
598,517,5,train
99,240,5,train
659,110,2,train
851,91,4,train
0,594,5,train
855,7,5,train
227,294,4,train
537,53,3,train
940,576,5,train
854,571,4,train
320,103,3,train
247,213,4,train
588,576,3,train
251,8,3,train
779,496,2,train
928,588,4,train
491,340,5,train
57,115,3,train
6,8,4,train
85,435,2,train
755,407,4,train
72,436,5,train
839,550,5,train
556,190,4,train
515,437,3,train
654,190,5,train
278,15,3,train
682,575,5,train
707,471,3,train
537,29,5,train
35,429,5,train
325,556,4,train
679,168,5,train
800,550,4,train
229,597,4,train
687,30,5,train
755,123,5,train
317,524,5,train
841,121,5,train
779,420,3,train
904,321,5,train
69,549,5,train
522,382,5,train
373,106,3,train
884,31,5,train
989,450,5,train
215,370,5,train
735,476,4,train
548,14,4,train
800,407,4,train
8,428,3,train
413,82,5,train
84,592,4,train
481,30,5,train
813,245,3,train
463,532,4,train
329,391,5,train
613,555,5,train
536,262,5,train
738,514,5,train
813,564,3,train
695,264,4,train
590,474,5,train
553,5,4,train
227,23,4,train
485,496,5,train
593,159,3,train
926,254,3,train
700,579,3,train
779,330,4,train
341,386,5,train
161,245,5,train
217,194,4,train
66,219,5,train
53,428,3,train
517,1,5,train
815,338,5,train
87,321,2,train
225,365,3,train
533,503,1,train
196,344,2,train
968,429,3,train
472,134,3,train
651,363,4,train
584,588,5,train
253,382,3,train
673,1,5,train
239,42,4,train
867,167,3,train
707,431,3,train
912,580,3,train
149,106,4,train
57,444,4,train
888,305,5,train
595,11,4,train
972,27,5,train
258,103,5,train
970,535,5,train
392,361,2,train
486,93,3,train
740,572,3,train
248,376,5,train
637,549,3,train
624,336,2,train
850,364,3,train
553,525,5,train
907,1,5,train
767,29,5,train
515,84,4,train
802,15,4,train
237,146,4,train
174,464,5,train
225,570,5,train
561,123,5,train
649,464,3,train
495,439,3,train
755,41,4,train
107,61,3,train
2,240,4,train
126,517,4,train
320,117,4,train
740,428,4,train
362,160,5,train
663,570,5,train
413,280,4,train
972,62,5,train
774,153,4,train
445,303,2,train
232,29,4,train
469,444,2,train
961,467,5,train
106,594,3,train
934,264,2,train
981,207,4,train
219,161,5,train
405,73,5,train
851,371,5,train
161,498,5,train
664,290,3,train
140,460,5,train
286,222,4,train
228,374,3,train
686,572,3,train
528,304,5,train
119,239,2,train
544,73,5,train
168,112,5,train
951,279,5,train
199,71,4,train
838,167,4,train
740,242,3,train
245,338,4,train
852,558,5,train
797,354,3,train
907,25,4,train
400,135,5,train
11,330,3,train
873,254,3,train
996,594,5,train
91,27,4,train
618,321,4,train
861,105,5,train
697,66,4,train
335,202,4,train
331,211,5,train
61,117,2,train
119,576,3,train
587,532,3,train
974,380,5,train
190,194,5,train
462,338,4,train
752,595,5,train
604,475,5,train
674,579,5,train
577,337,5,train
702,318,5,train
329,117,2,train
755,208,4,train
59,87,5,train
979,327,3,train
835,116,5,train
428,78,4,train
645,31,2,train
310,199,4,train
630,450,5,train
460,587,1,train
626,176,3,train
665,559,3,train
862,309,2,train
379,504,5,train
666,271,3,train
582,337,5,train
431,138,4,train
580,176,3,train
583,14,4,train
877,392,5,train
29,326,2,train
850,236,5,train
937,168,3,train
30,590,3,train
514,46,4,train
969,489,4,train
380,396,2,train
105,355,3,train
861,100,4,train
161,404,5,train
648,180,4,train
492,309,5,train
754,576,3,train
947,297,3,train
261,202,5,train
282,198,5,train
951,290,2,train
384,169,5,train
157,137,3,train
127,360,3,train
58,214,4,train
309,399,4,train
755,110,5,train
69,166,4,train
925,203,5,train
280,29,2,train
278,457,5,train
259,558,5,train
776,13,2,train
438,36,2,train
883,131,3,train
699,219,4,train
327,323,3,train
320,400,5,train
830,444,3,train
56,176,5,train
570,240,5,train
169,36,5,train
430,277,2,train
255,115,4,train
325,593,4,train
846,119,4,train
486,518,4,train
401,378,5,train
497,591,4,train
711,429,3,train
484,585,3,train
53,2,5,train
459,108,3,train
80,110,4,train
380,196,5,train
968,549,5,train
994,258,5,train
502,570,5,train
811,444,2,train
426,587,5,train
66,396,5,train
661,445,5,train
817,231,4,train
330,429,4,train
748,236,1,train
599,430,5,train
485,280,5,train
935,508,5,train
848,409,3,train
672,131,5,train
727,570,5,train
350,576,4,train
108,460,3,train
427,47,4,train
384,61,5,train
537,337,4,train
906,176,4,train
88,78,3,train
749,580,4,train
220,386,5,train
372,121,5,train
135,236,2,train
652,81,4,train
152,65,4,train
228,148,2,train
26,229,3,train
610,57,5,train
491,429,3,train
940,428,5,train
922,396,5,train
177,429,3,train
375,30,5,train
292,11,5,train
420,258,3,train
72,31,5,train
702,236,3,train
879,7,5,train
333,196,5,train
407,110,5,train
143,143,4,train
290,385,5,train
853,103,4,train
733,146,2,train
46,594,3,train
803,556,4,train
901,141,5,train
779,194,5,train
103,463,3,train
460,239,2,train
472,138,4,train
495,428,5,train
903,82,3,train
199,337,5,train
722,570,3,train
438,360,5,train
393,217,4,train
920,296,4,train
292,104,5,train
145,16,3,train
1,116,3,train
649,241,4,train
234,480,5,train
803,358,5,train
189,476,5,train
500,109,4,train
896,301,2,train
339,554,4,train
545,588,4,train
359,30,5,train
61,354,5,train
78,437,3,train
363,208,2,train
857,116,5,train
854,236,5,train
192,37,5,train
764,82,5,train
785,259,3,train
377,143,5,train
57,439,4,train
798,206,5,train
839,436,4,train
13,106,5,train
161,208,4,train
446,264,2,train
618,310,3,train
678,279,4,train
926,396,2,train
407,117,2,train
968,330,3,train
1,230,4,train
75,336,3,train
441,361,2,train
722,372,5,train
226,572,5,train
251,516,3,train
658,553,3,train
281,543,3,train
888,284,4,train
43,545,3,train
775,261,5,train
470,30,2,train
795,72,3,train
654,587,4,train
518,2,5,train
250,210,3,train
896,402,3,train
561,281,5,train
749,529,3,train
803,360,5,train
455,572,5,train
574,10,3,train
957,245,5,train
997,527,4,train
556,428,4,train
702,338,5,train
517,187,5,train
157,115,4,train
577,290,5,train
740,11,4,train
782,416,5,train
788,359,3,train
521,416,5,train
654,252,4,train
307,596,4,train
772,134,5,train
646,553,5,train
569,26,3,train
328,174,4,train
687,386,3,train
373,46,3,train
387,179,4,train
753,20,5,train
981,236,2,train
823,320,3,train
237,590,4,train
432,281,3,train
117,100,3,train
790,93,3,train
583,65,4,train
662,354,4,train
110,582,2,train
574,421,3,train
16,160,5,train
959,112,4,train
925,504,4,train
313,572,5,train
830,436,2,train
248,438,5,train
658,596,4,train
686,429,2,train
313,361,4,train
119,176,3,train
529,293,2,train
384,22,5,train
184,396,5,train
65,401,5,train
302,555,3,train
111,337,4,train
904,152,4,train
102,574,5,train
306,245,4,train
0,62,5,train
62,240,3,train
350,572,4,train
833,274,5,train
765,233,5,train
1,239,3,train
444,131,4,train
154,121,3,train
363,20,4,train
896,358,3,train
547,315,1,train
578,450,5,train
339,190,5,train
785,281,4,train
611,65,4,train
713,376,3,train
27,532,2,train
999,368,5,train
448,504,5,train
317,90,3,train
417,588,5,train
423,262,5,train
459,278,5,train
619,429,2,train
789,261,4,train
849,30,2,train
544,370,5,train
174,123,4,train
9,337,4,train
161,131,5,train
302,502,3,train
181,475,5,train
654,53,4,train
722,31,5,train
285,473,4,train
108,168,3,train
940,239,4,train
270,381,3,train
953,429,4,train
968,261,5,train
752,239,3,train
348,556,3,train
960,162,1,train
606,546,5,train
817,519,4,train
587,240,4,train
145,31,5,train
263,124,5,train
989,556,3,train
249,354,5,train
186,347,5,train
423,240,4,train
472,581,4,train
305,146,4,train
262,287,5,train
801,208,4,train
9,187,4,train
291,409,5,train
448,312,3,train
374,543,3,train
740,367,5,train
880,91,5,train
302,525,5,train
839,252,5,train
118,354,4,train
901,354,5,train
880,121,3,train
722,191,2,train
933,459,4,train
53,556,4,train
514,184,5,train
160,225,5,train
212,240,5,train
489,321,3,train
150,191,3,train
733,277,5,train
432,42,5,train
865,376,4,train
489,116,5,train
325,93,3,train
786,88,3,train
63,481,3,train
943,511,5,train
270,385,3,train
100,261,4,train
92,123,5,train
137,143,5,train
541,354,5,train
157,429,4,train
678,412,5,train
676,419,4,train
174,330,4,train
774,261,5,train
698,84,3,train
276,482,3,train
810,49,3,train
572,239,3,train
23,202,4,train
273,590,3,train
828,134,4,train
104,264,3,train
999,254,5,train
872,381,5,train
120,560,5,train
7,232,5,train
346,264,4,train
302,588,5,train
397,303,2,train
513,576,3,train
84,401,5,train
62,453,3,train
952,155,5,train
525,134,4,train
574,236,3,train
28,347,4,train
677,148,4,train
192,46,3,train
637,34,3,train
356,558,5,train
556,367,5,train
461,133,5,train
311,321,3,train
449,327,4,train
335,131,5,train
844,254,5,train
738,16,4,train
446,146,4,train
896,541,5,train
505,296,3,train
895,275,5,train
692,473,4,train
75,261,5,train
337,429,4,train
895,16,3,train
116,594,5,train
562,504,4,train
432,541,2,train
849,505,3,train
588,474,4,train
20,9,2,train
199,317,3,train
839,153,5,train
388,123,3,train
825,506,3,train
704,504,5,train
904,42,4,train
316,323,5,train
326,116,5,train
581,48,5,train
723,444,5,train
498,585,4,train
161,15,5,train
800,360,5,train
158,309,2,train
261,194,5,train
898,194,5,train
388,377,4,train
387,123,5,train
583,258,5,train
99,94,5,train
655,41,4,train
937,194,5,train
408,383,3,train
875,425,5,train
635,495,3,train
781,102,5,train
789,265,5,train
919,550,5,train
672,211,5,train
764,363,2,train
478,102,5,train
970,261,5,train
52,172,4,train
537,537,5,train
824,155,4,train
877,334,5,train
978,559,4,train
0,123,5,train
729,543,4,train
829,29,3,train
913,496,4,train
952,295,4,train
725,1,5,train
323,467,3,train
232,354,5,train
568,502,5,train
538,9,2,train
568,419,4,train
712,121,3,train
467,428,4,train
334,320,2,train
650,194,5,train
697,564,4,train
993,482,4,train
163,264,1,train
587,400,5,train
358,484,5,train
63,437,5,train
836,301,4,train
100,488,3,train
439,537,4,train
727,288,3,train
617,153,4,train
490,293,5,train
188,436,4,train
465,330,5,train
88,108,4,train
203,448,2,train
388,533,4,train
124,457,5,train
491,22,5,train
987,564,4,train
411,68,5,train
872,103,5,train
221,323,5,train
569,169,5,train
598,555,4,train
875,20,5,train
938,428,4,train
734,16,5,train
48,159,4,train
677,548,5,train
834,264,3,train
234,255,3,train
329,464,4,train
217,250,4,train
521,295,4,train
875,294,4,train
654,236,5,train
576,408,4,train
983,176,5,train
53,473,5,train
812,376,5,train
336,108,4,train
697,134,5,train
880,376,5,train
110,322,5,train
184,239,3,train
389,80,5,train
191,558,5,train
612,599,3,train
7,121,3,train
865,410,5,train
779,552,2,train
369,519,5,train
984,202,4,train
66,539,2,train
935,254,4,train
821,396,3,train
547,330,5,train
470,399,3,train
490,405,3,train
959,200,4,train
862,302,4,train
727,121,3,train
563,261,3,train
955,218,5,train
382,339,5,train
356,271,5,train
802,457,5,train
510,104,5,train
417,330,5,train
432,236,5,train
212,549,5,train
226,309,3,train
41,548,4,train
301,63,5,train
779,585,3,train
338,104,5,train
495,7,5,train
754,361,3,train
896,218,3,train
596,143,4,train
595,180,5,train
57,78,3,train
422,240,4,train
10,474,4,train
615,517,5,train
890,582,5,train
404,336,3,train
460,354,3,train
391,381,5,train
753,123,5,train
158,157,4,train
229,202,4,train
788,270,5,train
91,429,3,train
896,279,3,train
922,305,5,train
28,140,2,train
320,93,4,train
309,594,4,train
660,378,5,train
854,464,5,train
533,146,3,train
320,279,1,train
41,51,4,train
450,345,4,train
429,357,5,train
525,404,5,train
755,572,5,train
904,582,5,train
829,261,5,train
926,579,3,train
752,14,5,train
661,355,2,train
607,155,5,train
392,240,3,train
186,556,3,train
224,36,4,train
117,211,5,train
630,196,5,train
830,495,5,train
19,103,5,train
470,134,5,train
896,168,5,train
189,429,3,train
981,576,5,train
232,320,5,train
870,376,3,train
641,66,5,train
357,288,2,train
966,476,5,train
495,124,3,train
906,293,4,train
283,214,3,train
119,167,4,train
979,457,5,train
413,453,5,train
655,208,4,train
261,100,5,train
734,42,4,train
928,579,3,train
869,429,2,train
227,252,3,train
491,487,4,train
98,88,2,train
974,560,1,train
678,507,4,train
741,297,5,train
230,261,3,train
524,429,4,train
935,565,4,train
53,261,5,train
432,594,5,train
888,468,2,train
613,203,5,train
772,293,3,train
398,340,4,train
117,467,3,train
128,188,3,train
486,493,5,train
51,112,5,train
209,202,1,train
328,279,4,train
361,562,5,train
936,390,4,train
723,227,3,train
69,239,3,train
335,456,5,train
10,71,2,train
56,103,5,train
851,236,3,train
516,273,5,train
542,234,5,train
888,361,2,train
155,383,5,train
350,112,5,train
216,361,4,train
285,146,4,train
258,442,4,train
940,309,5,train
516,290,5,train
773,254,5,train
340,19,3,train
829,357,3,train
702,249,3,train
437,261,3,train
818,392,4,train
87,168,4,train
547,524,5,train
839,30,5,train
846,407,4,train
337,202,4,train
697,219,4,train
830,56,4,train
489,53,3,train
418,506,4,train
508,319,5,train
429,203,5,train
335,262,5,train
25,338,5,train
904,174,5,train
933,519,2,train
134,87,2,train
656,16,5,train
568,3,4,train
469,172,4,train
289,230,4,train
5,82,5,train
837,535,4,train
290,30,5,train
327,309,3,train
195,131,5,train
580,597,4,train
143,61,3,train
348,323,4,train
170,595,5,train
69,240,5,train
571,193,5,train
865,203,5,train
538,570,5,train
348,525,3,train
372,200,5,train
460,30,3,train
610,160,5,train
46,450,3,train
121,498,3,train
66,494,5,train
505,582,3,train
145,429,3,train
878,62,4,train
327,583,3,train
73,214,5,train
313,569,4,train
111,254,5,train
525,190,3,train
512,427,5,train
337,553,5,train
507,445,3,train
177,236,4,train
803,340,4,train
487,5,3,train
738,239,4,train
223,500,4,train
377,532,5,train
333,162,4,train
460,211,3,train
495,153,3,train
201,399,4,train
235,490,5,train
734,354,3,train
931,315,4,train
941,166,5,train
621,395,5,train
525,420,5,train
613,76,5,train
949,416,3,train
166,31,5,train
881,16,5,train
913,530,3,train
353,53,3,train
611,142,1,train
934,151,3,train
571,167,4,train
190,25,3,train
109,415,5,train
875,9,4,train
276,536,5,train
974,421,5,train
130,317,4,train
277,293,4,train
112,153,4,train
553,168,3,train
494,410,4,train
745,211,5,train
813,350,5,train
608,457,3,train
431,274,5,train
172,592,3,train
132,517,5,train
50,265,5,train
214,276,2,train
103,396,4,train
728,371,4,train
765,354,5,train
695,31,5,train
92,574,5,train
802,270,5,train
179,100,5,train
260,474,4,train
865,36,1,train
943,75,5,train
652,146,4,train
420,202,4,train
372,168,3,train
179,358,5,train
857,546,5,train
776,330,5,train
661,456,4,train
560,82,5,train
326,151,4,train
283,317,4,train
956,124,4,train
438,141,3,train
336,549,4,train
374,476,5,train
267,115,5,train
764,261,5,train
384,217,5,train
723,90,4,train
432,279,2,train
601,487,2,train
895,323,4,train
933,357,3,train
451,92,4,train
584,336,2,train
715,498,4,train
0,343,4,train
232,582,3,train
78,429,3,train
870,496,5,train
516,110,5,train
173,69,5,train
391,254,5,train
174,392,4,train
724,197,5,train
357,450,5,train
800,25,3,train
551,279,4,train
375,525,4,train
319,580,4,train
475,176,5,train
112,399,4,train
373,576,3,train
622,396,2,train
116,544,4,train
710,371,5,train
544,512,5,train
487,543,5,train
615,146,3,train
785,395,5,train
115,203,5,train
799,549,3,train
545,494,4,train
555,490,5,train
597,429,4,train
2,301,4,train
394,115,3,train
46,360,5,train
103,437,5,train
61,160,5,train
692,594,3,train
286,116,5,train
654,180,4,train
907,553,5,train
503,555,5,train
41,490,5,train
863,571,3,train
391,202,4,train
93,337,5,train
527,42,4,train
768,349,4,train
134,196,4,train
913,36,4,train
326,264,3,train
22,71,4,train
12,87,3,train
784,12,3,train
163,450,3,train
804,361,4,train
515,212,4,train
516,435,5,train
199,514,4,train
689,314,4,train
868,397,5,train
648,240,5,train
764,495,4,train
755,498,3,train
769,279,5,train
217,69,5,train
322,463,5,train
709,506,4,train
9,334,3,train
976,504,5,train
33,138,5,train
36,463,5,train
932,290,5,train
362,535,5,train
188,264,3,train
379,123,5,train
748,279,3,train
875,49,5,train
13,110,3,train
727,525,5,train
233,214,3,train
423,94,3,train
413,254,3,train
624,34,4,train
289,504,5,train
263,7,3,train
495,83,4,train
935,198,5,train
474,340,5,train
871,553,3,train
563,293,4,train
896,224,3,train
61,172,3,train
72,555,2,train
987,434,5,train
215,193,3,train
352,552,5,train
67,446,2,train
320,34,5,train
391,23,3,train
792,9,3,train
799,134,5,train
162,581,5,train
575,401,4,train
589,409,5,train
249,110,4,train
807,80,5,train
717,49,5,train
766,460,4,train
616,202,5,train
29,549,3,train
181,202,4,train
866,16,5,train
881,37,4,train
652,361,5,train
810,9,3,train
493,244,4,train
831,20,5,train
516,471,4,train
525,474,4,train
41,82,3,train
320,145,5,train
53,317,2,train
926,188,3,train
841,593,3,train
797,222,4,train
883,182,4,train
179,410,4,train
592,475,3,train
221,582,4,train
395,41,3,train
740,5,4,train
680,272,3,train
274,376,5,train
447,87,4,train
551,524,4,train
553,198,4,train
54,594,5,train
936,288,5,train
246,252,3,train
43,112,3,train
477,100,5,train
398,30,5,train
513,419,3,train
752,217,4,train
194,384,5,train
141,167,2,train
995,564,4,train
889,444,3,train
889,178,5,train
568,189,4,train
753,425,4,train
673,556,3,train
790,204,4,train
466,427,5,train
977,436,5,train
919,569,4,train
295,543,3,train
518,538,4,train
119,549,2,train
114,581,5,train
591,474,5,train
163,207,5,train
895,262,5,train
954,576,4,train
896,591,3,train
753,594,5,train
572,404,5,train
690,167,4,train
719,94,4,train
255,447,5,train
342,321,4,train
260,396,4,train
372,358,5,train
220,460,3,train
702,319,3,train
605,487,3,train
779,108,3,train
692,190,4,train
357,558,5,train
160,50,4,train
862,395,5,train
438,43,4,train
362,475,5,train
625,0,5,train
336,87,4,train
626,455,3,train
323,271,4,train
20,358,3,train
468,458,3,train
689,197,3,train
352,588,5,train
935,9,3,train
166,445,4,train
806,196,5,train
564,535,5,train
859,102,5,train
57,591,3,train
952,420,5,train
93,523,5,train
393,427,5,train
877,476,5,train
571,344,5,train
787,463,5,train
759,365,5,train
809,354,5,train
750,582,4,train
221,474,5,train
300,428,3,train
254,429,3,train
487,176,3,train
411,25,3,train
782,279,5,train
800,174,3,train
602,505,3,train
950,224,3,train
175,81,5,train
492,87,4,train
895,450,3,train
188,255,3,train
931,36,3,train
653,66,4,train
624,134,5,train
888,356,3,train
800,502,5,train
557,396,5,train
907,588,5,train
407,273,1,train
992,336,5,train
259,114,5,train
286,532,5,train
952,4,3,train
762,257,5,train
571,178,5,train
479,285,4,train
810,211,5,train
739,49,4,train
34,429,2,train
936,525,4,train
407,222,2,train
270,240,4,train
43,167,4,train
451,202,3,train
168,278,4,train
547,498,3,train
890,420,5,train
411,37,4,train
634,365,5,train
850,238,5,train
992,36,5,train
215,393,5,train
799,26,5,train
264,532,3,train
462,336,3,train
277,25,4,train
540,337,3,train
88,590,4,train
574,194,5,train
378,463,5,train
401,595,4,train
375,470,4,train
640,438,5,train
7,23,4,train
978,589,5,train
138,527,3,train
72,14,5,train
157,579,2,train
70,439,5,train
407,309,5,train
547,230,3,train
38,9,4,train
697,90,5,train
756,504,5,train
358,264,4,train
93,12,2,train
45,536,4,train
826,317,4,train
799,180,5,train
575,519,5,train
124,31,5,train
488,89,5,train
29,404,4,train
901,155,4,train
100,202,5,train
573,296,4,train
881,437,3,train
322,100,4,train
93,317,3,train
712,41,4,train
719,108,3,train
196,261,5,train
558,429,3,train
393,337,5,train
216,371,5,train
574,486,3,train
350,146,4,train
498,485,3,train
624,319,5,train
563,360,5,train
573,546,5,train
823,285,4,train
755,553,3,train
906,532,5,train
561,594,5,train
115,574,5,train
327,564,3,train
459,427,4,train
414,31,4,train
33,467,3,train
957,74,3,train
831,463,5,train
373,541,4,train
967,150,3,train
22,281,5,train
796,514,3,train
413,255,5,train
0,237,5,train
113,73,5,train
927,334,5,train
901,179,3,train
0,453,4,train
648,320,3,train
888,26,5,train
331,350,4,train
372,75,5,train
196,246,3,train
414,76,5,train
872,189,3,train
569,58,4,train
720,581,5,train
861,582,3,train
568,332,5,train
576,230,4,train
761,65,3,train
172,570,4,train
430,555,3,train
770,230,3,train
212,443,5,train
921,397,4,train
652,430,5,train
114,208,5,train
177,340,3,train
579,7,5,train
991,457,5,train
250,435,3,train
716,293,3,train
287,189,3,train
712,400,4,train
656,1,3,train
338,535,3,train
512,225,4,train
539,558,4,train
719,17,5,train
827,541,3,train
594,15,2,train
495,523,3,train
546,496,5,train
1,589,4,train
758,596,4,train
297,50,2,train
962,509,5,train
705,261,4,train
263,506,3,train
726,493,4,train
472,598,3,train
803,76,5,train
310,115,2,train
961,180,5,train
265,316,5,train
986,445,4,train
450,5,4,train
443,564,4,train
496,428,3,train
719,457,4,train
863,479,4,train
680,480,5,train
94,143,4,train
746,448,4,train
428,142,2,train
937,46,4,train
564,43,2,train
728,27,4,train
888,240,2,train
350,488,4,train
574,115,4,train
548,275,4,train
728,194,5,train
972,116,4,train
62,168,2,train
225,411,5,train
880,296,4,train
839,330,5,train
495,371,5,train
736,309,4,train
94,582,4,train
10,553,3,train
819,495,3,train
259,278,4,train
545,574,5,train
851,429,3,train
315,174,4,train
519,304,5,train
569,112,4,train
785,63,5,train
725,409,3,train
897,349,5,train
118,582,5,train
413,391,3,train
495,549,4,train
118,204,4,train
858,546,5,train
672,333,3,train
523,561,3,train
573,317,2,train
334,464,4,train
273,386,5,train
940,596,4,train
965,140,2,train
318,399,4,train
349,9,3,train
182,87,3,train
246,159,4,train
910,254,5,train
485,361,3,train
702,442,3,train
327,546,5,train
90,550,4,train
593,193,3,train
727,184,5,train
157,151,5,train
845,297,5,train
697,276,3,train
727,138,2,train
820,571,4,train
261,31,5,train
66,117,4,train
313,571,4,train
564,7,5,train
940,168,3,train
786,546,4,train
811,457,5,train
723,568,5,train
158,132,5,train
835,160,5,train
96,444,5,train
273,588,5,train
975,460,5,train
169,376,3,train
200,525,4,train
572,597,5,train
131,134,5,train
941,197,2,train
970,471,4,train
490,245,5,train
755,330,3,train
729,174,4,train
750,110,4,train
389,180,5,train
215,143,5,train
946,94,2,train
828,355,2,train
712,270,4,train
580,313,5,train
415,429,4,train
380,159,5,train
998,524,5,train
259,76,5,train
711,176,4,train
252,360,5,train
599,234,5,train
169,524,5,train
652,46,4,train
532,404,4,train
282,495,4,train
978,250,5,train
836,141,5,train
661,504,5,train
870,540,5,train
843,277,2,train
156,48,4,train
653,85,2,train
587,87,2,train
145,86,3,train
214,248,5,train
926,168,3,train
668,279,5,train
29,376,4,train
243,238,5,train
650,556,1,train
966,12,5,train
333,411,3,train
861,495,5,train
176,581,5,train
101,304,5,train
398,444,4,train
286,239,3,train
348,27,4,train
252,168,3,train
88,31,5,train
869,164,4,train
446,422,5,train
100,585,4,train
618,125,5,train
847,73,5,train
904,244,5,train
460,226,2,train
952,5,4,train
457,294,4,train
481,123,5,train
90,444,3,train
160,236,5,train
850,592,3,train
576,330,5,train
605,444,1,train
260,80,3,train
768,78,4,train
265,396,3,train
664,174,4,train
779,211,3,train
782,295,5,train
90,176,5,train
469,236,5,train
741,553,2,train
445,183,4,train
836,16,5,train
0,196,5,train
703,321,5,train
872,382,5,train
779,281,4,train
823,594,5,train
870,334,3,train
908,361,2,train
220,342,3,train
563,375,5,train
796,590,4,train
269,153,5,train
431,375,3,train
574,571,4,train
679,297,4,train
743,62,5,train
810,429,4,train
19,190,5,train
637,363,3,train
363,476,5,train
700,518,5,train
896,388,5,train
974,556,4,train
407,312,5,train
675,194,5,train
550,189,3,train
780,240,3,train
526,438,5,train
240,114,5,train
439,14,4,train
624,135,4,train
889,226,5,train
982,279,3,train
662,484,5,train
892,172,5,train
706,252,3,train
714,198,5,train
572,487,4,train
908,196,2,train
892,337,4,train
870,381,4,train
432,147,5,train
532,264,4,train
25,190,5,train
200,36,3,train
72,445,4,train
521,240,5,train
39,26,5,train
5,503,5,train
493,24,5,train
629,232,3,train
929,202,5,train
934,274,4,train
971,363,3,train
926,82,5,train
409,427,5,train
424,153,4,train
722,18,5,train
640,29,4,train
460,146,2,train
177,248,5,train
799,438,5,train
827,518,5,train
585,325,3,train
273,482,4,train
85,208,5,train
365,342,5,train
209,511,5,train
803,155,4,train
971,330,5,train
230,293,4,train
91,116,3,train
57,350,5,train
855,442,2,train
593,429,3,train
803,428,3,train
697,371,3,train
105,276,3,train
575,480,4,train
333,254,3,train
103,319,5,train
72,546,3,train
352,566,3,train
752,396,3,train
69,185,3,train
360,572,4,train
817,100,5,train
732,232,3,train
577,514,4,train
433,166,3,train
815,429,5,train
4,518,5,train
784,41,5,train
996,18,4,train
988,473,3,train
117,350,3,train
16,595,5,train
613,100,3,train
766,199,4,train
446,321,4,train
775,0,3,train
103,443,4,train
755,507,5,train
169,126,5,train
115,396,3,train
580,240,2,train
534,549,4,train
634,596,4,train
387,450,3,train
673,168,3,train
399,217,5,train
411,148,3,train
106,548,4,train
209,519,3,train
711,434,4,train
300,429,3,train
194,508,4,train
495,556,3,train
517,317,2,train
432,320,4,train
309,237,4,train
464,550,5,train
320,234,5,train
639,131,5,train
313,133,5,train
484,65,3,train
145,365,5,train
110,325,3,train
201,330,5,train
282,460,5,train
114,518,5,train
904,146,3,train
996,30,5,train
100,115,3,train
777,361,3,train
771,593,4,train
277,168,3,train
729,513,3,train
356,115,3,train
442,38,3,train
630,116,4,train
381,175,3,train
831,386,4,train
641,271,4,train
267,508,5,train
154,553,4,train
29,317,2,train
203,0,3,train
785,521,4,train
712,281,4,train
77,497,4,train
820,564,2,train
175,268,4,train
198,30,5,train
172,240,5,train
416,88,5,train
515,295,1,train
773,106,2,train
309,22,5,train
48,427,2,train
734,525,5,train
604,595,5,train
478,22,5,train
221,396,2,train
430,448,4,train
494,277,5,train
523,594,3,train
175,524,5,train
81,162,4,train
51,347,5,train
727,429,4,train
518,360,5,train
780,406,5,train
98,592,3,train
195,100,5,train
217,431,4,train
306,594,1,train
344,281,5,train
843,66,5,train
19,330,4,train
516,261,5,train
57,172,5,train
666,36,2,train
83,206,2,train
516,231,5,train
87,450,5,train
703,261,5,train
364,330,5,train
371,321,5,train
295,361,3,train
194,202,3,train
328,354,5,train
624,349,3,train
540,143,5,train
42,180,4,train
787,257,5,train
952,594,3,train
361,272,5,train
16,564,4,train
609,552,4,train
401,571,4,train
94,19,3,train
771,65,4,train
682,286,5,train
550,450,5,train
477,219,4,train
85,17,4,train
428,236,4,train
808,340,2,train
669,168,5,train
558,108,4,train
283,151,3,train
769,363,4,train
446,361,4,train
192,449,4,train
32,471,4,train
515,330,4,train
730,30,5,train
21,465,4,train
564,142,5,train
573,277,3,train
586,176,5,train
246,240,5,train
870,263,5,train
19,16,3,train
127,293,5,train
352,151,2,train
657,407,5,train
628,123,5,train
958,240,3,train
444,63,5,train
14,236,5,train
375,321,2,train
729,181,5,train
640,390,3,train
975,148,2,train
1,255,4,train
283,339,5,train
967,396,2,train
736,293,4,train
854,55,5,train
134,516,5,train
108,321,3,train
830,261,5,train
495,197,5,train
348,407,3,train
783,519,5,train
682,20,4,train
78,236,5,train
210,558,5,train
968,198,5,train
131,129,5,train
6,294,4,train
472,34,4,train
391,383,5,train
474,267,3,train
520,451,5,train
458,239,2,train
366,327,2,train
940,15,4,train
857,264,3,train
572,588,4,train
302,190,5,train
770,423,3,train
398,169,3,train
334,315,3,train
469,123,4,train
229,2,5,train
803,576,3,train
350,239,2,train
900,75,2,train
629,178,4,train
423,517,5,train
147,94,4,train
697,299,5,train
206,87,5,train
385,450,5,train
897,428,3,train
339,90,4,train
630,512,3,train
421,87,3,train
686,342,5,train
933,87,3,train
471,529,4,train
118,474,5,train
422,70,2,train
764,317,3,train
724,87,4,train
725,82,4,train
896,88,3,train
645,383,3,train
680,585,4,train
177,354,4,train
965,429,3,train
157,145,5,train
926,330,3,train
23,258,5,train
216,570,5,train
5,250,4,train
872,301,4,train
967,176,5,train
672,448,3,train
378,49,5,train
615,524,5,train
13,464,3,train
160,199,5,train
55,194,5,train
944,255,5,train
799,399,4,train
350,87,2,train
304,556,4,train
45,29,5,train
19,511,5,train
47,116,4,train
568,428,4,train
808,510,5,train
57,65,5,train
740,155,5,train
341,530,2,train
90,264,4,train
974,523,3,train
727,338,4,train
277,240,4,train
780,574,4,train
863,538,3,train
219,134,4,train
436,268,5,train
148,254,3,train
785,15,5,train
435,293,3,train
392,495,5,train
525,143,4,train
267,340,5,train
441,42,4,train
165,590,4,train
900,22,5,train
362,391,5,train
422,293,3,train
847,261,5,train
478,474,4,train
283,575,5,train
136,360,5,train
205,452,5,train
65,26,5,train
169,160,5,train
224,239,5,train
387,580,4,train
785,463,5,train
942,58,5,train
901,106,4,train
904,142,4,train
973,389,5,train
62,594,5,train
920,222,4,train
359,17,4,train
178,202,5,train
462,271,5,train
833,596,4,train
705,279,5,train
964,330,5,train
210,203,5,train
846,232,5,train
518,524,5,train
577,15,5,train
72,176,4,train
192,131,4,train
512,597,3,train
753,463,5,train
137,444,5,train
593,240,5,train
425,571,3,train
870,429,3,train
243,103,5,train
929,176,2,train
238,465,4,train
243,368,5,train
790,138,4,train
397,103,4,train
487,323,2,train
55,240,5,train
445,137,5,train
15,6,4,train
427,297,5,train
292,87,5,train
906,481,4,train
576,372,5,train
998,252,5,train
847,53,4,train
780,8,5,train
350,484,5,train
617,103,5,train
154,321,4,train
717,323,3,train
120,444,3,train
334,236,4,train
986,239,1,train
483,247,4,train
975,16,4,train
389,444,3,train
199,42,5,train
39,523,5,train
766,496,5,train
843,155,4,train
343,350,4,train
3,16,5,train
605,456,4,train
170,94,3,train
648,582,3,train
427,27,4,train
999,354,5,train
981,287,5,train
249,515,3,train
299,479,5,train
184,334,5,train
664,66,5,train
360,239,2,train
418,574,5,train
621,53,5,train
559,313,3,train
572,264,3,train
247,123,5,train
402,219,5,train
763,141,5,train
585,358,5,train
722,106,3,train
423,264,4,train
80,549,5,train
827,463,5,train
823,504,5,train
996,241,3,train
680,559,5,train
524,437,3,train
659,550,5,train
681,525,5,train
869,508,4,train
271,178,3,train
895,225,3,train
296,424,5,train
737,93,5,train
904,546,5,train
263,372,4,train
712,471,3,train
649,165,4,train
668,89,5,train
169,383,5,train
93,196,5,train
989,251,4,train
956,354,2,train
489,100,5,train
686,514,5,train
644,191,4,train
167,330,4,train
0,156,5,train
394,553,5,train
161,424,5,train
513,194,4,train
335,123,5,train
693,592,5,train
563,473,5,train
498,290,5,train
973,447,3,train
301,31,5,train
345,140,3,train
800,363,3,train
621,579,5,train
442,119,3,train
471,46,5,train
598,27,5,train
660,153,5,train
771,277,2,train
217,330,4,train
797,443,2,train
517,146,4,train
170,543,4,train
676,358,5,train
575,337,5,train
793,144,4,train
32,532,3,train
43,2,5,train
246,271,4,train
553,165,4,train
970,507,5,train
121,176,2,train
718,444,3,train
177,496,5,train
970,207,5,train
653,105,5,train
945,168,4,train
882,100,5,train
386,371,4,train
316,158,3,train
536,222,4,train
320,427,2,train
703,421,4,train
770,102,5,train
904,36,1,train
661,594,5,train
771,548,4,train
927,42,4,train
895,574,5,train
851,0,4,train
120,23,5,train
722,395,5,train
318,76,5,train
259,168,4,train
356,502,5,train
196,299,3,train
160,443,3,train
729,429,3,train
52,354,5,train
205,453,3,train
266,565,2,train
780,596,4,train
839,123,4,train
838,495,4,train
587,582,5,train
910,26,4,train
678,567,4,train
915,253,3,train
793,525,4,train
150,471,3,train
230,477,5,train
391,459,2,train
888,267,4,train
257,254,4,train
360,146,3,train
553,115,4,train
755,142,5,train
583,271,5,train
182,523,5,train
48,296,5,train
803,104,3,train
613,26,4,train
294,117,2,train
621,30,5,train
187,399,3,train
616,321,5,train
28,301,4,train
493,396,2,train
968,356,3,train
529,411,4,train
515,271,4,train
208,508,5,train
211,10,5,train
283,556,4,train
797,185,4,train
88,208,4,train
690,288,5,train
961,76,5,train
102,124,5,train
286,516,5,train
437,110,5,train
753,57,4,train
387,174,4,train
521,7,4,train
506,208,5,train
326,381,5,train
633,556,2,train
849,254,5,train
78,471,4,train
691,544,3,train
335,172,3,train
39,29,5,train
867,532,4,train
646,75,3,train
565,115,3,train
718,390,3,train
22,537,4,train
196,512,4,train
156,277,4,train
173,538,3,train
646,34,3,train
783,320,3,train
293,410,2,train
320,199,5,train
360,323,4,train
996,554,4,train
350,191,3,train
679,105,5,train
62,293,4,train
540,503,5,train
492,0,5,train
974,196,3,train
189,88,3,train
888,298,3,train
72,429,3,train
72,123,5,train
861,290,4,train
889,153,3,train
382,211,3,train
729,217,5,train
373,108,4,train
13,82,4,train
698,519,5,train
358,140,4,train
663,582,5,train
161,257,5,train
571,541,4,train
568,159,5,train
812,134,3,train
587,359,4,train
22,429,4,train
655,91,5,train
780,90,4,train
182,564,1,train
122,416,5,train
796,368,5,train
295,131,5,train
477,443,4,train
278,262,5,train
821,32,3,train
649,136,2,train
382,525,5,train
23,9,4,train
8,361,4,train
856,123,5,train
837,131,4,train
30,279,5,train
251,162,5,train
283,440,3,train
399,22,5,train
696,580,5,train
783,444,5,train
793,588,5,train
529,350,4,train
553,245,5,train
167,293,5,train
238,87,1,train
391,458,4,train
980,445,5,train
755,222,4,train
142,146,2,train
421,41,3,train
521,320,4,train
444,123,5,train
72,78,4,train
378,365,4,train
185,519,5,train
273,203,5,train
277,323,3,train
486,41,4,train
774,471,3,train
648,176,3,train
898,126,3,train
469,313,3,train
621,24,3,train
89,360,5,train
446,305,2,train
69,198,5,train
623,561,1,train
608,227,3,train
960,354,4,train
306,272,4,train
20,20,5,train
350,496,4,train
209,378,5,train
294,82,5,train
48,240,3,train
44,576,5,train
880,187,5,train
411,533,5,train
477,249,5,train
853,55,5,train
326,136,4,train
420,549,2,train
667,554,3,train
873,239,3,train
714,572,5,train
305,479,4,train
435,337,4,train
301,20,5,train
834,35,5,train
49,450,5,train
968,495,5,train
604,322,3,train
168,429,4,train
209,279,4,train
826,148,5,train
891,88,5,train
61,5,3,train
927,361,2,train
196,165,4,train
711,349,5,train
161,178,3,train
670,196,3,train
428,548,3,train
547,523,4,train
312,296,5,train
598,474,5,train
690,530,3,train
161,574,5,train
413,312,5,train
387,460,5,train
939,582,4,train
286,419,4,train
284,88,5,train
332,270,5,train
151,78,3,train
967,76,4,train
489,123,5,train
723,475,3,train
307,295,3,train
937,18,5,train
404,364,4,train
244,437,5,train
521,572,5,train
607,66,5,train
477,576,3,train
72,22,2,train
265,94,5,train
725,482,5,train
565,131,4,train
150,427,5,train
10,523,4,train
168,378,3,train
168,396,5,train
477,179,5,train
504,531,3,train
36,323,4,train
423,518,5,train
935,368,5,train
516,337,5,train
755,574,4,train
158,285,3,train
423,261,3,train
446,117,3,train
335,292,5,train
642,495,4,train
855,41,4,train
78,139,3,train
799,368,4,train
970,275,5,train
895,27,4,train
500,560,5,train
454,475,5,train
755,66,4,train
400,115,4,train
904,335,5,train
273,182,5,train
725,465,4,train
621,100,5,train
956,290,5,train
41,279,3,train
799,570,3,train
782,339,5,train
716,321,3,train
254,330,3,train
797,497,5,train
465,140,3,train
849,592,5,train
736,518,5,train
462,588,5,train
679,112,5,train
780,42,3,train
327,556,2,train
14,254,5,train
521,460,5,train
537,112,5,train
19,128,5,train
459,473,2,train
660,199,4,train
608,94,5,train
158,523,5,train
722,508,2,train
876,599,5,train
729,358,5,train
821,556,3,train
429,552,5,train
452,49,4,train
9,369,5,train
423,323,5,train
160,356,3,train
288,240,5,train
768,133,4,train
434,196,5,train
76,161,5,train
857,141,5,train
265,131,5,train
761,123,4,train
6,281,3,train
418,585,4,train
752,450,5,train
192,6,3,train
62,444,4,train
457,183,5,train
590,14,5,train
126,90,3,train
505,354,4,train
468,148,5,train
487,300,4,train
598,124,5,train
177,22,3,train
752,176,5,train
567,330,3,train
9,538,4,train
169,116,5,train
207,28,4,train
356,215,3,train
273,245,4,train
828,213,5,train
17,450,5,train
352,44,3,train
790,299,1,train
320,202,3,train
41,359,4,train
835,259,5,train
590,100,5,train
587,407,5,train
177,525,4,train
979,5,4,train
429,592,4,train
940,334,5,train
169,595,5,train
701,590,4,train
408,168,5,train
285,239,4,train
175,590,4,train
459,358,3,train
13,233,4,train
392,464,2,train
797,397,4,train
474,34,3,train
103,236,3,train
346,103,5,train
328,12,4,train
245,226,5,train
341,323,3,train
594,168,3,train
883,240,5,train
189,464,3,train
470,112,5,train
205,354,3,train
93,342,4,train
81,585,3,train
283,534,4,train
615,558,5,train
975,588,4,train
934,463,3,train
626,576,4,train
376,349,5,train
539,222,3,train
598,91,5,train
312,570,5,train
421,338,5,train
693,173,5,train
464,105,3,train
72,590,3,train
115,115,3,train
102,292,4,train
652,329,5,train
8,191,4,train
357,252,4,train
577,274,3,train
177,109,3,train
631,450,4,train
727,471,4,train
400,342,4,train
898,330,3,train
993,254,3,train
429,544,4,train
165,229,3,train
899,202,5,train
396,429,3,train
554,279,5,train
16,295,4,train
999,176,5,train
189,244,5,train
618,280,4,train
880,90,5,train
755,349,5,train
445,252,3,train
874,463,2,train
759,20,5,train
377,525,5,train
13,358,5,train
66,140,4,train
411,147,5,train
396,526,5,train
790,548,4,train
567,194,5,train
282,428,3,train
270,11,3,train
23,159,4,train
186,159,4,train
90,36,5,train
518,556,3,train
689,199,3,train
168,129,5,train
599,318,5,train
796,156,5,train
266,381,1,train
748,30,4,train
63,202,5,train
571,272,5,train
472,116,3,train
244,396,5,train
273,296,4,train
892,405,2,train
78,476,3,train
335,463,5,train
906,92,5,train
409,254,3,train
607,415,5,train
516,148,5,train
373,365,5,train
933,507,5,train
477,271,5,train
926,487,5,train
659,376,4,train
421,61,4,train
421,161,5,train
302,330,5,train
160,411,2,train
716,240,3,train
975,138,4,train
417,524,5,train
725,508,3,train
956,111,4,train
621,240,4,train
427,112,4,train
719,395,5,train
471,84,4,train
934,173,5,train
820,549,5,train
692,30,4,train
598,101,5,train
659,342,3,train
378,193,3,train
161,458,3,train
736,340,3,train
805,261,5,train
21,558,5,train
937,529,2,train
842,396,5,train
159,168,3,train
734,593,5,train
527,583,5,train
261,575,3,train
950,549,5,train
797,50,3,train
370,277,5,train
86,168,4,train
787,71,3,train
514,444,4,train
752,179,3,train
361,429,4,train
902,471,5,train
933,407,2,train
49,338,2,train
921,587,2,train
739,561,5,train
704,264,5,train
66,211,5,train
721,588,5,train
541,103,5,train
968,191,4,train
84,525,5,train
740,436,4,train
716,410,5,train
290,294,4,train
220,506,5,train
1,5,3,train
143,134,2,train
901,116,5,train
276,180,4,train
428,262,5,train
200,591,5,train
752,357,3,train
802,396,2,train
90,116,5,train
432,365,4,train
278,200,5,train
250,237,3,train
43,143,3,train
185,566,5,train
264,191,3,train
713,304,4,train
750,94,3,train
764,94,5,train
576,385,5,train
525,570,5,train
956,421,3,train
62,590,4,train
798,245,5,train
524,582,2,train
717,91,4,train
905,330,5,train
905,180,5,train
786,123,5,train
186,471,4,train
904,568,4,train
46,93,4,train
13,115,3,train
787,382,4,train
574,1,5,train
308,270,3,train
477,105,5,train
834,456,4,train
444,309,3,train
648,70,3,train
970,143,5,train
622,244,5,train
495,314,2,train
407,23,5,train
786,378,3,train
863,330,4,train
95,368,4,train
971,296,3,train
786,199,5,train
239,134,5,train
476,167,4,train
870,337,5,train
302,354,4,train
286,442,4,train
190,436,4,train
682,576,4,train
849,354,5,train
797,281,4,train
636,375,5,train
691,549,4,train
568,364,5,train
86,137,3,train
545,83,4,train
175,505,3,train
979,20,5,train
282,396,3,train
245,202,4,train
569,347,4,train
526,29,5,train
803,290,5,train
478,410,4,train
968,355,5,train
492,549,5,train
150,359,3,train
553,318,5,train
16,532,4,train
119,245,5,train
895,590,4,train
119,396,5,train
905,570,5,train
745,553,4,train
158,212,4,train
129,10,5,train
326,129,4,train
468,146,3,train
16,357,3,train
483,277,4,train
400,273,5,train
414,543,3,train
451,512,5,train
316,98,5,train
657,561,2,train
985,2,3,train
850,484,4,train
833,589,4,train
648,572,5,train
622,427,4,train
563,510,5,train
787,317,4,train
81,570,5,train
209,16,4,train
384,376,4,train
824,358,5,train
137,207,5,train
888,282,4,train
917,450,5,train
678,106,5,train
105,181,4,train
350,263,3,train
622,194,3,train
251,72,2,train
892,41,5,train
471,102,5,train
284,437,4,train
134,413,3,train
788,371,5,train
250,525,5,train
513,496,5,train
234,518,3,train
63,240,5,train
114,457,5,train
960,593,4,train
234,317,4,train
297,100,4,train
768,301,5,train
957,338,5,train
342,193,2,train
973,553,5,train
392,165,4,train
739,337,5,train
558,395,5,train
986,202,3,train
186,87,4,train
468,354,2,train
556,553,5,train
255,320,4,train
361,49,5,train
553,93,3,train
952,170,3,train
41,281,4,train
301,8,5,train
948,504,5,train
904,270,4,train
970,317,3,train
116,168,5,train
608,276,5,train
784,194,5,train
23,119,5,train
797,29,5,train
215,73,5,train
858,251,5,train
197,362,3,train
619,8,3,train
866,358,3,train
214,381,5,train
269,272,3,train
119,219,5,train
804,194,5,train
692,279,3,train
400,317,5,train
251,335,3,train
655,352,4,train
150,524,3,train
584,260,5,train
131,219,5,train
605,129,5,train
906,75,5,train
123,488,4,train
905,338,4,train
120,301,5,train
361,432,4,train
864,561,5,train
881,334,5,train
117,490,2,train
881,26,5,train
36,194,5,train
846,146,4,train
262,217,5,train
782,556,4,train
501,425,4,train
920,474,4,train
328,4,5,train
661,259,3,train
933,236,2,train
654,442,5,train
63,125,4,train
95,283,4,train
561,99,3,train
970,81,5,train
729,201,5,train
493,4,5,train
477,167,2,train
970,49,5,train
876,102,5,train
146,119,5,train
757,490,4,train
539,197,3,train
767,558,4,train
164,361,5,train
853,153,5,train
1,590,2,train
236,574,4,train
461,572,5,train
756,546,4,train
867,543,4,train
432,592,4,train
726,330,5,train
25,596,3,train
986,91,4,train
948,252,4,train
533,340,4,train
581,463,5,train
175,257,3,train
782,210,4,train
445,400,5,train
259,180,5,train
957,522,5,train
786,496,4,train
68,595,4,train
526,16,5,train
163,168,4,train
506,34,5,train
211,256,5,train
959,178,5,train
403,592,5,train
487,102,5,train
280,436,4,train
76,548,4,train
405,53,3,train
535,160,5,train
401,301,4,train
124,368,3,train
187,160,5,train
14,5,4,train
952,327,5,train
748,296,4,train
306,558,5,train
514,286,4,train
523,457,5,train
455,94,5,train
94,572,5,train
835,36,4,train
355,489,4,train
13,218,5,train
12,254,3,train
397,211,5,train
735,457,5,train
449,439,4,train
904,94,4,train
31,301,3,train
735,536,4,train
191,396,2,train
151,392,3,train
437,428,4,train
551,155,3,train
569,87,4,train
592,293,4,train
691,206,4,train
520,179,5,train
309,39,3,train
223,582,4,train
81,527,5,train
532,272,4,train
381,29,5,train
28,338,3,train
519,261,5,train
889,309,5,train
192,206,4,train
721,252,3,train
785,586,5,train
828,476,5,train
487,378,4,train
952,493,5,train
799,588,5,train
901,346,5,train
101,179,4,train
587,521,3,train
147,438,5,train
693,336,5,train
246,572,5,train
833,400,5,train
952,556,3,train
192,474,4,train
12,257,3,train
936,210,4,train
61,383,5,train
892,146,3,train
201,358,3,train
282,239,3,train
705,569,4,train
302,465,5,train
767,148,5,train
187,597,4,train
477,397,3,train
449,236,5,train
72,459,3,train
474,65,4,train
829,240,4,train
253,258,4,train
471,505,2,train
942,304,5,train
175,0,3,train
934,217,5,train
199,441,3,train
988,176,5,train
957,325,5,train
219,429,4,train
790,110,4,train
350,31,5,train
168,26,5,train
755,146,2,train
998,429,3,train
234,90,1,train
335,18,5,train
587,98,5,train
655,340,3,train
350,204,4,train
800,128,4,train
73,470,2,train
153,336,3,train
9,108,3,train
557,168,4,train
342,153,5,train
350,299,5,train
990,123,5,train
697,375,2,train
267,581,4,train
748,190,5,train
37,399,5,train
801,281,4,train
654,561,5,train
219,46,5,train
598,297,4,train
935,464,5,train
411,141,4,train
283,117,3,train
823,473,5,train
53,194,4,train
677,427,4,train
658,119,5,train
477,556,3,train
411,463,5,train
177,470,2,train
613,399,4,train
216,100,4,train
459,264,3,train
956,380,4,train
391,153,5,train
886,593,3,train
785,109,4,train
103,117,4,train
746,42,5,train
890,165,2,train
161,31,5,train
996,135,3,train
641,549,2,train
782,363,4,train
760,330,5,train
854,239,4,train
499,245,5,train
760,283,3,train
799,410,5,train
904,129,2,train
437,263,3,train
301,178,4,train
417,264,3,train
783,540,5,train
555,313,5,train
953,570,5,train
877,330,4,train
531,217,4,train
211,572,5,train
956,553,3,train
821,358,5,train
44,396,4,train
586,572,3,train
871,110,4,train
413,73,5,train
910,179,3,train
45,30,3,train
532,202,4,train
966,190,3,train
537,49,5,train
563,504,5,train
361,15,4,train
384,198,4,train
426,382,3,train
217,101,4,train
188,240,4,train
720,85,4,train
635,90,2,train
470,301,3,train
30,411,5,train
618,354,5,train
896,269,3,train
170,293,4,train
809,507,5,train
739,405,2,train
63,490,3,train
506,457,5,train
785,262,5,train
514,340,5,train
412,568,3,train
407,80,3,train
673,293,4,train
200,22,5,train
398,436,5,train
267,231,5,train
722,194,5,train
320,194,4,train
149,582,1,train
463,95,5,train
687,571,3,train
358,117,3,train
199,350,1,train
220,240,4,train
46,553,5,train
373,123,5,train
903,479,3,train
517,168,4,train
515,344,3,train
522,396,5,train
719,424,5,train
546,105,5,train
889,239,3,train
661,31,5,train
774,309,5,train
445,590,4,train
927,134,5,train
939,570,5,train
999,330,4,train
219,92,4,train
43,535,4,train
252,202,4,train
901,30,4,train
864,372,5,train
272,196,4,train
473,88,5,train
487,206,4,train
897,321,5,train
585,138,4,train
539,279,4,train
873,596,4,train
243,475,5,train
3,480,2,train
765,553,4,train
569,274,3,train
9,279,2,train
389,561,2,train
637,240,3,train
740,134,4,train
737,506,3,train
877,38,4,train
714,179,4,train
138,87,3,train
262,22,5,train
419,162,4,train
350,129,5,train
272,49,5,train
418,504,5,train
191,54,4,train
572,330,4,train
151,194,5,train
846,138,4,train
0,268,3,train
106,490,5,train
580,440,5,train
712,147,5,train
752,254,5,train
749,450,5,train
261,405,5,train
541,29,4,train
667,592,4,train
321,336,3,train
517,429,4,train
387,548,4,train
42,337,5,train
296,592,4,train
569,116,2,train
842,100,5,train
840,244,4,train
631,294,3,train
273,558,5,train
293,121,4,train
492,349,5,train
352,2,4,train
212,277,4,train
350,442,4,train
269,499,5,train
283,574,4,train
285,429,3,train
407,198,5,train
674,478,5,train
771,112,4,train
429,6,5,train
831,558,3,train
770,562,5,train
623,330,3,train
110,487,3,train
429,8,4,train
787,404,4,train
81,354,4,train
212,570,5,train
222,556,4,train
472,390,4,train
699,134,3,train
525,197,4,train
384,224,5,train
277,294,3,train
599,450,2,train
870,581,5,train
949,168,3,train
786,394,5,train
174,264,4,train
544,562,5,train
265,179,5,train
91,132,4,train
891,189,5,train
662,288,5,train
214,254,5,train
72,336,3,train
210,182,5,train
489,317,2,train
377,175,3,train
448,168,2,train
178,549,3,train
811,27,4,train
578,496,5,train
574,153,5,train
573,161,5,train
648,206,4,train
350,30,5,train
608,178,3,train
993,549,4,train
177,450,4,train
385,106,4,train
247,321,4,train
721,190,5,train
86,134,5,train
781,596,5,train
117,372,3,train
250,458,3,train
294,16,5,train
977,211,5,train
754,504,4,train
822,245,3,train
1,387,5,train
896,474,5,train
350,106,4,train
813,385,5,train
459,535,5,train
11,16,5,train
220,564,4,train
49,378,5,train
870,193,3,train
163,239,2,train
330,326,5,train
792,252,4,train
150,307,4,train
904,564,4,train
651,16,3,train
603,142,5,train
636,596,2,train
601,19,2,train
617,14,4,train
786,385,5,train
849,153,5,train
896,42,4,train
829,94,5,train
500,232,5,train
835,431,4,train
413,553,5,train
466,566,5,train
899,556,4,train
833,340,3,train
982,20,5,train
78,254,5,train
359,189,4,train
41,332,5,train
952,7,5,train
450,61,4,train
391,281,1,train
800,259,5,train
111,176,5,train
733,42,3,train
623,458,5,train
740,140,3,train
478,509,4,train
165,562,3,train
427,509,5,train
384,43,5,train
845,159,5,train
764,146,3,train
950,73,5,train
373,194,4,train
851,416,4,train
786,518,5,train
478,93,5,train
901,36,4,train
648,270,3,train
405,49,5,train
170,239,3,train
432,222,4,train
625,506,4,train
787,31,5,train
791,587,5,train
804,400,5,train
358,22,2,train
978,325,5,train
999,321,3,train
985,217,2,train
740,506,4,train
786,323,4,train
907,180,5,train
165,2,4,train
327,244,5,train
73,105,5,train
23,322,3,train
572,396,2,train
432,102,3,train
189,470,2,train
508,29,5,train
898,153,4,train
357,376,5,train
755,224,4,train
69,572,5,train
906,504,4,train
534,560,4,train
199,427,5,train
588,361,5,train
256,314,3,train
434,540,5,train
548,126,5,train
996,165,4,train
591,371,5,train
952,326,5,train
882,152,4,train
236,404,5,train
477,211,5,train
571,436,2,train
398,550,5,train
720,174,4,train
790,212,4,train
532,280,5,train
603,121,5,train
398,461,5,train
929,51,2,train
926,562,5,train
104,348,4,train
926,349,5,train
393,340,5,train
4,189,5,train
862,188,5,train
659,141,4,train
827,277,3,train
413,507,5,train
161,254,4,train
795,338,5,train
33,208,2,train
379,317,3,train
437,593,5,train
375,429,3,train
210,360,5,train
20,587,2,train
808,437,4,train
621,300,3,train
711,13,2,train
132,594,5,train
341,370,5,train
877,305,5,train
208,380,5,train
904,136,3,train
352,17,3,train
546,392,5,train
655,53,1,train
112,148,5,train
802,129,3,train
779,157,2,train
654,249,4,train
96,180,5,train
11,480,4,train
411,368,5,train
975,321,5,train
654,36,4,train
461,31,4,train
550,368,4,train
120,546,5,train
157,245,5,train
595,7,4,train
707,248,4,train
614,49,5,train
799,305,5,train
672,112,5,train
189,115,3,train
800,125,4,train
727,361,3,train
521,280,5,train
181,176,5,train
480,474,5,train
498,547,5,train
32,558,3,train
151,106,3,train
44,108,3,train
597,120,5,train
901,537,3,train
157,258,4,train
699,88,3,train
409,525,5,train
325,26,5,train
430,33,4,train
91,335,3,train
627,392,5,train
996,91,5,train
890,54,5,train
765,496,5,train
321,427,2,train
900,94,3,train
527,117,5,train
337,419,4,train
796,593,5,train
9,421,5,train
916,197,5,train
687,85,5,train
933,480,2,train
322,140,4,train
82,438,5,train
550,144,4,train
742,420,3,train
209,333,3,train
106,8,4,train
799,2,4,train
212,396,4,train
609,279,5,train
497,550,4,train
810,16,5,train
59,270,5,train
132,457,5,train
888,358,4,train
47,496,5,train
314,340,4,train
998,335,5,train
974,252,4,train
353,546,4,train
388,504,5,train
733,327,4,train
736,120,5,train
633,598,4,train
615,429,4,train
228,66,5,train
192,428,3,train
245,75,5,train
748,221,4,train
200,354,5,train
477,229,5,train
110,116,5,train
267,196,5,train
649,575,5,train
414,94,2,train
190,244,4,train
502,555,3,train
593,8,3,train
901,225,5,train
57,259,2,train
237,436,5,train
178,229,5,train
116,293,5,train
920,471,5,train
622,553,4,train
339,361,3,train
883,116,5,train
576,361,3,train
47,126,5,train
134,53,4,train
515,216,5,train
644,477,4,train
545,272,5,train
487,271,5,train
467,219,3,train
470,596,4,train
350,437,4,train
275,130,5,train
883,254,5,train
469,582,4,train
138,204,5,train
576,162,5,train
817,140,2,train
536,296,3,train
233,565,3,train
13,201,5,train
863,195,5,train
884,281,5,train
239,429,4,train
149,29,1,train
653,9,3,train
148,112,3,train
124,497,5,train
539,296,4,train
23,168,3,train
521,264,3,train
555,134,3,train
496,115,5,train
450,276,5,train
92,567,5,train
361,121,5,train
333,100,4,train
36,102,4,train
980,372,5,train
857,180,4,train
891,208,4,train
268,382,4,train
53,457,4,train
618,202,2,train
49,264,3,train
87,475,5,train
569,88,4,train
101,358,5,train
267,165,5,train
672,105,5,train
549,363,3,train
466,358,5,train
539,284,4,train
656,490,3,train
986,168,4,train
748,465,5,train
72,115,2,train
218,444,5,train
529,371,5,train
348,18,5,train
907,252,4,train
150,201,5,train
360,396,1,train
866,371,4,train
717,460,3,train
368,43,4,train
521,296,5,train
863,285,3,train
183,346,4,train
712,68,5,train
206,382,5,train
691,120,4,train
779,390,2,train
424,198,5,train
505,165,3,train
995,70,4,train
161,367,3,train
285,444,3,train
644,572,4,train
352,386,4,train
669,95,5,train
992,310,5,train
130,239,2,train
412,285,3,train
88,550,5,train
885,331,5,train
103,284,4,train
857,368,5,train
76,454,3,train
571,363,4,train
339,293,3,train
89,544,4,train
470,117,4,train
558,123,4,train
17,338,3,train
959,159,4,train
474,360,2,train
66,153,3,train
516,100,4,train
495,309,3,train
617,26,5,train
340,30,5,train
295,27,5,train
777,344,4,train
387,100,5,train
178,162,5,train
93,450,3,train
752,222,5,train
934,337,5,train
0,457,5,train
427,440,3,train
866,466,3,train
693,507,3,train
571,506,3,train
978,446,3,train
67,211,3,train
350,585,3,train
693,245,5,train
515,107,2,train
53,574,5,train
427,526,5,train
238,301,5,train
177,103,4,train
755,227,5,train
61,210,4,train
876,129,5,train
528,556,3,train
10,380,3,train
164,340,3,train
533,222,2,train
586,294,5,train
938,102,5,train
320,363,3,train
83,180,4,train
48,191,3,train
375,17,4,train
303,450,5,train
797,596,3,train
326,134,4,train
252,524,5,train
654,254,4,train
623,199,5,train
350,147,5,train
762,594,5,train
816,48,4,train
427,502,5,train
781,88,2,train
569,359,3,train
365,290,4,train
617,134,5,train
320,80,5,train
420,449,5,train
391,368,5,train
548,153,5,train
680,367,5,train
401,348,5,train
805,74,5,train
919,319,5,train
518,558,5,train
950,87,5,train
376,7,5,train
342,516,5,train
84,290,5,train
317,465,5,train
92,252,5,train
56,484,5,train
196,115,3,train
436,173,5,train
384,150,4,train
875,337,3,train
57,127,5,train
896,34,4,train
550,330,5,train
208,268,4,train
447,325,5,train
934,444,4,train
1,93,3,train
140,385,3,train
20,85,5,train
243,334,2,train
241,585,4,train
117,549,1,train
903,211,5,train
230,200,5,train
282,88,5,train
297,119,4,train
20,29,2,train
768,496,3,train
100,420,3,train
484,42,5,train
468,542,5,train
958,548,3,train
84,396,2,train
780,404,4,train
734,56,5,train
602,574,5,train
505,548,3,train
827,586,5,train
411,550,5,train
302,484,2,train
853,52,3,train
790,245,5,train
0,146,4,train
567,464,3,train
659,146,4,train
117,126,2,train
875,30,5,train
883,450,5,train
219,396,5,train
461,94,5,train
279,564,3,train
387,561,4,train
57,240,3,train
549,579,4,train
478,38,4,train
774,360,4,train
300,108,3,train
219,441,1,train
390,450,3,train
958,361,3,train
57,257,4,train
327,440,3,train
859,50,2,train
637,543,2,train
477,168,2,train
673,100,5,train
494,240,5,train
106,332,3,train
904,480,5,train
437,583,5,train
861,50,3,train
755,100,5,train
391,567,4,train
297,240,4,train
416,7,4,train
110,219,3,train
947,152,4,train
671,574,3,train
57,159,5,train
890,87,3,train
799,146,3,train
510,371,5,train
152,490,5,train
152,476,5,train
866,102,5,train
785,313,3,train
381,288,4,train
463,115,5,train
727,480,5,train
655,18,4,train
413,436,4,train
553,274,5,train
865,382,3,train
500,429,2,train
759,115,2,train
785,49,4,train
38,170,4,train
239,543,5,train
208,594,3,train
553,447,5,train
78,125,3,train
72,585,4,train
22,576,2,train
335,100,5,train
477,531,3,train
633,153,5,train
160,9,3,train
571,200,5,train
127,465,5,train
15,449,4,train
37,502,3,train
546,22,5,train
799,554,4,train
674,572,4,train
601,240,4,train
57,394,5,train
308,542,3,train
820,479,4,train
325,168,4,train
968,504,3,train
672,590,4,train
92,504,5,train
587,490,5,train
210,123,4,train
569,54,3,train
320,490,5,train
738,593,5,train
204,395,5,train
515,42,3,train
550,365,4,train
962,130,4,train
8,349,5,train
717,457,4,train
798,29,2,train
802,351,4,train
519,330,5,train
596,322,5,train
318,2,5,train
420,272,4,train
469,223,3,train
659,137,4,train
617,112,5,train
46,397,3,train
161,30,5,train
823,449,3,train
729,94,2,train
249,419,3,train
733,504,4,train
835,582,3,train
20,457,5,train
170,4,5,train
880,162,5,train
150,391,4,train
293,293,4,train
826,340,5,train
245,207,4,train
103,517,4,train
479,80,5,train
286,159,3,train
569,255,4,train
45,558,3,train
391,371,3,train
423,279,4,train
43,120,5,train
891,484,5,train
613,568,5,train
994,152,3,train
505,110,4,train
285,91,5,train
539,168,4,train
477,16,5,train
84,273,5,train
649,88,3,train
427,341,4,train
800,168,4,train
180,41,5,train
625,330,5,train
881,438,5,train
700,296,2,train
895,370,3,train
175,82,5,train
942,574,5,train
830,82,4,train
444,395,5,train
360,361,4,train
272,234,5,train
158,574,4,train
654,123,4,train
277,187,5,train
694,431,4,train
770,239,2,train
959,457,2,train
748,546,5,train
838,490,5,train
192,580,3,train
433,87,2,train
439,142,2,train
411,269,4,train
768,378,5,train
866,10,4,train
723,569,5,train
181,255,5,train
679,288,5,train
308,564,3,train
623,202,4,train
664,570,5,train
485,153,5,train
49,396,3,train
322,358,5,train
384,582,3,train
669,396,3,train
644,82,5,train
621,84,3,train
868,29,5,train
105,12,5,train
96,526,3,train
149,372,5,train
922,317,4,train
469,264,5,train
118,564,4,train
37,337,5,train
782,162,4,train
749,442,4,train
498,514,3,train
99,491,3,train
714,168,2,train
131,27,3,train
241,579,4,train
106,80,4,train
182,440,5,train
53,453,4,train
445,100,5,train
515,475,5,train
782,444,4,train
466,273,5,train
29,420,3,train
544,331,3,train
211,143,5,train
16,104,5,train
569,558,3,train
695,463,5,train
857,320,5,train
391,571,4,train
215,239,3,train
193,382,4,train
334,381,4,train
158,390,4,train
690,570,3,train
64,281,5,train
714,330,5,train
421,138,5,train
525,239,3,train
43,573,5,train
583,238,4,train
327,410,3,train
373,436,5,train
940,499,3,train
830,138,4,train
57,199,5,train
384,519,5,train
779,436,4,train
128,401,5,train
873,356,3,train
988,188,4,train
93,556,4,train
110,390,4,train
839,543,4,train
310,490,5,train
164,522,5,train
216,337,2,train
258,176,5,train
877,101,4,train
341,162,5,train
324,507,4,train
686,591,5,train
714,131,4,train
431,46,4,train
379,230,3,train
650,340,2,train
8,207,5,train
11,354,5,train
738,592,5,train
229,475,4,train
309,106,5,train
601,494,4,train
104,280,4,train
904,0,4,train
357,553,5,train
796,78,4,train
855,109,3,train
205,549,5,train
855,449,3,train
432,441,4,train
400,217,5,train
401,127,4,train
133,509,3,train
26,236,5,train
828,397,5,train
824,91,3,train
495,157,3,train
609,283,5,train
780,144,5,train
829,281,5,train
698,576,5,train
283,399,4,train
14,36,5,train
319,436,5,train
888,168,2,train
353,2,5,train
243,450,5,train
838,146,2,train
895,444,3,train
351,281,5,train
327,553,5,train
684,94,2,train
364,92,5,train
326,536,4,train
16,484,4,train
67,392,3,train
375,31,5,train
476,330,2,train
611,580,3,train
516,51,4,train
40,595,2,train
150,78,5,train
829,441,3,train
740,574,4,train
712,49,5,train
133,591,4,train
926,134,2,train
291,92,5,train
515,348,5,train
492,304,5,train
306,332,4,train
780,436,4,train
373,243,5,train
990,30,5,train
72,146,4,train
79,119,3,train
121,262,5,train
759,424,5,train
880,57,3,train
848,87,3,train
561,31,5,train
103,410,3,train
748,553,5,train
212,87,5,train
4,94,5,train
588,88,5,train
524,330,5,train
393,17,3,train
471,524,4,train
797,437,3,train
613,506,4,train
387,42,5,train
283,594,2,train
613,162,5,train
326,219,4,train
926,522,4,train
327,476,4,train
53,356,4,train
192,335,5,train
605,406,4,train
571,277,4,train
177,162,5,train
293,240,5,train
798,301,4,train
216,17,3,train
546,429,4,train
966,359,4,train
546,239,3,train
4,108,4,train
477,549,3,train
994,548,4,train
847,277,5,train
827,429,3,train
216,167,2,train
852,222,4,train
607,178,5,train
747,434,3,train
224,399,4,train
180,18,5,train
262,338,3,train
252,196,4,train
695,294,5,train
951,31,4,train
39,585,3,train
886,194,5,train
571,580,3,train
558,371,5,train
445,167,3,train
959,36,3,train
622,456,5,train
334,23,4,train
384,290,5,train
660,327,3,train
194,342,4,train
503,264,3,train
826,234,5,train
740,131,4,train
573,46,5,train
992,93,5,train
865,524,5,train
539,159,3,train
469,375,4,train
875,486,4,train
840,245,4,train
587,97,5,train
813,240,4,train
175,159,4,train
792,272,4,train
644,335,2,train
10,330,2,train
515,469,4,train
977,56,4,train
517,410,5,train
290,372,4,train
509,189,4,train
443,314,4,train
973,88,4,train
966,479,5,train
887,225,4,train
503,429,4,train
168,319,5,train
876,217,3,train
897,82,4,train
332,556,3,train
466,416,4,train
789,371,4,train
618,502,3,train
492,321,5,train
500,268,3,train
321,296,4,train
8,129,4,train
622,0,5,train
319,558,5,train
833,476,5,train
37,525,5,train
111,383,5,train
194,184,5,train
863,279,4,train
149,83,2,train
987,279,5,train
18,199,5,train
371,76,3,train
414,97,5,train
225,120,3,train
524,262,4,train
455,178,5,train
496,429,4,train
881,429,5,train
968,389,5,train
965,516,1,train
568,363,3,train
974,187,4,train
949,206,4,train
341,187,3,train
956,487,2,train
569,232,3,train
997,72,3,train
568,65,3,train
336,91,3,train
426,426,5,train
26,239,3,train
703,429,3,train
163,82,5,train
161,234,5,train
540,370,5,train
761,475,5,train
654,475,5,train
166,290,2,train
219,217,5,train
93,29,4,train
844,348,4,train
441,340,5,train
395,176,4,train
672,424,5,train
372,109,5,train
320,325,5,train
891,271,4,train
883,310,4,train
18,257,5,train
819,208,5,train
98,43,4,train
267,245,4,train
935,450,4,train
951,527,5,train
383,427,5,train
173,314,3,train
95,396,2,train
399,347,5,train
901,556,3,train
679,179,4,train
49,395,2,train
179,337,5,train
572,496,5,train
505,546,5,train
354,427,4,train
969,517,5,train
392,356,3,train
430,363,4,train
820,253,3,train
545,41,4,train
777,525,4,train
373,199,4,train
582,556,5,train
904,11,4,train
292,36,2,train
627,116,3,train
875,148,3,train
607,556,2,train
78,496,5,train
393,196,5,train
182,30,3,train
861,438,5,train
740,199,5,train
751,594,5,train
398,395,5,train
16,236,4,train
785,31,5,train
982,318,3,train
10,543,4,train
992,81,5,train
616,290,2,train
377,148,4,train
210,499,4,train
14,30,4,train
8,10,5,train
730,18,5,train
553,119,5,train
607,543,5,train
948,55,4,train
523,566,5,train
613,556,4,train
41,173,5,train
949,34,5,train
919,460,5,train
298,556,2,train
760,271,5,train
656,170,5,train
340,181,4,train
385,578,5,train
506,138,4,train
567,429,3,train
782,340,5,train
650,363,1,train
948,457,4,train
574,593,5,train
487,115,4,train
229,429,4,train
89,403,3,train
697,319,5,train
698,273,5,train
572,72,5,train
115,208,4,train
569,138,4,train
259,338,5,train
160,556,1,train
647,168,4,train
208,457,4,train
1,168,3,train
262,410,5,train
574,202,5,train
829,63,4,train
50,29,5,train
671,144,4,train
100,435,5,train
609,538,4,train
9,484,2,train
417,276,5,train
616,94,5,train
377,428,4,train
375,54,3,train
93,429,3,train
533,105,4,train
727,397,4,train
740,582,5,train
62,244,4,train
338,576,2,train
547,588,5,train
191,184,5,train
196,47,3,train
904,100,5,train
847,512,5,train
686,26,4,train
495,19,4,train
633,116,5,train
750,430,5,train
868,134,5,train
382,529,5,train
796,490,5,train
214,296,3,train
478,361,2,train
215,168,4,train
115,422,4,train
637,248,3,train
292,405,3,train
208,253,3,train
689,222,3,train
360,41,4,train
406,277,4,train
863,474,4,train
185,376,4,train
771,236,5,train
211,142,5,train
128,184,5,train
320,496,3,train
158,26,5,train
982,16,5,train
403,8,4,train
606,489,4,train
1,361,4,train
283,236,2,train
151,323,5,train
767,112,5,train
797,334,5,train
55,202,4,train
430,29,5,train
996,336,3,train
847,188,4,train
788,594,5,train
302,332,3,train
765,293,4,train
0,140,3,train
540,556,4,train
782,194,3,train
398,18,5,train
184,168,5,train
908,49,3,train
536,350,3,train
109,331,5,train
51,416,5,train
371,94,5,train
623,372,1,train
136,309,5,train
856,240,5,train
933,84,4,train
648,26,4,train
524,168,3,train
227,167,3,train
700,168,2,train
603,259,2,train
358,591,5,train
358,49,3,train
208,290,5,train
578,571,4,train
495,172,5,train
140,88,2,train
510,66,5,train
17,133,2,train
956,357,1,train
478,94,3,train
342,63,4,train
889,349,5,train
997,519,5,train
802,31,5,train
302,33,3,train
165,554,4,train
933,516,2,train
622,467,3,train
563,83,4,train
865,550,5,train
626,148,3,train
896,597,3,train
175,304,4,train
569,562,5,train
787,437,3,train
701,219,4,train
139,240,5,train
774,87,4,train
740,46,4,train
996,588,4,train
564,152,3,train
379,264,4,train
223,217,3,train
382,555,3,train
742,254,3,train
409,258,4,train
384,366,2,train
126,480,4,train
755,178,4,train
482,297,5,train
547,594,5,train
780,82,2,train
857,592,5,train
409,336,4,train
662,16,5,train
103,380,5,train
862,358,5,train
839,568,4,train
798,409,5,train
476,396,3,train
809,516,5,train
961,253,3,train
120,94,3,train
201,553,5,train
877,382,5,train
176,518,5,train
723,59,4,train
471,328,5,train
243,354,5,train
986,392,5,train
510,582,5,train
521,548,2,train
863,213,5,train
648,236,3,train
658,338,5,train
377,503,4,train
427,543,5,train
706,212,5,train
353,512,4,train
676,340,5,train
970,487,4,train
17,474,3,train
282,556,2,train
217,8,4,train
61,232,4,train
437,354,4,train
765,261,2,train
870,525,5,train
35,74,2,train
492,103,3,train
580,206,4,train
741,474,5,train
392,179,3,train
786,586,5,train
384,487,4,train
742,202,4,train
599,91,4,train
622,429,3,train
88,495,2,train
130,377,4,train
888,244,3,train
268,364,4,train
418,395,5,train
326,117,4,train
130,194,2,train
391,402,2,train
26,461,5,train
327,70,3,train
621,457,5,train
522,336,4,train
637,247,3,train
10,337,3,train
396,371,4,train
854,471,4,train
72,294,5,train
0,125,3,train
355,429,3,train
796,264,4,train
340,576,1,train
744,160,5,train
361,275,4,train
552,30,5,train
839,461,5,train
686,167,2,train
389,375,4,train
743,323,4,train
708,378,5,train
833,19,3,train
413,429,3,train
102,310,4,train
686,20,4,train
518,8,4,train
858,360,5,train
697,553,3,train
239,29,4,train
937,566,5,train
88,279,3,train
711,174,4,train
829,277,2,train
735,440,4,train
992,475,5,train
231,361,5,train
538,78,4,train
449,14,5,train
165,570,3,train
493,136,3,train
146,239,4,train
757,103,5,train
835,535,4,train
703,572,5,train
575,30,5,train
477,396,5,train
161,18,5,train
326,236,5,train
283,171,4,train
341,504,4,train
442,103,4,train
755,84,5,train
686,29,4,train
884,210,4,train
345,336,4,train
157,590,3,train
498,165,5,train
437,474,4,train
888,23,3,train
660,202,2,train
273,314,4,train
992,254,5,train
539,396,5,train
755,581,4,train
965,556,3,train
255,444,5,train
823,392,4,train
833,337,5,train
333,293,3,train
613,527,3,train
172,239,4,train
141,588,5,train
734,363,3,train
295,596,3,train
373,72,3,train
647,2,5,train
692,564,4,train
588,106,4,train
933,453,2,train
854,153,5,train
428,45,4,train
562,517,4,train
366,279,5,train
837,31,4,train
813,342,2,train
217,429,3,train
740,518,4,train
357,59,4,train
653,34,5,train
831,194,5,train
49,580,2,train
313,507,5,train
771,153,5,train
672,7,5,train
740,457,4,train
163,588,5,train
912,293,3,train
879,37,5,train
792,33,5,train
241,395,5,train
336,281,4,train
266,395,2,train
969,196,5,train
398,231,3,train
829,178,5,train
365,231,5,train
11,536,4,train
822,240,5,train
615,141,5,train
839,442,5,train
494,263,4,train
638,242,5,train
335,30,5,train
827,504,5,train
401,475,5,train
322,156,5,train
417,345,4,train
531,237,5,train
541,348,4,train
426,561,3,train
0,46,3,train
913,217,3,train
502,129,3,train
229,546,4,train
327,93,2,train
587,574,4,train
948,18,5,train
930,261,5,train
846,338,5,train
637,108,3,train
662,103,5,train
637,341,2,train
224,471,4,train
159,549,4,train
375,22,4,train
935,14,2,train
126,592,5,train
597,330,5,train
37,450,4,train
623,294,5,train
863,486,3,train
73,168,4,train
391,336,3,train
175,548,5,train
451,168,3,train
877,505,3,train
387,553,2,train
858,570,4,train
651,279,5,train
740,29,4,train
252,549,4,train
788,564,5,train
575,594,4,train
235,549,4,train
228,331,5,train
114,30,5,train
116,566,4,train
216,538,4,train
343,330,3,train
621,261,3,train
888,31,4,train
553,211,3,train
411,100,5,train
97,281,3,train
495,135,3,train
912,429,4,train
571,279,5,train
254,110,2,train
700,131,5,train
973,443,4,train
697,576,4,train
933,88,5,train
985,309,5,train
220,321,3,train
970,100,5,train
533,359,4,train
992,82,4,train
310,46,4,train
428,264,4,train
84,222,3,train
523,44,2,train
914,153,4,train
564,354,5,train
341,90,4,train
103,439,3,train
735,549,3,train
419,22,5,train
703,330,3,train
115,191,3,train
327,270,3,train
765,340,5,train
407,207,5,train
592,463,5,train
462,363,3,train
433,44,4,train
192,480,5,train
603,556,4,train
534,370,4,train
103,474,3,train
175,409,2,train
285,229,5,train
700,323,4,train
954,299,4,train
919,211,5,train
417,585,4,train
889,424,4,train
63,91,4,train
988,203,3,train
935,327,4,train
92,131,5,train
393,347,5,train
659,183,3,train
598,357,3,train
572,100,5,train
746,437,4,train
919,26,5,train
587,356,3,train
44,94,3,train
137,340,5,train
427,102,5,train
513,396,2,train
655,416,3,train
838,206,3,train
399,106,5,train
836,576,3,train
306,115,2,train
962,340,4,train
59,102,5,train
299,138,4,train
264,29,2,train
934,65,4,train
945,90,3,train
867,277,3,train
533,22,5,train
117,137,3,train
50,16,5,train
893,100,4,train
700,457,5,train
936,495,4,train
938,526,3,train
393,175,4,train
861,34,5,train
163,285,3,train
386,343,4,train
406,572,5,train
607,480,5,train
5,304,4,train
349,576,1,train
873,585,4,train
904,368,4,train
845,453,3,train
677,361,4,train
938,524,4,train
938,49,4,train
215,178,4,train
648,464,4,train
360,400,3,train
427,547,4,train
721,236,3,train
432,99,2,train
235,559,4,train
57,80,4,train
953,376,3,train
872,254,5,train
316,232,4,train
859,471,4,train
649,273,5,train
319,279,5,train
811,166,4,train
460,170,5,train
64,123,4,train
48,456,4,train
730,53,3,train
16,271,5,train
829,458,3,train
982,350,3,train
714,546,4,train
833,598,5,train
103,481,3,train
959,550,5,train
322,581,5,train
927,338,5,train
803,524,4,train
697,112,5,train
471,361,3,train
648,466,4,train
938,480,4,train
829,120,4,train
140,2,2,train
589,404,5,train
755,7,3,train
662,596,4,train
722,30,5,train
17,279,4,train
704,330,5,train
700,146,3,train
288,159,4,train
655,229,4,train
215,260,5,train
17,597,5,train
518,314,4,train
994,317,3,train
207,376,3,train
563,91,5,train
53,240,5,train
774,349,5,train
768,562,4,train
834,475,4,train
523,359,3,train
273,330,5,train
28,482,4,train
553,290,3,train
163,428,5,train
720,58,4,train
540,120,4,train
60,232,5,train
654,288,3,train
792,460,3,train
979,49,4,train
335,158,3,train
961,182,5,train
50,185,5,train
731,356,4,train
845,12,4,train
415,336,4,train
950,337,3,train
342,121,5,train
807,463,4,train
466,90,3,train
306,361,4,train
53,588,5,train
696,438,5,train
154,465,5,train
961,199,4,train
525,267,4,train
338,427,4,train
620,567,4,train
238,202,4,train
970,160,5,train
160,532,4,train
401,36,4,train
177,545,4,train
693,597,5,train
623,100,4,train
163,230,4,train
528,240,5,train
234,597,4,train
740,541,4,train
421,335,3,train
353,240,5,train
607,162,4,train
672,334,5,train
333,394,4,train
624,337,5,train
617,258,4,train
309,542,5,train
204,463,5,train
870,22,5,train
600,496,5,train
364,25,4,train
913,14,5,train
57,348,5,train
516,547,5,train
868,392,5,train
904,207,5,train
863,495,2,train
377,87,3,train
982,297,5,train
891,131,5,train
886,272,4,train
957,156,2,train
70,36,4,train
733,16,5,train
232,378,5,train
66,495,4,train
786,377,5,train
714,553,4,train
289,102,4,train
423,592,3,train
649,358,5,train
870,323,4,train
188,82,4,train
221,335,4,train
165,444,4,train
103,260,4,train
246,202,4,train
794,264,5,train
198,194,5,train
877,129,5,train
243,514,5,train
539,495,5,train
655,504,4,train
32,36,3,train
432,431,4,train
671,550,5,train
682,22,5,train
216,5,4,train
285,336,3,train
445,131,5,train
903,193,3,train
112,22,5,train
529,490,3,train
320,245,5,train
244,576,3,train
677,395,2,train
331,42,5,train
92,143,3,train
859,480,4,train
232,236,5,train
8,429,2,train
797,294,4,train
172,571,3,train
177,368,4,train
343,340,2,train
80,261,4,train
736,496,4,train
875,211,3,train
653,115,5,train
885,293,3,train
875,469,4,train
785,123,5,train
267,181,5,train
382,379,3,train
569,166,4,train
81,444,4,train
913,236,5,train
933,569,4,train
195,394,5,train
244,541,5,train
914,222,3,train
951,104,5,train
820,153,5,train
398,473,4,train
446,240,3,train
180,31,5,train
383,175,5,train
106,325,5,train
708,429,3,train
498,428,2,train
737,94,5,train
854,383,5,train
625,453,5,train
174,450,5,train
458,42,5,train
93,542,5,train
141,121,3,train
224,516,5,train
723,564,4,train
911,524,5,train
748,429,4,train
665,469,4,train
970,572,5,train
755,159,3,train
262,519,5,train
1,304,5,train
780,284,4,train
289,49,5,train
876,16,5,train
888,405,4,train
682,340,5,train
103,38,4,train
740,105,4,train
812,553,5,train
546,217,5,train
810,210,4,train
563,377,4,train
475,516,5,train
258,595,5,train
400,337,5,train
725,239,4,train
399,196,5,train
275,232,4,train
244,535,3,train
672,208,5,train
697,463,3,train
327,9,3,train
635,25,3,train
826,254,4,train
690,396,5,train
539,219,5,train
171,180,5,train
866,330,2,train
16,143,2,train
706,476,3,train
829,227,5,train
515,383,5,train
292,474,5,train
950,240,5,train
972,362,2,train
965,317,4,train
816,225,3,train
712,312,4,train
927,376,3,train
626,89,4,train
563,90,3,train
301,544,4,train
111,50,3,train
252,508,4,train
174,225,5,train
152,78,4,train
844,362,4,train
239,235,4,train
863,560,5,train
44,123,5,train
689,444,3,train
372,338,5,train
444,49,5,train
861,392,4,train
970,93,5,train
846,145,5,train
318,573,4,train
970,19,4,train
896,463,2,train
948,436,5,train
446,323,5,train
9,444,5,train
474,358,5,train
797,313,4,train
873,313,4,train
572,290,5,train
565,330,5,train
78,187,4,train
712,31,5,train
262,337,5,train
286,418,5,train
753,270,4,train
583,234,5,train
147,42,5,train
859,582,5,train
285,552,5,train
341,396,2,train
495,191,4,train
434,487,5,train
799,136,4,train
623,272,3,train
634,518,5,train
531,566,4,train
261,321,5,train
305,37,5,train
895,550,5,train
134,14,5,train
742,479,3,train
393,576,3,train
966,14,4,train
531,41,5,train
734,162,4,train
601,429,3,train
74,233,2,train
283,329,4,train
69,16,5,train
781,447,4,train
150,338,3,train
486,323,4,train
664,420,5,train
992,556,4,train
514,8,2,train
721,78,3,train
261,557,5,train
371,88,4,train
10,296,3,train
913,176,5,train
953,66,4,train
121,423,5,train
853,334,4,train
530,371,5,train
345,303,3,train
677,447,4,train
515,343,5,train
55,372,4,train
863,121,3,train
952,579,3,train
520,49,5,train
547,444,3,train
626,579,2,train
429,466,3,train
489,461,5,train
421,285,5,train
165,80,5,train
500,454,4,train
446,168,1,train
596,120,5,train
131,517,4,train
124,15,3,train
112,155,3,train
312,206,4,train
679,34,5,train
717,437,3,train
634,123,4,train
256,483,5,train
621,294,5,train
49,103,5,train
950,110,4,train
442,193,4,train
581,119,5,train
913,239,4,train
929,543,5,train
142,361,4,train
727,399,4,train
354,261,3,train
173,227,5,train
81,9,4,train
99,321,5,train
201,43,3,train
200,337,5,train
401,330,2,train
978,453,4,train
752,190,5,train
950,270,5,train
9,323,3,train
825,85,4,train
361,380,4,train
744,355,3,train
723,3,4,train
366,115,2,train
774,129,3,train
526,428,3,train
192,258,4,train
169,236,5,train
163,33,4,train
597,469,3,train
665,245,5,train
531,63,5,train
379,124,5,train
78,168,4,train
515,281,2,train
181,348,5,train
76,560,3,train
17,409,4,train
500,202,2,train
495,185,2,train
648,168,2,train
770,277,4,train
134,280,5,train
800,369,4,train
524,163,5,train
606,397,4,train
505,428,4,train
656,569,5,train
569,414,4,train
118,170,4,train
460,197,2,train
960,461,5,train
356,517,5,train
233,321,5,train
941,138,4,train
439,347,4,train
704,422,5,train
310,100,5,train
769,239,3,train
349,18,3,train
838,44,3,train
214,176,5,train
826,105,4,train
965,553,5,train
144,517,5,train
663,342,2,train
755,124,4,train
306,357,5,train
606,353,5,train
940,438,5,train
621,75,5,train
467,548,5,train
539,281,2,train
865,469,1,train
778,425,5,train
255,293,3,train
74,134,5,train
901,590,2,train
895,20,5,train
785,290,3,train
501,479,3,train
735,250,5,train
514,165,5,train
658,42,2,train
887,354,5,train
87,264,5,train
755,93,3,train
70,103,5,train
386,429,2,train
124,264,4,train
779,598,3,train
267,217,5,train
865,425,5,train
970,474,3,train
38,290,4,train
165,460,2,train
100,350,2,train
600,396,2,train
354,22,4,train
547,559,3,train
781,80,5,train
584,100,5,train
732,153,4,train
932,347,5,train
93,219,4,train
726,168,4,train
797,280,3,train
537,20,5,train
114,120,5,train
229,584,5,train
505,115,3,train
1,217,4,train
166,188,5,train
380,19,4,train
798,104,3,train
327,279,3,train
998,358,5,train
72,187,4,train
697,235,4,train
692,20,4,train
213,518,5,train
268,116,4,train
414,553,5,train
315,550,4,train
424,82,5,train
207,15,3,train
110,558,5,train
251,546,3,train
35,168,5,train
63,419,3,train
492,429,4,train
880,354,4,train
978,361,5,train
117,281,3,train
655,436,5,train
181,103,5,train
179,172,4,train
76,427,5,train
154,429,3,train
898,442,4,train
657,330,3,train
295,505,4,train
886,590,3,train
829,270,4,train
244,328,3,train
606,412,4,train
0,91,4,train
677,469,4,train
773,261,3,train
191,364,4,train
839,137,2,train
899,226,4,train
521,87,5,train
875,493,3,train
188,427,2,train
762,131,5,train
706,340,5,train
705,92,4,train
972,457,5,train
330,41,4,train
605,480,2,train
741,404,5,train
686,396,3,train
785,352,4,train
960,562,5,train
368,148,5,train
906,296,3,train
141,252,4,train
174,153,5,train
113,84,5,train
341,525,4,train
349,202,3,train
323,385,3,train
359,323,5,train
481,503,3,train
527,329,4,train
21,123,5,train
776,271,5,train
515,468,4,train
549,100,5,train
838,211,5,train
71,153,3,train
679,264,4,train
797,153,4,train
53,487,4,train
373,380,5,train
306,589,4,train
706,506,4,train
498,511,3,train
965,157,5,train
63,357,5,train
655,202,3,train
903,321,4,train
665,227,5,train
400,148,5,train
286,317,4,train
161,467,3,train
569,272,4,train
156,82,5,train
703,443,3,train
767,437,3,train
571,411,3,train
853,29,4,train
407,460,5,train
853,20,5,train
108,517,4,train
690,412,5,train
621,445,5,train
824,287,5,train
825,490,2,train
749,362,4,train
210,519,4,train
948,8,4,train
84,427,5,train
565,362,4,train
774,202,4,train
704,178,3,train
694,543,5,train
467,546,5,train
58,453,2,train
653,428,4,train
269,493,3,train
749,592,5,train
833,471,3,train
693,153,5,train
564,279,5,train
234,474,5,train
475,168,2,train
570,429,2,train
349,123,5,train
940,519,2,train
453,96,4,train
64,30,5,train
263,358,5,train
515,237,3,train
170,134,3,train
899,143,4,train
391,317,3,train
782,388,5,train
628,153,5,train
948,30,5,train
43,517,4,train
555,402,4,train
128,382,5,train
72,20,5,train
392,61,3,train
429,296,4,train
537,27,5,train
177,376,5,train
427,279,5,train
891,504,5,train
686,354,5,train
525,376,3,train
83,219,3,train
937,571,3,train
697,416,5,train
765,165,4,train
678,108,4,train
64,180,5,train
574,317,3,train
539,112,5,train
559,261,5,train
896,522,4,train
242,490,5,train
176,168,3,train
898,208,5,train
849,320,5,train
327,87,2,train
365,110,3,train
788,474,5,train
302,481,5,train
612,168,3,train
118,7,5,train
731,134,5,train
862,261,3,train
314,429,1,train
749,547,4,train
507,264,4,train
400,268,4,train
609,509,4,train
240,76,5,train
678,75,5,train
127,330,5,train
302,347,5,train
114,42,3,train
335,76,3,train
957,172,2,train
987,146,3,train
875,440,3,train
749,9,4,train
84,362,3,train
425,368,5,train
548,26,4,train
864,429,4,train
516,474,3,train
379,194,5,train
883,293,4,train
984,572,5,train
246,429,4,train
25,179,4,train
960,153,4,train
90,392,3,train
13,179,5,train
561,194,5,train
999,20,4,train
389,360,5,train
432,321,4,train
739,61,5,train
939,474,5,train
279,463,5,train
926,136,3,train
623,236,5,train
904,239,3,train
472,549,3,train
721,264,3,train
880,543,2,train
78,358,3,train
981,525,5,train
313,164,4,train
954,458,3,train
744,222,4,train
753,372,5,train
545,396,4,train
10,312,3,train
66,129,5,train
903,374,2,train
662,254,5,train
738,578,5,train
358,280,5,train
521,471,4,train
649,317,3,train
198,18,5,train
681,190,5,train
450,309,5,train
606,115,3,train
75,549,5,train
479,354,4,train
806,217,5,train
930,98,4,train
187,236,4,train
320,134,4,train
965,558,5,train
51,4,4,train
967,188,5,train
706,263,5,train
70,254,5,train
437,204,5,train
786,227,5,train
386,122,3,train
669,146,4,train
976,225,4,train
541,450,5,train
888,407,3,train
488,428,4,train
423,110,3,train
582,162,5,train
146,320,3,train
154,479,3,train
229,51,3,train
744,116,5,train
221,279,5,train
821,169,5,train
692,553,5,train
706,337,5,train
663,407,4,train
495,326,5,train
150,280,5,train
459,153,5,train
428,102,3,train
57,490,5,train
715,340,4,train
407,202,4,train
84,337,5,train
795,440,5,train
669,443,4,train
92,262,5,train
103,105,5,train
413,94,5,train
368,576,3,train
745,134,5,train
896,317,2,train
158,153,4,train
150,598,4,train
127,168,4,train
134,429,3,train
719,546,3,train
990,519,3,train
13,217,4,train
830,26,5,train
391,290,2,train
366,87,3,train
8,78,2,train
676,399,4,train
904,242,3,train
454,167,2,train
273,180,5,train
492,445,4,train
531,38,4,train
9,193,3,train
377,592,3,train
489,585,5,train
672,123,5,train
44,138,4,train
251,271,4,train
411,407,5,train
89,176,2,train
151,361,3,train
859,502,5,train
87,320,4,train
24,517,3,train
96,399,5,train
782,135,5,train
694,326,5,train
478,340,5,train
495,206,4,train
544,21,3,train
608,348,5,train
453,168,4,train
822,464,3,train
139,0,3,train
448,279,3,train
446,504,3,train
43,29,4,train
609,404,5,train
568,155,4,train
700,474,3,train
685,60,5,train
147,456,5,train
53,100,4,train
881,112,5,train
386,354,4,train
383,235,4,train
362,338,2,train
524,495,4,train
476,337,4,train
563,6,5,train
874,422,4,train
145,271,4,train
953,428,4,train
785,72,4,train
506,37,5,train
340,31,5,train
551,294,2,train
348,30,5,train
72,581,4,train
72,260,2,train
649,564,3,train
683,176,4,train
949,429,4,train
130,419,4,train
420,460,4,train
299,438,5,train
0,337,5,train
957,276,5,train
400,165,5,train
281,546,4,train
147,179,5,train
895,236,3,train
418,576,3,train
328,522,3,train
707,259,5,train
401,153,5,train
453,206,4,train
745,390,4,train
967,290,4,train
800,429,4,train
950,88,5,train
474,496,4,train
781,430,5,train
741,134,3,train
365,508,5,train
86,133,2,train
360,191,5,train
460,160,5,train
655,396,1,train
931,429,4,train
847,252,3,train
792,558,3,train
113,7,5,train
802,168,2,train
12,88,4,train
901,368,5,train
405,277,4,train
564,498,2,train
382,337,5,train
521,178,5,train
740,277,3,train
871,450,5,train
282,440,3,train
308,232,4,train
834,191,3,train
796,151,4,train
674,70,5,train
710,474,5,train
663,344,5,train
563,330,5,train
888,410,4,train
418,474,5,train
407,355,5,train
750,138,4,train
310,196,3,train
617,185,5,train
981,184,5,train
442,75,4,train
451,503,3,train
895,18,5,train
189,563,4,train
120,559,5,train
144,330,5,train
526,112,5,train
477,112,5,train
587,119,4,train
152,92,5,train
569,525,4,train
370,549,5,train
904,341,3,train
861,356,3,train
425,199,3,train
737,261,5,train
138,381,2,train
94,361,3,train
714,73,5,train
144,179,4,train
908,429,4,train
103,249,4,train
662,46,3,train
782,206,4,train
993,47,3,train
302,553,5,train
899,288,4,train
459,222,5,train
282,61,4,train
569,495,4,train
546,358,5,train
189,158,3,train
505,271,4,train
738,153,5,train
756,100,5,train
799,115,4,train
175,6,5,train
470,9,5,train
888,327,3,train
613,558,5,train
669,439,5,train
982,26,5,train
749,432,4,train
189,338,5,train
474,135,5,train
192,429,4,train
93,399,4,train
674,116,5,train
326,414,3,train
628,365,4,train
210,102,3,train
235,433,3,train
80,503,4,train
904,571,3,train
805,464,4,train
348,34,3,train
626,134,5,train
113,503,5,train
513,429,1,train
675,87,3,train
675,227,5,train
237,143,2,train
340,49,5,train
975,495,5,train
724,279,5,train
232,475,5,train
729,350,4,train
523,361,3,train
17,593,5,train
664,326,5,train
188,483,3,train
437,338,5,train
537,56,4,train
904,288,2,train
105,590,3,train
273,428,5,train
708,110,3,train
946,252,5,train
168,18,5,train
989,264,4,train
933,108,4,train
84,508,5,train
257,504,4,train
742,87,3,train
552,107,4,train
749,264,4,train
582,531,4,train
202,409,5,train
53,239,4,train
334,254,4,train
606,490,5,train
584,156,2,train
425,450,5,train
559,88,5,train
20,157,4,train
978,321,5,train
117,214,5,train
792,305,5,train
749,347,4,train
387,73,4,train
163,338,4,train
579,87,3,train
712,153,4,train
619,304,4,train
165,259,3,train
217,162,5,train
571,19,3,train
166,594,5,train
407,327,3,train
836,115,4,train
471,100,5,train
677,187,3,train
740,471,3,train
810,134,5,train
881,460,5,train
680,582,5,train
669,338,5,train
729,556,3,train
188,49,4,train
62,146,3,train
157,213,5,train
242,409,5,train
405,340,3,train
191,404,4,train
336,16,2,train
576,187,3,train
72,100,5,train
452,87,4,train
895,580,3,train
790,361,4,train
710,296,4,train
90,9,4,train
801,20,5,train
306,143,4,train
893,395,5,train
733,538,3,train
717,330,4,train
785,285,5,train
334,12,3,train
357,296,3,train
566,202,5,train
677,173,5,train
92,111,5,train
805,184,3,train
139,207,5,train
84,487,5,train
76,337,5,train
742,29,4,train
861,26,5,train
550,102,4,train
17,570,4,train
361,395,5,train
986,376,2,train
436,74,3,train
971,258,4,train
78,239,2,train
748,159,4,train
340,374,4,train
537,124,4,train
985,484,2,train
655,94,4,train
813,479,4,train
126,239,4,train
800,1,5,train
108,364,3,train
68,548,4,train
951,396,1,train
108,330,5,train
438,297,4,train
276,350,3,train
591,46,4,train
735,357,3,train
160,26,3,train
222,15,3,train
500,556,2,train
161,597,4,train
470,382,4,train
904,572,5,train
392,134,5,train
814,280,5,train
678,20,5,train
996,519,4,train
940,206,3,train
175,460,4,train
444,321,4,train
801,504,5,train
970,578,4,train
103,356,5,train
145,576,4,train
690,134,5,train
661,261,3,train
256,594,4,train
710,224,4,train
510,297,5,train
258,320,4,train
498,72,4,train
855,136,3,train
391,4,5,train
1,482,4,train
958,74,2,train
78,427,1,train
974,271,4,train
549,208,5,train
320,153,3,train
905,491,4,train
450,336,5,train
516,340,5,train
841,254,4,train
694,474,5,train
401,254,5,train
384,21,5,train
420,112,5,train
302,513,5,train
374,422,4,train
904,190,5,train
290,517,5,train
16,5,5,train
940,467,4,train
625,87,4,train
273,538,5,train
496,170,5,train
377,570,2,train
506,252,4,train
782,100,4,train
650,504,5,train
552,321,5,train
495,580,3,train
530,449,4,train
863,361,4,train
765,599,3,train
521,279,4,train
470,26,5,train
116,30,5,train
43,321,3,train
270,337,5,train
904,348,5,train
598,280,3,train
523,148,5,train
348,229,3,train
682,558,3,train
445,293,3,train
102,148,3,train
254,272,3,train
350,320,3,train
363,323,4,train
967,198,4,train
818,436,5,train
899,566,5,train
650,338,3,train
200,293,5,train
867,519,5,train
558,176,4,train
412,517,4,train
547,293,4,train
461,240,5,train
471,27,3,train
219,358,5,train
851,440,3,train
8,437,4,train
194,196,5,train
370,527,3,train
621,302,5,train
38,302,5,train
390,49,5,train
421,527,2,train
103,185,5,train
800,72,3,train
516,427,5,train
773,239,3,train
276,17,4,train
654,294,5,train
921,72,2,train
642,31,4,train
978,202,5,train
121,81,4,train
926,153,4,train
282,168,2,train
617,168,3,train
9,1,5,train
548,495,3,train
141,162,5,train
449,320,4,train
80,88,4,train
326,254,5,train
557,30,4,train
90,407,4,train
186,363,4,train
436,198,5,train
871,335,4,train
637,31,5,train
352,141,2,train
661,227,5,train
513,383,5,train
652,330,5,train
437,146,5,train
188,31,5,train
686,22,4,train
369,53,3,train
302,508,5,train
553,100,4,train
327,549,1,train
27,41,3,train
446,245,5,train
38,301,5,train
880,481,4,train
589,337,3,train
478,164,3,train
163,94,5,train
758,383,5,train
730,123,5,train
180,206,4,train
970,85,5,train
832,408,5,train
337,558,5,train
359,592,4,train
404,570,5,train
62,100,5,train
319,16,5,train
61,548,4,train
628,497,5,train
772,524,5,train
237,475,2,train
345,599,3,train
648,450,5,train
517,56,5,train
194,121,3,train
931,340,5,train
980,397,4,train
748,203,5,train
380,519,5,train
428,505,5,train
738,264,4,train
34,337,5,train
515,396,3,train
571,374,4,train
719,456,5,train
745,179,5,train
477,293,4,train
209,194,2,train
886,386,3,train
612,422,3,train
494,212,5,train
782,407,5,train
178,180,5,train
568,337,4,train
583,110,3,train
49,116,5,train
739,22,5,train
177,419,4,train
341,421,5,train
707,506,3,train
800,546,5,train
719,549,4,train
732,197,3,train
277,330,5,train
935,429,2,train
806,488,4,train
545,495,4,train
168,580,5,train
758,583,3,train
506,381,3,train
412,296,3,train
616,90,2,train
952,270,4,train
194,476,4,train
861,474,3,train
52,368,5,train
78,29,2,train
416,219,4,train
726,229,5,train
234,22,4,train
61,204,4,train
607,203,4,train
355,471,4,train
458,576,5,train
844,167,2,train
812,190,5,train
357,429,4,train
300,110,2,train
692,179,5,train
549,20,5,train
18,101,5,train
595,31,5,train
199,571,5,train
844,471,5,train
972,240,5,train
782,599,5,train
33,358,3,train
921,190,4,train
94,459,4,train
465,120,5,train
728,541,4,train
392,158,4,train
109,474,5,train
391,543,3,train
47,239,4,train
937,395,4,train
269,354,5,train
392,440,4,train
146,340,3,train
103,449,3,train
492,143,5,train
851,206,4,train
181,464,5,train
843,87,5,train
758,496,5,train
510,474,5,train
865,117,2,train
717,194,5,train
517,396,1,train
584,429,3,train
741,429,4,train
369,190,3,train
113,347,5,train
429,125,4,train
194,347,4,train
648,321,5,train
972,357,5,train
16,158,4,train
712,535,4,train
163,143,4,train
741,337,5,train
132,49,4,train
569,470,2,train
901,320,5,train
14,471,4,train
373,396,4,train
283,241,3,train
867,270,3,train
283,106,5,train
96,157,4,train
202,361,4,train
145,27,4,train
183,13,2,train
321,104,4,train
904,31,4,train
642,462,3,train
177,405,3,train
21,27,3,train
491,290,5,train
161,496,3,train
401,535,5,train
604,471,4,train
648,32,3,train
498,298,2,train
785,26,5,train
1,507,5,train
285,581,5,train
802,196,4,train
548,395,5,train
841,83,5,train
188,146,4,train
434,566,5,train
65,542,5,train
94,82,5,train
820,133,5,train
752,592,5,train
987,304,3,train
186,529,5,train
542,136,2,train
712,264,2,train
175,296,4,train
676,273,5,train
978,267,4,train
852,2,5,train
46,202,4,train
10,443,3,train
761,446,3,train
861,243,5,train
163,355,5,train
566,189,4,train
828,29,5,train
57,155,5,train
572,542,5,train
170,202,3,train
933,110,3,train
582,223,5,train
839,469,3,train
748,38,3,train
872,263,5,train
528,0,4,train
134,368,5,train
398,117,3,train
328,236,4,train
955,88,5,train
88,549,5,train
413,403,3,train
260,429,3,train
280,124,5,train
238,110,5,train
379,380,3,train
618,252,3,train
653,129,5,train
446,416,3,train
317,556,3,train
137,277,3,train
384,330,5,train
921,153,5,train
367,336,2,train
689,129,5,train
113,361,4,train
498,25,1,train
408,381,4,train
161,53,3,train
49,155,4,train
600,165,5,train
652,587,5,train
741,74,3,train
962,168,3,train
761,454,4,train
579,461,4,train
792,8,4,train
812,36,4,train
43,588,5,train
418,262,5,train
302,36,3,train
998,296,5,train
130,172,5,train
477,444,4,train
168,56,5,train
892,371,5,train
377,549,5,train
128,519,5,train
253,404,5,train
85,194,5,train
159,407,3,train
935,419,3,train
553,75,5,train
880,293,5,train
259,585,3,train
892,437,3,train
494,419,3,train
728,570,5,train
814,399,5,train
715,378,5,train
442,524,5,train
117,550,5,train
79,11,5,train
665,424,5,train
712,372,5,train
255,496,5,train
742,239,4,train
740,264,1,train
8,133,5,train
676,547,5,train
195,549,5,train
103,475,4,train
103,15,4,train
156,348,5,train
145,191,3,train
940,271,5,train
780,296,4,train
757,549,5,train
661,20,5,train
502,415,5,train
253,66,5,train
428,463,4,train
658,168,1,train
714,124,5,train
201,490,3,train
243,296,2,train
954,168,4,train
251,284,2,train
360,227,4,train
833,338,5,train
865,348,3,train
426,490,5,train
348,39,2,train
634,496,3,train
453,75,5,train
669,590,4,train
375,87,2,train
577,519,5,train
544,276,5,train
926,226,5,train
765,216,5,train
182,112,5,train
462,465,5,train
636,176,5,train
263,556,3,train
630,354,4,train
569,337,5,train
147,115,3,train
429,354,3,train
43,272,4,train
744,460,3,train
950,349,5,train
880,428,5,train
650,380,4,train
926,276,5,train
814,475,4,train
302,564,5,train
700,450,3,train
7,301,5,train
470,105,5,train
923,240,5,train
218,361,4,train
820,93,5,train
717,428,3,train
384,429,4,train
16,475,5,train
117,134,4,train
432,203,3,train
608,480,2,train
740,30,5,train
722,100,4,train
909,112,2,train
774,344,4,train
869,355,5,train
49,78,4,train
907,223,4,train
17,361,3,train
265,199,3,train
26,496,4,train
768,591,5,train
849,238,5,train
157,510,4,train
996,177,3,train
904,74,4,train
827,350,3,train
134,105,4,train
844,450,5,train
932,474,3,train
237,15,3,train
302,337,5,train
767,293,3,train
819,320,5,train
846,519,4,train
910,293,3,train
121,18,5,train
748,76,5,train
642,203,5,train
431,587,5,train
681,514,3,train
201,444,4,train
569,8,3,train
936,19,4,train
790,416,2,train
887,103,5,train
471,471,3,train
288,360,5,train
727,574,3,train
672,399,4,train
785,359,4,train
270,570,5,train
161,26,3,train
439,471,3,train
940,498,3,train
128,427,5,train
486,279,4,train
292,296,4,train
224,546,4,train
755,534,4,train
370,557,5,train
469,131,3,train
341,503,3,train
121,101,5,train
803,2,5,train
699,577,5,train
577,258,4,train
755,108,4,train
530,474,5,train
335,445,5,train
977,134,5,train
755,87,2,train
533,484,2,train
548,499,5,train
161,504,5,train
768,88,2,train
605,517,5,train
55,55,5,train
908,509,3,train
50,134,5,train
598,168,3,train
117,91,5,train
439,450,5,train
884,457,5,train
439,36,4,train
561,436,5,train
525,390,3,train
163,321,5,train
851,330,3,train
127,524,5,train
109,377,5,train
900,525,5,train
920,530,3,train
499,75,5,train
634,63,5,train
617,254,4,train
360,245,3,train
174,5,4,train
813,271,5,train
539,152,4,train
697,444,4,train
450,82,5,train
525,34,4,train
369,258,3,train
35,330,5,train
347,187,5,train
291,153,3,train
361,208,5,train
829,194,4,train
247,338,4,train
113,279,5,train
863,239,2,train
391,280,5,train
529,582,5,train
251,203,5,train
402,363,5,train
844,399,4,train
191,588,5,train
768,190,4,train
741,420,5,train
366,350,4,train
341,76,5,train
553,46,5,train
267,496,4,train
584,467,3,train
755,115,2,train
112,531,4,train
717,512,5,train
291,325,5,train
228,296,5,train
811,504,5,train
635,389,3,train
481,463,5,train
265,290,2,train
568,1,5,train
728,219,4,train
681,217,5,train
390,191,3,train
498,184,5,train
858,444,4,train
682,184,5,train
781,277,4,train
310,51,3,train
818,498,4,train
307,594,5,train
405,110,4,train
569,429,3,train
803,399,5,train
999,475,5,train
194,168,1,train
896,596,4,train
39,460,5,train
563,41,5,train
269,239,3,train
546,540,5,train
650,230,4,train
211,512,5,train
335,487,3,train
216,581,2,train
41,134,3,train
756,20,5,train
740,440,4,train
69,495,3,train
584,572,5,train
645,576,5,train
12,94,4,train
536,504,5,train
166,576,2,train
348,395,5,train
478,337,5,train
131,576,3,train
714,538,3,train
569,440,4,train
130,182,5,train
513,174,3,train
335,217,3,train
352,558,5,train
194,284,1,train
78,222,5,train
90,450,5,train
934,384,5,train
325,247,3,train
724,89,5,train
67,123,5,train
935,357,4,train
995,555,4,train
131,288,5,train
551,122,3,train
472,168,3,train
372,325,4,train
396,240,5,train
416,277,3,train
215,277,4,train
926,322,3,train
722,124,5,train
926,9,3,train
531,457,5,train
498,22,5,train
921,116,5,train
697,320,2,train
229,268,4,train
812,304,2,train
926,217,4,train
394,196,4,train
568,335,5,train
601,29,5,train
87,236,5,train
180,474,5,train
241,320,2,train
377,240,5,train
271,396,5,train
741,174,4,train
564,479,4,train
65,399,5,train
472,18,5,train
191,330,5,train
852,504,4,train
333,547,5,train
192,293,3,train
472,48,5,train
968,82,5,train
650,354,3,train
335,190,4,train
331,509,3,train
283,202,3,train
75,254,5,train
348,550,5,train
799,16,5,train
458,112,5,train
828,168,4,train
109,594,5,train
155,525,4,train
697,129,5,train
933,460,4,train
550,588,5,train
833,490,5,train
161,457,5,train
360,279,4,train
176,285,4,train
352,428,3,train
796,354,5,train
839,567,5,train
576,281,5,train
661,281,3,train
250,62,3,train
327,386,4,train
423,15,2,train
820,414,4,train
788,500,5,train
189,588,5,train
426,560,5,train
884,581,5,train
378,457,5,train
125,340,3,train
673,104,3,train
265,208,4,train
599,100,5,train
417,121,4,train
439,560,2,train
580,110,4,train
119,428,3,train
811,543,4,train
387,293,3,train
446,429,3,train
601,319,5,train
157,344,4,train
295,20,5,train
564,273,4,train
103,0,2,train
344,146,4,train
580,173,5,train
144,546,5,train
283,460,4,train
988,336,4,train
122,2,5,train
790,83,4,train
926,215,4,train
333,9,3,train
131,112,5,train
432,429,3,train
594,11,5,train
114,561,4,train
765,335,3,train
587,197,5,train
90,471,3,train
765,22,4,train
687,147,5,train
712,567,4,train
480,564,3,train
658,296,2,train
217,322,4,train
711,379,3,train
817,110,4,train
93,148,5,train
90,592,5,train
964,507,3,train
948,498,4,train
539,318,2,train
903,334,4,train
247,245,5,train
449,222,3,train
103,536,5,train
149,85,5,train
641,527,5,train
285,162,5,train
697,431,4,train
675,484,4,train
495,202,4,train
648,507,5,train
803,347,5,train
8,503,4,train
999,14,5,train
755,576,1,train
833,528,4,train
877,459,5,train
62,504,5,train
635,12,4,train
356,33,3,train
893,31,4,train
578,475,5,train
745,239,4,train
662,36,4,train
829,296,3,train
93,31,3,train
175,549,4,train
547,271,4,train
746,297,5,train
662,100,5,train
653,599,4,train
342,79,4,train
776,90,3,train
874,187,3,train
722,49,4,train
780,444,4,train
558,570,5,train
775,343,5,train
590,277,4,train
131,536,5,train
913,293,4,train
569,125,3,train
277,182,5,train
78,410,2,train
942,121,4,train
447,34,5,train
227,114,3,train
191,524,5,train
17,546,4,train
117,42,3,train
940,92,3,train
505,153,3,train
863,92,5,train
974,524,5,train
262,1,4,train
569,277,3,train
595,124,4,train
313,87,3,train
771,516,5,train
471,239,2,train
692,330,5,train
202,92,4,train
847,572,5,train
780,244,5,train
861,42,5,train
737,202,4,train
1,571,4,train
735,334,3,train
400,519,5,train
787,303,5,train
564,557,5,train
889,556,2,train
185,556,4,train
307,397,4,train
151,372,5,train
210,322,5,train
970,496,5,train
948,336,1,train
553,106,5,train
260,94,4,train
407,179,5,train
551,199,2,train
943,474,3,train
740,193,4,train
981,399,5,train
416,226,4,train
742,337,5,train
16,471,5,train
767,134,5,train
612,360,5,train
781,538,4,train
870,340,5,train
872,464,4,train
264,516,4,train
424,36,2,train
411,190,5,train
319,273,4,train
778,41,5,train
712,587,4,train
896,356,4,train
327,335,3,train
391,378,5,train
755,424,4,train
384,29,4,train
462,42,4,train
770,134,4,train
39,396,5,train
422,202,4,train
45,211,4,train
339,360,5,train
948,120,4,train
340,396,3,train
226,518,3,train
665,146,4,train
815,29,5,train
255,201,5,train
591,196,3,train
740,474,5,train
362,591,5,train
317,555,4,train
961,91,5,train
249,320,5,train
905,203,5,train
1,309,5,train
592,24,4,train
799,546,5,train
580,583,5,train
143,82,5,train
741,556,1,train
34,196,5,train
414,573,3,train
862,590,2,train
890,89,5,train
374,143,3,train
293,429,3,train
736,506,3,train
283,22,5,train
729,196,5,train
103,465,1,train
568,558,5,train
917,4,5,train
755,16,3,train
578,264,4,train
273,8,4,train
677,490,5,train
974,76,5,train
317,261,3,train
804,34,4,train
485,4,5,train
388,41,4,train
941,523,5,train
161,222,4,train
599,350,4,train
192,502,5,train
365,429,3,train
168,202,4,train
251,146,3,train
765,450,4,train
72,550,5,train
87,383,5,train
622,416,5,train
219,296,3,train
525,361,4,train
92,592,5,train
686,401,4,train
740,19,4,train
697,396,5,train
520,409,5,train
447,380,4,train
373,352,5,train
681,556,4,train
445,272,3,train
573,323,4,train
926,514,4,train
477,299,5,train
246,370,4,train
236,582,5,train
82,123,4,train
66,429,3,train
137,126,2,train
768,199,4,train
642,504,5,train
458,208,3,train
828,272,4,train
461,143,5,train
895,517,5,train
34,217,5,train
78,117,2,train
150,429,2,train
591,66,5,train
193,495,3,train
966,490,5,train
819,436,4,train
495,576,2,train
891,572,5,train
37,358,5,train
355,427,5,train
359,490,4,train
667,543,5,train
847,355,5,train
90,337,4,train
78,119,3,train
252,125,5,train
623,567,3,train
71,406,5,train
17,160,4,train
376,159,4,train
341,487,3,train
925,368,4,train
267,175,4,train
774,168,4,train
597,259,5,train
811,327,4,train
749,591,5,train
51,317,4,train
802,508,2,train
779,124,5,train
16,199,4,train
956,594,3,train
775,466,3,train
523,115,3,train
466,542,5,train
424,142,5,train
339,421,5,train
743,460,5,train
740,15,5,train
935,337,5,train
783,141,4,train
970,366,4,train
748,196,3,train
462,443,4,train
157,7,4,train
935,32,4,train
269,310,4,train
716,259,4,train
790,146,4,train
524,428,5,train
976,424,4,train
379,359,4,train
160,595,4,train
482,438,5,train
981,396,4,train
689,219,4,train
479,277,2,train
112,317,5,train
740,576,4,train
114,85,5,train
427,229,4,train
327,539,2,train
796,429,2,train
829,9,3,train
880,2,5,train
761,222,3,train
265,73,5,train
678,245,5,train
151,496,3,train
795,480,4,train
582,546,5,train
373,538,3,train
115,347,3,train
755,30,5,train
342,27,5,train
132,254,3,train
177,8,4,train
426,86,5,train
840,142,3,train
495,503,4,train
543,330,5,train
736,42,3,train
568,396,3,train
12,121,5,train
748,334,3,train
622,43,3,train
576,406,5,train
797,420,2,train
189,336,4,train
634,100,5,train
654,592,4,train
749,36,3,train
215,330,5,train
388,365,3,train
952,271,5,train
855,181,2,train
498,187,3,train
495,504,3,train
447,402,4,train
429,399,5,train
782,80,3,train
495,134,3,train
745,47,2,train
634,31,5,train
717,350,2,train
251,88,4,train
656,236,3,train
815,185,5,train
502,543,5,train
446,125,3,train
296,441,4,train
734,358,5,train
107,427,2,train
974,405,4,train
350,227,5,train
568,119,5,train
341,505,4,train
956,26,2,train
260,279,5,train
935,94,4,train
775,126,3,train
244,26,5,train
896,110,3,train
870,356,2,train
138,388,4,train
481,146,5,train
72,285,4,train
589,440,5,train
394,429,4,train
246,82,5,train
282,174,4,train
948,330,3,train
268,318,5,train
322,293,3,train
350,266,3,train
576,541,4,train
548,202,4,train
760,592,5,train
174,484,5,train
976,395,5,train
497,148,4,train
388,480,4,train
740,321,2,train
767,8,3,train
195,166,4,train
384,266,4,train
676,496,5,train
189,112,3,train
614,367,3,train
752,570,4,train
113,585,4,train
379,436,5,train
580,105,4,train
617,592,5,train
477,115,3,train
568,264,3,train
177,202,4,train
125,588,4,train
103,555,5,train
747,271,4,train
534,553,4,train
371,571,4,train
381,320,3,train
78,362,3,train
634,436,4,train
190,262,5,train
62,495,2,train
158,531,3,train
724,574,4,train
1,177,4,train
193,490,5,train
128,358,5,train
283,41,2,train
768,179,5,train
103,115,3,train
14,450,5,train
169,168,3,train
149,18,5,train
72,518,4,train
928,429,2,train
269,108,4,train
498,416,4,train
495,104,5,train
273,268,5,train
946,27,4,train
721,144,3,train
361,410,4,train
47,481,4,train
374,382,3,train
904,271,5,train
568,386,5,train
103,533,5,train
682,549,3,train
596,167,2,train
174,591,5,train
936,523,5,train
569,363,4,train
498,303,2,train
264,335,3,train
437,476,5,train
361,239,4,train
376,429,3,train
243,494,2,train
384,94,4,train
453,396,1,train
847,94,5,train
493,245,5,train
937,342,3,train
226,266,3,train
286,124,3,train
423,30,5,train
946,119,3,train
992,543,5,train
474,231,5,train
267,358,5,train
220,16,3,train
423,206,3,train
400,303,3,train
258,290,4,train
611,396,3,train
750,525,5,train
738,543,5,train
707,203,5,train
525,115,3,train
622,277,4,train
11,42,5,train
148,582,5,train
174,279,3,train
237,20,5,train
636,381,5,train
434,53,2,train
875,134,2,train
158,208,4,train
57,178,5,train
843,348,5,train
69,110,3,train
608,87,3,train
285,475,5,train
290,537,5,train
186,582,5,train
308,148,5,train
929,474,5,train
568,114,5,train
111,368,5,train
740,519,3,train
799,455,4,train
750,22,4,train
208,566,5,train
470,448,5,train
0,94,5,train
568,2,5,train
336,275,5,train
622,19,4,train
726,567,3,train
4,19,4,train
8,399,3,train
813,321,5,train
902,108,4,train
317,376,4,train
829,495,3,train
827,293,5,train
928,94,3,train
255,540,5,train
770,527,4,train
247,151,5,train
423,416,4,train
974,322,5,train
580,141,4,train
761,108,2,train
738,167,3,train
651,429,4,train
93,13,4,train
113,444,5,train
571,309,4,train
658,51,4,train
786,274,5,train
270,479,3,train
597,59,5,train
591,47,4,train
754,123,4,train
876,119,3,train
138,416,3,train
485,514,5,train
558,518,5,train
121,240,4,train
892,100,5,train
797,452,4,train
857,222,4,train
994,2,4,train
613,202,5,train
851,474,5,train
640,31,4,train
472,213,4,train
781,70,4,train
568,235,4,train
17,29,3,train
57,549,3,train
538,398,5,train
717,549,5,train
854,442,5,train
32,153,4,train
150,354,4,train
634,524,3,train
901,254,5,train
985,121,5,train
413,548,4,train
915,107,4,train
761,496,5,train
651,564,4,train
486,134,3,train
975,521,4,train
740,342,3,train
151,219,2,train
324,67,4,train
449,153,4,train
220,376,5,train
858,386,5,train
903,26,5,train
526,168,5,train
401,239,5,train
875,457,5,train
251,93,4,train
80,281,2,train
825,76,3,train
623,449,3,train
854,535,5,train
471,36,3,train
174,562,4,train
598,85,5,train
621,518,5,train
480,582,5,train
43,368,3,train
302,162,5,train
610,254,5,train
422,480,4,train
952,36,1,train
31,234,4,train
215,182,4,train
672,29,4,train
292,527,5,train
380,379,5,train
96,549,3,train
926,271,3,train
925,244,5,train
321,550,4,train
267,519,5,train
300,528,5,train
837,362,4,train
232,115,5,train
506,437,4,train
158,129,5,train
251,558,5,train
177,126,4,train
620,123,5,train
649,320,2,train
361,87,5,train
440,498,4,train
115,72,3,train
320,65,5,train
112,120,4,train
463,412,4,train
717,290,2,train
227,504,5,train
513,519,4,train
806,106,5,train
690,115,5,train
701,234,5,train
335,365,5,train
904,597,3,train
748,206,3,train
354,460,2,train
577,540,5,train
72,399,4,train
571,526,5,train
56,302,5,train
504,330,4,train
28,444,4,train
582,553,5,train
975,104,3,train
340,310,4,train
43,405,4,train
887,14,4,train
145,363,4,train
162,30,5,train
55,565,4,train
869,207,4,train
192,402,3,train
741,239,3,train
450,240,5,train
419,457,3,train
931,354,5,train
519,572,5,train
677,358,5,train
313,363,3,train
211,94,5,train
583,82,3,train
876,396,5,train
240,259,5,train
206,141,4,train
282,134,4,train
109,167,2,train
348,429,3,train
782,427,5,train
297,358,5,train
677,36,2,train
510,429,4,train
566,553,5,train
284,429,3,train
513,280,5,train
913,9,4,train
76,429,2,train
437,426,5,train
110,464,4,train
818,124,5,train
439,190,3,train
703,221,3,train
695,337,5,train
642,281,4,train
70,140,4,train
369,61,4,train
244,320,4,train
959,568,4,train
241,504,5,train
385,4,5,train
247,586,5,train
176,77,5,train
834,541,4,train
484,123,2,train
369,317,3,train
544,368,4,train
812,517,4,train
595,179,4,train
410,137,3,train
213,42,4,train
700,594,5,train
959,456,5,train
214,390,4,train
484,458,3,train
571,562,4,train
799,182,5,train
423,506,5,train
765,3,5,train
569,453,3,train
768,535,5,train
534,179,4,train
693,430,5,train
393,529,2,train
7,234,5,train
145,486,3,train
41,396,3,train
908,537,4,train
184,580,5,train
95,463,4,train
657,358,5,train
742,588,4,train
602,562,4,train
261,390,4,train
114,281,5,train
177,160,4,train
933,143,4,train
395,121,5,train
624,576,4,train
449,538,2,train
926,36,3,train
847,276,5,train
782,142,3,train
914,168,3,train
26,126,5,train
283,155,4,train
839,147,5,train
234,541,4,train
39,34,5,train
697,53,3,train
854,450,5,train
314,146,3,train
31,33,4,train
227,457,5,train
517,572,3,train
209,153,5,train
4,87,4,train
451,94,4,train
47,354,5,train
966,592,4,train
84,571,3,train
445,409,5,train
783,496,5,train
752,383,5,train
623,511,5,train
688,334,4,train
256,409,3,train
425,496,4,train
188,80,4,train
330,474,4,train
838,239,2,train
924,14,4,train
491,356,3,train
564,512,5,train
427,379,5,train
951,570,5,train
371,264,2,train
234,526,5,train
920,592,5,train
189,107,3,train
728,517,4,train
393,525,5,train
66,358,4,train
513,153,5,train
206,66,5,train
434,168,4,train
155,509,5,train
638,570,5,train
573,350,4,train
217,10,4,train
180,124,5,train
880,16,3,train
668,385,5,train
648,262,3,train
309,337,5,train
960,42,4,train
487,429,5,train
276,532,3,train
503,112,5,train
130,376,4,train
991,594,5,train
681,196,5,train
755,309,3,train
881,100,3,train
383,556,5,train
251,588,5,train
750,366,4,train
38,153,4,train
161,313,5,train
615,322,5,train
277,114,5,train
267,261,2,train
183,275,5,train
296,20,5,train
855,65,4,train
522,29,5,train
906,338,5,train
525,79,3,train
190,457,5,train
759,264,3,train
392,517,3,train
907,168,4,train
800,330,5,train
947,88,5,train
674,236,5,train
834,582,4,train
174,103,5,train
1,479,4,train
198,429,3,train
702,409,5,train
149,254,2,train
699,7,5,train
593,350,2,train
90,338,3,train
419,438,3,train
358,100,4,train
61,36,4,train
148,0,3,train
148,100,4,train
778,31,5,train
656,31,4,train
177,212,5,train
926,361,4,train
248,495,5,train
601,412,3,train
761,134,4,train
678,9,3,train
234,379,5,train
827,184,3,train
682,47,4,train
776,173,4,train
5,242,4,train
702,254,4,train
175,588,5,train
636,399,5,train
613,553,5,train
20,442,4,train
102,395,5,train
610,51,4,train
32,442,4,train
5,361,4,train
686,116,4,train
424,84,4,train
72,61,2,train
930,549,5,train
154,495,4,train
57,506,5,train
10,420,4,train
199,176,5,train
157,1,3,train
165,301,4,train
65,110,4,train
498,429,2,train
840,376,4,train
649,196,5,train
799,296,3,train
769,588,5,train
310,168,2,train
478,197,5,train
120,490,5,train
710,347,3,train
149,138,4,train
168,427,4,train
733,65,2,train
197,134,5,train
468,115,5,train
407,42,5,train
533,0,4,train
896,352,5,train
959,593,3,train
9,506,3,train
768,503,3,train
32,406,4,train
392,473,2,train
375,124,5,train
9,482,4,train
267,549,3,train
660,449,3,train
56,153,5,train
444,504,5,train
849,94,4,train
295,241,3,train
649,51,2,train
495,482,4,train
580,61,5,train
621,581,5,train
547,447,1,train
445,49,5,train
899,133,5,train
255,337,5,train
569,226,4,train
853,280,5,train
65,90,3,train
746,119,3,train
601,436,3,train
686,586,3,train
689,105,5,train
384,550,5,train
923,323,4,train
579,480,5,train
523,124,5,train
654,457,5,train
436,203,5,train
830,219,5,train
579,570,5,train
281,555,5,train
219,476,5,train
103,436,4,train
232,140,4,train
699,87,5,train
484,309,5,train
539,10,2,train
386,160,5,train
284,82,5,train
319,330,4,train
536,365,5,train
807,273,3,train
161,188,4,train
645,535,4,train
928,29,4,train
935,469,2,train
817,347,5,train
103,497,5,train
704,298,5,train
268,338,5,train
806,470,2,train
95,317,3,train
251,523,2,train
525,202,3,train
379,275,3,train
790,336,4,train
198,480,4,train
539,129,5,train
896,136,4,train
623,37,4,train
615,372,4,train
103,218,3,train
872,14,5,train
938,110,3,train
215,549,5,train
702,9,3,train
270,475,4,train
904,5,4,train
433,206,3,train
666,470,3,train
20,227,5,train
53,74,3,train
495,370,4,train
320,288,2,train
864,168,3,train
918,114,5,train
975,84,5,train
782,419,3,train
764,526,4,train
478,239,3,train
800,556,4,train
920,383,5,train
894,117,4,train
458,108,3,train
382,106,4,train
148,326,5,train
691,377,1,train
904,334,3,train
554,108,5,train
537,50,4,train
177,536,3,train
967,578,5,train
552,115,3,train
310,279,3,train
42,190,4,train
571,321,5,train
437,553,4,train
480,331,5,train
517,203,5,train
382,263,4,train
180,155,3,train
431,268,4,train
740,432,3,train
357,330,5,train
350,350,4,train
319,337,4,train
247,422,4,train
233,400,2,train
582,335,4,train
425,78,3,train
734,576,3,train
0,85,5,train
488,102,5,train
732,115,3,train
926,350,2,train
844,242,5,train
870,543,3,train
212,460,4,train
300,115,2,train
743,349,5,train
259,115,2,train
473,261,5,train
733,100,5,train
484,22,3,train
239,279,5,train
526,460,5,train
926,88,5,train
510,88,4,train
577,273,5,train
883,153,5,train
210,399,5,train
470,240,3,train
809,437,4,train
124,250,3,train
258,353,4,train
844,475,5,train
138,350,5,train
541,216,5,train
165,429,3,train
569,348,5,train
704,561,5,train
180,84,4,train
623,126,5,train
676,258,3,train
617,240,3,train
413,0,3,train
820,354,3,train
653,556,3,train
685,162,4,train
478,515,5,train
685,317,3,train
768,221,3,train
904,293,4,train
84,496,5,train
326,320,5,train
206,541,5,train
148,171,5,train
360,504,3,train
300,168,4,train
653,134,5,train
928,438,4,train
935,514,3,train
611,176,5,train
690,446,5,train
780,538,4,train
437,281,3,train
829,101,5,train
596,304,4,train
986,147,4,train
485,516,5,train
295,517,5,train
974,115,3,train
418,480,5,train
342,167,3,train
576,482,5,train
499,429,3,train
418,527,5,train
340,296,4,train
331,574,5,train
652,269,5,train
427,458,5,train
351,15,3,train
811,123,5,train
413,276,5,train
38,67,3,train
775,572,5,train
519,143,5,train
136,202,5,train
438,131,4,train
983,427,3,train
990,149,4,train
663,168,3,train
375,347,4,train
19,168,4,train
618,468,2,train
270,54,4,train
219,399,5,train
113,15,3,train
453,406,4,train
420,262,5,train
326,176,5,train
822,526,5,train
490,312,4,train
128,480,2,train
170,377,3,train
171,410,3,train
525,371,5,train
744,309,2,train
714,110,3,train
839,187,4,train
873,53,4,train
386,320,5,train
41,167,4,train
954,41,3,train
974,138,3,train
64,555,4,train
475,4,5,train
662,396,3,train
581,202,2,train
266,240,5,train
865,100,4,train
170,153,5,train
165,430,5,train
388,428,4,train
274,91,5,train
331,112,5,train
961,376,5,train
724,100,4,train
532,549,5,train
188,479,3,train
72,236,4,train
114,146,4,train
745,185,5,train
514,358,5,train
161,359,5,train
393,498,2,train
734,184,4,train
736,323,3,train
308,510,4,train
913,381,5,train
90,126,5,train
452,18,5,train
881,211,5,train
937,596,5,train
423,4,4,train
642,88,4,train
636,203,5,train
419,99,4,train
999,35,5,train
412,244,4,train
558,242,5,train
516,368,4,train
51,105,5,train
463,576,5,train
526,133,4,train
714,260,5,train
810,168,3,train
827,497,5,train
174,593,5,train
93,460,4,train
721,53,3,train
246,212,4,train
126,202,4,train
786,252,4,train
495,277,4,train
53,363,3,train
515,592,5,train
386,441,3,train
789,480,5,train
571,73,5,train
827,30,4,train
72,320,4,train
959,272,5,train
816,358,3,train
22,31,5,train
413,357,5,train
207,440,4,train
16,36,4,train
254,240,4,train
281,112,5,train
243,225,4,train
326,296,2,train
8,73,5,train
729,271,5,train
409,196,5,train
161,308,5,train
704,517,5,train
267,428,3,train
653,523,5,train
580,318,5,train
314,444,3,train
5,109,3,train
805,10,5,train
210,421,5,train
893,36,2,train
328,475,4,train
473,429,2,train
61,126,5,train
89,80,5,train
512,441,5,train
379,293,3,train
446,490,5,train
768,117,3,train
824,237,4,train
522,112,5,train
695,298,5,train
838,536,5,train
750,108,3,train
267,464,3,train
721,386,5,train
824,254,4,train
755,61,4,train
677,106,5,train
107,561,2,train
27,103,5,train
816,145,5,train
598,268,3,train
204,429,4,train
558,18,5,train
687,406,5,train
191,49,4,train
592,436,5,train
400,358,5,train
995,410,4,train
491,201,5,train
234,279,5,train
387,124,5,train
299,475,4,train
811,194,5,train
189,100,5,train
749,141,5,train
656,309,2,train
681,184,5,train
544,146,2,train
711,279,4,train
134,241,5,train
163,431,5,train
516,233,5,train
791,548,4,train
116,579,4,train
723,474,4,train
407,87,3,train
328,464,4,train
813,84,4,train
207,330,3,train
103,90,3,train
45,429,2,train
698,211,4,train
716,9,4,train
532,153,5,train
807,301,3,train
682,525,5,train
778,202,3,train
209,520,4,train
895,294,4,train
717,239,3,train
520,82,4,train
125,567,4,train
634,504,5,train
459,419,4,train
501,450,5,train
175,359,3,train
166,504,5,train
10,174,3,train
879,159,4,train
895,194,5,train
923,233,3,train
69,277,4,train
36,206,3,train
259,83,4,train
967,535,5,train
157,336,4,train
497,62,5,train
689,361,2,train
957,92,5,train
364,289,5,train
0,562,5,train
941,129,5,train
936,305,5,train
569,561,2,train
896,170,5,train
644,522,5,train
339,84,3,train
481,499,5,train
308,181,5,train
963,245,5,train
624,56,5,train
716,556,3,train
926,575,4,train
729,279,5,train
725,375,4,train
626,16,5,train
404,198,5,train
777,138,3,train
480,367,5,train
938,429,4,train
587,450,4,train
505,404,5,train
196,270,4,train
970,457,3,train
980,308,5,train
498,347,5,train
93,107,4,train
175,2,5,train
437,312,5,train
77,13,3,train
714,487,3,train
650,532,3,train
751,518,5,train
883,349,3,train
470,429,4,train
446,463,4,train
25,234,5,train
939,464,5,train
407,370,5,train
784,580,4,train
484,202,4,train
826,106,5,train
604,302,5,train
907,548,4,train
407,193,3,train
11,334,5,train
166,411,3,train
387,407,4,train
713,88,5,train
362,103,5,train
323,9,3,train
704,338,3,train
73,556,2,train
485,392,3,train
682,407,5,train
217,4,3,train
650,102,3,train
811,57,5,train
403,365,4,train
177,401,4,train
952,520,5,train
439,293,3,train
438,506,4,train
451,361,5,train
686,230,4,train
496,275,4,train
947,429,3,train
834,30,5,train
241,361,4,train
941,438,5,train
92,211,5,train
782,309,2,train
375,26,3,train
16,368,3,train
17,134,3,train
347,183,4,train
144,553,5,train
384,196,5,train
940,485,5,train
387,38,3,train
419,201,5,train
771,134,4,train
569,574,4,train
232,471,4,train
446,206,4,train
17,596,3,train
72,142,3,train
161,474,3,train
654,342,3,train
815,269,4,train
24,239,3,train
629,7,5,train
113,306,4,train
188,159,4,train
291,47,3,train
765,322,4,train
416,549,4,train
623,225,4,train
896,573,5,train
790,424,2,train
210,293,5,train
421,512,4,train
587,186,2,train
829,196,3,train
526,202,4,train
151,183,4,train
19,571,5,train
749,3,4,train
952,30,3,train
60,464,3,train
667,474,5,train
869,168,2,train
62,180,3,train
757,120,4,train
239,580,3,train
755,88,4,train
850,428,4,train
353,162,5,train
209,293,3,train
111,450,5,train
380,135,4,train
93,22,5,train
742,349,5,train
181,128,4,train
100,20,4,train
342,461,4,train
648,296,3,train
539,448,5,train
711,572,4,train
351,354,3,train
708,582,3,train
582,240,3,train
861,371,3,train
214,222,5,train
115,194,5,train
302,358,5,train
391,496,5,train
338,543,3,train
650,244,3,train
643,396,5,train
959,143,5,train
951,0,3,train
569,519,4,train
165,26,4,train
224,580,4,train
89,592,4,train
729,340,5,train
935,427,5,train
531,473,4,train
691,561,3,train
6,587,4,train
528,165,3,train
971,161,5,train
953,312,2,train
785,561,5,train
538,97,5,train
422,295,4,train
157,175,4,train
755,495,5,train
720,406,4,train
508,123,5,train
491,196,5,train
553,297,4,train
777,502,5,train
617,267,4,train
904,340,3,train
755,370,5,train
70,153,5,train
142,176,5,train
283,542,4,train
51,429,3,train
920,87,3,train
799,338,3,train
836,9,4,train
72,168,3,train
333,405,4,train
859,104,5,train
241,78,4,train
158,312,3,train
495,416,5,train
461,191,4,train
609,514,4,train
682,321,4,train
169,153,5,train
32,496,3,train
180,436,5,train
113,22,5,train
150,196,5,train
501,141,5,train
438,146,5,train
445,588,4,train
939,458,5,train
224,354,5,train
910,532,4,train
282,560,4,train
489,498,5,train
221,561,4,train
994,350,4,train
340,46,2,train
347,330,4,train
239,78,3,train
997,148,5,train
766,232,5,train
331,26,5,train
807,410,5,train
672,26,5,train
923,588,3,train
30,429,3,train
650,30,5,train
635,361,3,train
348,372,5,train
402,576,4,train
649,487,4,train
631,349,5,train
696,208,5,train
911,399,5,train
395,337,3,train
117,26,4,train
447,361,4,train
22,504,5,train
432,190,3,train
901,578,5,train
578,100,5,train
755,562,5,train
163,544,5,train
228,376,2,train
571,474,5,train
832,229,5,train
516,496,5,train
157,138,4,train
722,429,3,train
900,77,4,train
197,390,4,train
876,26,5,train
851,225,4,train
254,349,5,train
391,370,4,train
736,20,5,train
748,247,5,train
577,196,5,train
957,301,5,train
166,194,5,train
656,29,5,train
958,76,4,train
494,279,5,train
852,546,5,train
718,386,5,train
194,155,5,train
678,264,3,train
546,347,5,train
779,18,3,train
263,576,4,train
544,261,4,train
972,441,4,train
274,245,4,train
716,192,4,train
682,192,5,train
697,288,5,train
655,40,3,train
64,504,4,train
223,7,5,train
160,592,4,train
120,126,3,train
766,106,5,train
741,340,2,train
248,296,3,train
695,290,3,train
918,219,2,train
864,288,4,train
200,496,5,train
232,296,3,train
392,168,4,train
468,254,3,train
1,159,2,train
112,397,2,train
750,356,3,train
53,365,4,train
134,160,5,train
429,217,3,train
439,358,5,train
504,376,4,train
328,548,4,train
420,532,2,train
761,595,5,train
245,330,5,train
819,103,4,train
824,453,2,train
571,115,4,train
766,376,4,train
136,81,5,train
735,272,4,train
799,523,5,train
659,94,3,train
336,18,5,train
548,475,5,train
606,549,2,train
768,258,4,train
413,100,4,train
303,168,3,train
874,546,5,train
273,284,4,train
406,526,5,train
785,117,3,train
761,585,3,train
744,383,5,train
459,302,3,train
892,440,4,train
152,368,2,train
336,264,5,train
405,160,4,train
768,347,3,train
340,340,2,train
587,509,5,train
467,213,5,train
413,143,5,train
343,195,5,train
745,576,5,train
913,535,5,train
459,588,5,train
833,498,3,train
463,392,5,train
797,4,4,train
789,168,4,train
328,502,3,train
526,105,5,train
759,208,5,train
710,131,3,train
563,345,5,train
599,104,5,train
580,92,5,train
312,527,5,train
736,123,5,train
484,168,4,train
831,557,3,train
392,192,3,train
486,11,5,train
813,538,4,train
774,428,5,train
449,255,4,train
797,429,3,train
930,503,5,train
66,277,1,train
320,239,2,train
472,80,5,train
701,119,5,train
886,179,4,train
867,575,3,train
850,525,5,train
438,429,3,train
435,30,5,train
0,504,5,train
200,385,3,train
583,560,5,train
210,247,5,train
740,87,4,train
968,479,5,train
211,576,3,train
578,279,5,train
695,262,5,train
350,460,4,train
340,356,5,train
664,566,3,train
275,30,5,train
757,395,4,train
844,176,5,train
469,277,4,train
829,256,5,train
840,180,5,train
838,129,5,train
488,557,3,train
25,121,5,train
461,589,4,train
495,194,3,train
904,541,4,train
471,535,5,train
404,261,5,train
382,196,5,train
510,110,4,train
175,453,5,train
28,93,4,train
471,434,4,train
927,460,5,train
740,123,4,train
130,279,5,train
662,301,4,train
796,549,2,train
255,22,5,train
430,206,3,train
696,20,5,train
686,110,3,train
659,575,2,train
352,259,5,train
880,518,4,train
520,541,4,train
178,455,5,train
423,162,5,train
16,172,5,train
875,151,5,train
519,361,4,train
276,334,5,train
714,133,5,train
977,305,5,train
88,240,4,train
800,296,5,train
574,264,5,train
904,594,3,train
744,153,5,train
970,574,5,train
854,440,4,train
578,275,4,train
659,407,3,train
411,78,4,train
118,100,5,train
569,143,4,train
722,202,3,train
103,74,2,train
206,171,5,train
341,592,4,train
649,525,4,train
707,240,3,train
99,460,5,train
829,83,3,train
961,380,4,train
886,504,5,train
518,41,4,train
522,390,5,train
383,196,5,train
10,396,2,train
392,484,3,train
249,382,5,train
777,98,3,train
198,504,5,train
492,588,5,train
682,15,5,train
382,9,2,train
767,16,5,train
285,450,5,train
638,480,5,train
425,160,5,train
826,12,5,train
752,4,5,train
383,14,2,train
519,549,5,train
658,128,4,train
551,172,3,train
330,336,4,train
857,153,5,train
437,445,2,train
785,53,4,train
88,356,3,train
640,16,5,train
311,41,4,train
62,581,5,train
220,524,5,train
572,12,5,train
387,574,5,train
361,202,5,train
201,546,4,train
251,236,2,train
259,120,5,train
755,230,5,train
220,155,4,train
813,410,3,train
766,336,5,train
762,504,5,train
663,592,3,train
41,596,4,train
148,354,3,train
785,85,5,train
273,191,4,train
710,570,5,train
373,124,5,train
763,34,5,train
977,429,3,train
423,49,5,train
314,361,3,train
180,450,3,train
741,279,5,train
578,595,5,train
882,102,5,train
498,593,3,train
505,4,4,train
773,450,5,train
959,240,5,train
810,170,5,train
978,569,4,train
765,404,4,train
240,185,3,train
716,261,2,train
993,479,4,train
904,410,4,train
102,300,3,train
417,555,5,train
470,330,5,train
211,396,4,train
816,300,2,train
975,261,4,train
417,221,4,train
194,106,5,train
611,4,5,train
839,344,4,train
721,284,2,train
105,268,5,train
740,224,4,train
390,55,4,train
309,519,5,train
471,543,5,train
29,588,5,train
513,594,4,train
313,94,5,train
125,591,5,train
782,506,4,train
686,363,4,train
904,264,2,train
731,29,5,train
191,202,4,train
755,582,3,train
344,208,4,train
358,252,3,train
145,110,3,train
498,234,3,train
600,290,4,train
525,450,3,train
187,202,4,train
668,302,4,train
398,194,5,train
843,142,4,train
525,118,5,train
202,556,4,train
8,151,3,train
737,240,5,train
916,190,4,train
205,121,5,train
569,589,4,train
606,332,3,train
196,240,5,train
148,89,5,train
790,173,5,train
77,225,5,train
605,123,5,train
779,9,2,train
55,323,4,train
251,121,2,train
784,222,4,train
796,592,5,train
87,499,5,train
379,444,4,train
843,164,3,train
970,445,4,train
470,175,3,train
7,371,2,train
426,596,4,train
448,354,3,train
487,396,1,train
411,194,5,train
128,190,4,train
216,191,4,train
505,75,5,train
446,583,5,train
8,473,5,train
749,594,2,train
828,16,5,train
998,196,5,train
421,329,5,train
829,442,4,train
468,290,5,train
345,450,5,train
492,562,5,train
904,574,4,train
509,129,4,train
350,517,5,train
13,532,5,train
863,31,2,train
341,456,5,train
283,409,4,train
757,47,4,train
816,51,5,train
757,359,3,train
937,473,3,train
897,518,4,train
879,363,4,train
728,134,3,train
220,162,5,train
784,30,5,train
175,146,5,train
533,396,4,train
335,53,4,train
860,582,3,train
276,593,5,train
175,456,5,train
933,142,4,train
253,100,5,train
813,544,4,train
926,337,5,train
927,448,5,train
719,429,3,train
416,565,4,train
246,146,3,train
682,486,2,train
401,264,4,train
585,202,2,train
578,458,5,train
946,262,5,train
158,449,5,train
293,574,4,train
590,191,5,train
490,9,4,train
568,244,5,train
186,80,2,train
583,42,2,train
895,377,5,train
389,121,4,train
623,591,5,train
57,105,4,train
513,217,3,train
761,14,5,train
655,375,4,train
544,321,5,train
939,450,5,train
755,279,3,train
22,264,4,train
420,211,5,train
119,179,5,train
205,151,3,train
721,421,5,train
601,555,3,train
617,573,4,train
952,504,2,train
652,412,5,train
361,458,4,train
879,11,4,train
291,446,5,train
232,9,4,train
66,273,4,train
418,517,5,train
65,537,5,train
218,564,4,train
895,527,2,train
769,593,4,train
828,112,5,train
161,406,4,train
544,309,5,train
971,560,5,train
695,257,5,train
156,556,3,train
45,570,3,train
985,94,4,train
220,90,4,train
448,445,5,train
47,368,5,train
370,361,4,train
492,84,5,train
446,37,5,train
982,524,2,train
779,464,3,train
565,271,4,train
5,495,3,train
947,582,4,train
414,466,3,train
532,266,2,train
752,116,5,train
103,123,5,train
727,404,5,train
9,330,5,train
762,429,2,train
961,144,5,train
935,261,5,train
799,396,5,train
714,254,2,train
187,88,5,train
985,240,4,train
175,504,4,train
568,162,5,train
28,244,5,train
836,524,4,train
133,194,4,train
662,504,4,train
76,359,4,train
210,556,3,train
543,190,4,train
252,347,3,train
802,463,5,train
176,484,3,train
321,570,5,train
195,356,5,train
125,348,4,train
585,556,4,train
580,151,5,train
927,168,5,train
829,507,4,train
680,285,4,train
707,116,4,train
373,442,5,train
854,595,5,train
797,65,3,train
306,121,5,train
515,514,5,train
456,517,4,train
898,334,3,train
889,495,2,train
875,380,4,train
483,549,5,train
276,399,4,train
615,592,5,train
569,167,2,train
596,444,4,train
224,541,4,train
839,572,3,train
613,403,4,train
389,396,3,train
422,168,5,train
428,119,4,train
231,82,5,train
857,424,4,train
471,510,4,train
775,295,2,train
219,22,5,train
81,239,3,train
729,559,4,train
477,375,3,train
301,504,5,train
341,31,4,train
525,367,5,train
749,496,5,train
471,506,5,train
91,594,5,train
6,108,3,train
191,43,4,train
427,420,5,train
68,427,5,train
225,19,3,train
120,106,5,train
336,258,3,train
809,436,3,train
888,22,5,train
103,288,5,train
598,411,3,train
775,82,5,train
197,580,5,train
51,154,5,train
256,295,3,train
842,17,5,train
974,410,5,train
482,16,5,train
209,595,5,train
695,218,3,train
350,586,5,train
630,337,5,train
192,469,4,train
22,594,5,train
712,463,5,train
115,558,5,train
550,360,5,train
549,330,3,train
345,280,5,train
298,444,3,train
770,321,4,train
853,100,5,train
900,231,5,train
587,283,5,train
621,254,4,train
387,594,4,train
352,162,5,train
787,61,4,train
308,333,5,train
676,25,2,train
386,399,4,train
999,516,5,train
158,244,4,train
741,89,5,train
10,277,3,train
486,429,3,train
125,553,3,train
215,190,4,train
182,185,5,train
605,18,5,train
407,572,5,train
534,23,5,train
742,178,4,train
961,524,5,train
420,30,5,train
733,344,5,train
63,82,4,train
747,254,5,train
320,210,4,train
606,548,2,train
809,167,2,train
853,320,4,train
926,19,4,train
391,178,3,train
47,498,4,train
299,288,5,train
131,159,3,train
182,129,5,train
686,112,4,train
672,266,5,train
922,399,4,train
780,43,4,train
727,317,2,train
496,45,2,train
548,320,5,train
706,347,5,train
161,299,4,train
781,356,4,train
691,121,4,train
58,330,4,train
23,45,5,train
492,285,3,train
740,80,3,train
267,546,4,train
445,556,2,train
822,512,5,train
599,110,5,train
179,570,5,train
821,36,2,train
19,110,4,train
834,262,5,train
665,131,5,train
750,202,3,train
531,594,4,train
722,264,4,train
864,37,5,train
558,585,5,train
707,168,5,train
339,429,3,train
926,273,4,train
365,525,5,train
177,287,4,train
641,344,5,train
621,450,5,train
401,572,4,train
361,574,5,train
477,141,4,train
781,574,3,train
848,41,4,train
935,19,4,train
752,312,2,train
444,178,3,train
797,411,4,train
580,161,5,train
407,364,4,train
895,596,4,train
797,131,3,train
529,543,3,train
563,389,3,train
421,393,4,train
688,430,3,train
792,27,2,train
421,476,5,train
967,571,5,train
706,196,5,train
671,429,3,train
548,382,5,train
877,29,5,train
8,309,5,train
814,543,4,train
177,310,3,train
166,484,4,train
898,8,4,train
728,398,5,train
271,305,5,train
735,583,5,train
697,271,3,train
770,323,2,train
847,168,2,train
551,538,5,train
890,0,5,train
548,4,5,train
188,176,4,train
6,590,5,train
926,96,3,train
821,555,3,train
511,280,4,train
355,153,4,train
728,594,4,train
506,30,5,train
940,404,4,train
934,134,4,train
905,335,5,train
516,504,4,train
692,549,5,train
313,351,4,train
940,26,5,train
413,80,3,train
264,475,4,train
602,320,3,train
978,269,5,train
766,47,3,train
269,176,5,train
17,395,1,train
223,518,4,train
543,525,1,train
554,530,2,train
655,594,4,train
428,469,4,train
770,211,5,train
103,523,5,train
904,386,5,train
153,103,3,train
43,464,4,train
966,138,3,train
177,588,5,train
537,340,3,train
829,550,5,train
623,216,5,train
775,507,5,train
162,580,5,train
936,219,5,train
569,557,5,train
1,276,5,train
528,173,3,train
434,525,5,train
67,594,4,train
325,24,4,train
569,233,3,train
777,217,5,train
755,262,5,train
835,126,5,train
368,380,3,train
722,281,4,train
511,490,5,train
409,338,4,train
951,583,5,train
692,370,4,train
78,525,3,train
113,407,5,train
926,526,5,train
684,53,5,train
68,93,4,train
341,361,4,train
418,465,5,train
103,88,3,train
409,293,3,train
558,167,2,train
364,245,5,train
15,436,5,train
283,476,4,train
956,596,2,train
69,429,2,train
488,323,3,train
965,8,4,train
283,263,4,train
492,110,5,train
0,135,5,train
539,172,4,train
433,41,5,train
755,58,3,train
444,553,3,train
660,187,3,train
921,228,4,train
182,68,3,train
230,330,2,train
215,572,5,train
514,302,4,train
199,563,3,train
30,395,5,train
34,238,3,train
61,429,3,train
568,83,5,train
654,133,4,train
426,503,3,train
787,457,5,train
550,138,3,train
573,203,5,train
729,330,4,train
291,232,5,train
21,436,5,train
241,396,2,train
350,323,5,train
146,240,4,train
41,85,4,train
340,594,5,train
678,329,5,train
269,594,5,train
217,43,4,train
156,10,5,train
150,176,5,train
475,354,5,train
43,556,5,train
662,523,5,train
882,407,5,train
225,502,4,train
41,119,5,train
285,168,3,train
667,341,3,train
615,293,4,train
637,377,4,train
873,171,4,train
811,337,4,train
890,41,5,train
624,523,4,train
16,331,5,train
981,134,4,train
926,546,4,train
641,188,2,train
847,245,3,train
721,298,4,train
781,392,4,train
62,365,4,train
326,427,3,train
614,115,3,train
766,488,5,train
147,357,3,train
739,137,3,train
17,82,3,train
88,199,4,train
780,17,3,train
648,365,1,train
474,431,4,train
717,562,5,train
999,571,3,train
52,593,4,train
873,336,4,train
215,102,3,train
595,467,3,train
228,385,5,train
402,399,4,train
912,399,4,train
392,523,5,train
562,523,5,train
257,499,4,train
380,7,5,train
198,124,5,train
812,320,3,train
867,556,3,train
351,573,4,train
702,145,4,train
952,543,3,train
925,354,3,train
504,421,5,train
255,134,4,train
982,115,3,train
67,570,4,train
2,360,4,train
572,450,5,train
733,168,4,train
857,53,4,train
839,236,4,train
109,344,5,train
880,465,5,train
489,124,5,train
781,493,5,train
574,440,3,train
786,463,5,train
157,397,5,train
292,89,5,train
841,264,3,train
51,196,5,train
513,469,2,train
361,428,4,train
1,88,5,train
850,418,5,train
968,361,5,train
489,424,5,train
927,330,4,train
851,317,4,train
987,538,5,train
590,153,4,train
61,168,4,train
50,334,5,train
572,196,5,train
762,262,5,train
276,440,5,train
252,256,4,train
449,321,3,train
273,444,4,train
114,504,5,train
717,30,5,train
883,421,5,train
432,504,4,train
648,471,3,train
278,49,5,train
302,410,5,train
702,206,3,train
768,12,5,train
505,336,4,train
833,277,4,train
786,31,5,train
160,484,5,train
251,360,5,train
851,480,5,train
361,495,5,train
717,309,5,train
728,31,4,train
69,207,4,train
525,240,4,train
568,553,5,train
373,26,5,train
800,271,5,train
798,400,5,train
80,55,3,train
205,211,5,train
695,561,4,train
959,359,3,train
341,120,5,train
558,420,5,train
276,496,4,train
743,83,3,train
1,358,4,train
145,436,5,train
347,27,4,train
428,58,4,train
320,396,3,train
904,90,3,train
799,390,4,train
96,229,5,train
88,561,4,train
1,460,4,train
320,392,4,train
72,383,4,train
785,27,5,train
39,42,5,train
888,576,5,train
25,450,5,train
50,549,2,train
149,356,2,train
812,261,2,train
935,88,4,train
830,562,5,train
820,103,4,train
785,546,5,train
188,550,5,train
276,134,5,train
80,84,3,train
700,74,3,train
568,589,3,train
526,537,4,train
41,202,4,train
102,596,4,train
780,390,4,train
138,104,4,train
249,65,5,train
829,202,4,train
743,81,5,train
350,152,5,train
349,120,4,train
539,556,2,train
767,234,4,train
389,524,5,train
926,261,5,train
732,26,3,train
766,236,4,train
973,159,3,train
361,572,5,train
366,171,5,train
389,370,4,train
848,572,5,train
424,277,5,train
159,259,3,train
840,293,4,train
972,350,2,train
2,505,3,train
678,560,5,train
636,252,3,train
57,168,3,train
178,348,4,train
419,429,3,train
440,512,2,train
187,240,5,train
343,104,5,train
78,122,4,train
778,108,4,train
445,330,4,train
477,281,2,train
697,421,4,train
663,428,5,train
732,29,4,train
150,340,5,train
736,591,3,train
525,219,4,train
127,194,4,train
956,257,4,train
241,563,4,train
551,322,5,train
808,112,5,train
989,25,5,train
350,595,4,train
761,450,5,train
475,382,5,train
174,149,3,train
722,23,4,train
163,247,3,train
58,36,4,train
515,541,4,train
752,471,5,train
320,29,4,train
525,330,3,train
311,580,2,train
626,361,2,train
899,88,5,train
896,371,3,train
464,424,5,train
292,396,4,train
353,122,4,train
75,479,4,train
887,160,5,train
774,134,4,train
418,88,4,train
649,337,5,train
283,233,4,train
682,231,5,train
435,429,3,train
813,471,3,train
968,10,5,train
569,260,5,train
523,12,3,train
702,176,4,train
432,227,5,train
650,463,5,train
989,222,4,train
382,340,5,train
349,261,4,train
518,293,3,train
373,168,4,train
93,321,3,train
495,574,4,train
733,490,3,train
625,150,5,train
696,457,4,train
177,151,3,train
981,247,4,train
854,368,5,train
709,363,3,train
780,504,4,train
782,342,4,train
327,80,4,train
484,396,3,train
8,88,4,train
465,524,5,train
175,88,5,train
191,474,4,train
630,320,4,train
732,570,5,train
833,583,5,train
858,337,4,train
243,5,4,train
272,31,5,train
614,594,3,train
356,191,4,train
505,471,3,train
959,323,3,train
741,158,4,train
659,20,3,train
132,168,3,train
351,30,5,train
297,555,3,train
734,317,2,train
81,66,5,train
379,565,5,train
342,78,5,train
932,206,4,train
354,354,5,train
904,489,4,train
177,465,5,train
507,131,5,train
959,502,3,train
178,556,3,train
126,524,5,train
255,508,5,train
201,432,4,train
211,261,4,train
34,380,3,train
942,387,5,train
658,361,4,train
339,76,5,train
426,234,5,train
681,416,5,train
549,240,3,train
514,496,4,train
279,20,5,train
781,548,5,train
104,176,5,train
547,554,3,train
923,309,3,train
931,438,5,train
895,101,4,train
198,445,5,train
515,293,4,train
267,53,3,train
837,236,4,train
904,363,4,train
121,108,4,train
18,20,5,train
713,335,2,train
479,502,4,train
329,225,5,train
636,168,3,train
601,288,4,train
520,437,5,train
582,76,5,train
936,76,3,train
454,583,5,train
36,123,5,train
392,363,3,train
37,148,5,train
954,112,5,train
609,480,5,train
983,36,5,train
427,411,4,train
291,593,5,train
16,354,5,train
87,140,5,train
103,65,5,train
54,504,5,train
671,421,5,train
445,166,3,train
970,585,4,train
863,440,5,train
563,350,2,train
49,280,5,train
361,456,5,train
959,449,3,train
237,124,5,train
862,595,4,train
177,324,4,train
833,402,4,train
17,117,3,train
94,84,5,train
330,262,5,train
431,234,5,train
617,546,3,train
754,399,3,train
365,273,5,train
704,324,3,train
799,334,5,train
447,458,3,train
788,354,3,train
467,110,5,train
444,429,3,train
299,506,2,train
386,466,4,train
533,148,4,train
391,187,4,train
114,574,5,train
974,436,4,train
53,395,5,train
229,80,4,train
162,574,5,train
187,94,5,train
654,484,5,train
645,168,4,train
224,116,5,train
46,588,5,train
782,115,4,train
860,340,5,train
239,104,5,train
0,363,3,train
676,368,3,train
489,52,4,train
270,98,4,train
114,194,5,train
774,154,5,train
521,503,5,train
226,102,3,train
267,239,2,train
800,266,4,train
1,406,3,train
334,302,4,train
672,41,5,train
320,440,4,train
525,167,4,train
491,566,5,train
208,181,5,train
246,557,5,train
462,332,5,train
67,458,3,train
716,296,4,train
125,475,5,train
428,488,4,train
766,110,4,train
968,293,4,train
956,181,4,train
49,160,5,train
580,576,3,train
639,550,4,train
496,277,2,train
801,357,4,train
228,559,5,train
107,110,3,train
506,49,5,train
471,350,4,train
64,330,5,train
478,100,4,train
398,427,4,train
359,53,4,train
267,401,5,train
413,8,4,train
115,312,5,train
188,425,5,train
22,372,5,train
794,298,5,train
318,202,5,train
332,323,3,train
970,477,5,train
418,110,2,train
120,518,4,train
283,239,2,train
120,119,5,train
577,427,4,train
198,358,5,train
147,211,5,train
504,76,5,train
577,340,5,train
78,596,3,train
945,288,5,train
518,573,4,train
17,356,3,train
392,489,4,train
243,111,2,train
858,588,5,train
686,576,4,train
821,52,3,train
716,76,5,train
949,407,5,train
940,100,3,train
673,564,4,train
733,47,4,train
834,504,5,train
672,31,5,train
910,593,5,train
650,156,5,train
252,525,5,train
388,167,3,train
965,92,3,train
888,264,2,train
221,124,5,train
623,239,4,train
78,317,4,train
952,495,4,train
350,336,4,train
828,172,2,train
603,428,5,train
713,240,5,train
291,561,4,train
648,501,4,train
863,556,2,train
96,288,2,train
780,53,3,train
590,200,5,train
751,194,5,train
481,424,5,train
152,583,5,train
533,582,5,train
896,454,2,train
672,495,4,train
883,30,4,train
870,100,5,train
469,82,4,train
334,78,4,train
952,131,3,train
653,340,4,train
464,576,3,train
226,124,4,train
349,323,4,train
682,429,3,train
103,124,4,train
976,249,2,train
617,596,4,train
780,465,5,train
410,516,3,train
49,381,4,train
66,180,3,train
645,29,5,train
422,297,4,train
72,324,3,train
558,295,5,train
939,153,5,train
17,293,3,train
5,95,3,train
547,576,2,train
379,447,4,train
802,372,5,train
549,594,5,train
879,463,4,train
784,330,4,train
22,580,4,train
722,20,5,train
547,45,3,train
921,468,3,train
525,596,4,train
144,0,3,train
327,495,3,train
623,335,3,train
196,304,5,train
470,170,5,train
186,277,4,train
866,474,4,train
521,172,4,train
573,332,4,train
178,558,5,train
246,177,3,train
392,37,4,train
219,106,5,train
517,296,4,train
228,16,4,train
605,596,4,train
341,517,5,train
527,474,2,train
20,80,4,train
861,219,5,train
582,242,4,train
504,162,5,train
427,371,5,train
364,463,5,train
719,29,4,train
614,124,5,train
654,354,5,train
587,570,5,train
717,484,4,train
693,589,5,train
854,190,5,train
64,340,4,train
813,178,5,train
793,465,5,train
580,546,5,train
926,323,3,train
599,411,4,train
76,91,2,train
896,45,4,train
748,120,4,train
448,31,5,train
907,524,5,train
952,120,3,train
281,120,4,train
198,290,5,train
1,49,2,train
857,496,4,train
154,440,3,train
546,547,5,train
165,396,3,train
258,236,5,train
81,328,4,train
921,287,3,train
716,555,5,train
215,503,5,train
967,383,5,train
717,279,2,train
151,445,5,train
904,524,5,train
937,100,5,train
305,188,5,train
906,188,5,train
440,372,4,train
157,146,4,train
533,11,5,train
447,234,5,train
845,474,5,train
704,429,3,train
65,465,4,train
342,126,4,train
294,261,5,train
824,36,2,train
952,317,4,train
709,155,4,train
889,458,3,train
161,146,5,train
674,368,5,train
692,361,3,train
761,188,3,train
204,356,4,train
729,514,4,train
634,543,3,train
484,277,2,train
428,561,4,train
666,495,3,train
255,196,5,train
525,564,4,train
404,388,5,train
71,208,5,train
666,83,4,train
572,532,5,train
654,320,5,train
10,518,2,train
444,31,5,train
672,581,5,train
76,110,3,train
282,437,4,train
839,271,4,train
373,470,3,train
862,458,5,train
854,378,5,train
650,85,5,train
658,332,4,train
1,585,3,train
652,338,5,train
970,240,5,train
15,585,5,train
45,236,4,train
712,354,5,train
23,121,4,train
392,146,3,train
960,189,4,train
706,86,5,train
35,162,5,train
537,176,5,train
846,218,4,train
833,208,2,train
121,395,5,train
477,353,4,train
335,236,3,train
16,115,3,train
750,199,3,train
398,222,4,train
797,356,3,train
712,317,3,train
797,463,4,train
983,450,5,train
423,429,4,train
231,168,4,train
780,2,5,train
779,569,2,train
714,152,3,train
14,103,5,train
905,168,5,train
588,595,3,train
712,440,3,train
492,480,4,train
516,96,5,train
764,87,3,train
542,239,3,train
829,559,3,train
119,129,5,train
172,62,5,train
135,330,5,train
768,381,5,train
51,231,5,train
327,162,5,train
446,440,4,train
516,46,4,train
296,160,3,train
786,504,5,train
926,216,3,train
888,390,2,train
90,8,3,train
405,453,3,train
810,523,5,train
189,139,4,train
103,358,3,train
160,580,4,train
43,255,4,train
239,396,4,train
629,197,4,train
832,506,4,train
499,281,4,train
32,238,5,train
399,337,5,train
649,237,3,train
780,182,5,train
504,524,5,train
974,473,5,train
340,42,3,train
50,174,3,train
725,556,4,train
558,102,5,train
27,475,5,train
495,502,5,train
63,440,2,train
43,88,5,train
219,120,3,train
91,126,3,train
779,146,3,train
655,121,4,train
289,436,5,train
103,455,3,train
290,31,5,train
403,504,4,train
151,123,5,train
516,599,4,train
838,429,3,train
398,100,5,train
356,270,3,train
652,151,5,train
722,123,5,train
194,115,4,train
398,294,5,train
779,171,2,train
670,507,3,train
417,222,3,train
471,577,5,train
889,487,4,train
974,553,5,train
426,121,4,train
570,503,5,train
736,473,3,train
440,504,5,train
780,360,5,train
763,3,5,train
934,396,3,train
252,296,3,train
568,6,5,train
162,38,5,train
896,184,3,train
901,94,3,train
916,202,4,train
126,552,5,train
768,475,5,train
895,31,5,train
391,168,4,train
634,488,4,train
473,279,2,train
649,42,4,train
852,429,5,train
568,87,3,train
734,396,4,train
898,131,5,train
43,244,5,train
316,409,5,train
560,598,4,train
663,334,3,train
320,92,5,train
759,380,4,train
311,102,5,train
657,15,4,train
840,588,5,train
587,296,5,train
996,281,4,train
982,460,5,train
238,410,4,train
904,376,5,train
20,298,5,train
989,576,3,train
662,153,5,train
890,46,1,train
93,5,2,train
65,277,3,train
587,108,4,train
525,271,5,train
934,469,4,train
992,301,5,train
477,265,5,train
483,503,4,train
813,361,3,train
968,360,5,train
718,174,5,train
215,104,3,train
697,570,4,train
375,49,5,train
565,517,5,train
307,82,5,train
761,383,5,train
325,219,5,train
431,180,3,train
950,277,5,train
888,20,3,train
564,10,4,train
448,484,4,train
950,407,3,train
282,71,4,train
196,321,5,train
29,91,5,train
411,323,5,train
411,31,5,train
277,524,5,train
533,473,5,train
653,596,5,train
799,129,4,train
69,456,5,train
163,557,5,train
926,304,5,train
283,100,3,train
133,594,5,train
407,115,3,train
897,504,5,train
802,131,5,train
203,450,4,train
876,174,4,train
975,549,4,train
786,49,5,train
72,30,5,train
238,269,5,train
237,156,5,train
931,487,5,train
820,202,4,train
979,424,5,train
86,46,3,train
178,524,5,train
162,281,5,train
335,81,3,train
92,29,4,train
623,376,2,train
816,336,5,train
901,153,5,train
126,4,5,train
623,354,5,train
557,42,5,train
770,133,5,train
959,429,4,train
225,104,5,train
632,325,5,train
968,73,5,train
90,280,5,train
642,330,5,train
764,129,1,train
409,337,5,train
155,42,4,train
653,319,5,train
273,309,3,train
935,570,5,train
659,531,4,train
491,576,4,train
781,440,5,train
341,240,5,train
292,391,2,train
844,368,5,train
360,82,4,train
515,420,3,train
175,226,4,train
508,100,4,train
350,160,4,train
766,525,5,train
335,270,5,train
763,546,5,train
635,471,4,train
826,92,5,train
488,388,5,train
697,40,3,train
654,20,5,train
459,293,4,train
879,76,4,train
775,549,5,train
772,429,5,train
191,165,5,train
358,338,3,train
892,579,3,train
377,169,5,train
729,251,3,train
176,185,3,train
655,356,4,train
693,4,5,train
186,296,4,train
866,594,4,train
396,574,5,train
999,579,4,train
72,424,5,train
181,5,4,train
429,244,5,train
618,254,5,train
727,11,5,train
521,73,5,train
997,236,4,train
157,427,3,train
791,245,5,train
979,304,4,train
734,494,5,train
849,480,4,train
298,62,4,train
582,146,3,train
437,87,2,train
137,525,5,train
118,368,4,train
935,543,4,train
847,82,5,train
879,541,5,train
198,156,5,train
661,392,3,train
781,206,5,train
904,305,2,train
952,134,4,train
215,94,5,train
849,277,4,train
424,5,4,train
694,571,4,train
60,572,4,train
286,368,5,train
726,524,5,train
888,46,4,train
775,592,4,train
729,582,5,train
498,287,5,train
962,570,5,train
336,202,3,train
515,450,5,train
276,15,5,train
255,263,5,train
702,336,5,train
273,6,5,train
350,124,5,train
9,119,3,train
800,190,5,train
566,370,4,train
475,14,5,train
20,588,4,train
836,179,3,train
244,112,5,train
571,1,4,train
266,321,4,train
61,475,5,train
803,525,4,train
217,277,3,train
392,563,3,train
285,114,5,train
374,334,3,train
52,293,4,train
437,166,3,train
544,535,3,train
649,547,4,train
57,117,3,train
267,234,4,train
827,270,4,train
653,46,4,train
615,202,4,train
504,465,3,train
174,78,5,train
326,475,5,train
162,123,5,train
559,495,5,train
65,168,4,train
369,175,4,train
978,173,5,train
825,363,3,train
390,564,3,train
796,280,4,train
292,92,3,train
721,427,3,train
866,134,4,train
880,342,4,train
952,394,4,train
277,284,4,train
899,487,4,train
549,444,4,train
584,6,5,train
358,176,5,train
10,230,2,train
572,116,5,train
201,229,5,train
786,146,4,train
256,562,4,train
763,467,5,train
736,30,5,train
898,463,4,train
600,395,3,train
149,104,3,train
161,156,5,train
802,188,3,train
994,480,5,train
740,100,5,train
411,372,5,train
896,523,4,train
575,206,4,train
160,510,3,train
742,82,5,train
361,354,4,train
65,588,5,train
400,525,5,train
61,471,4,train
606,250,3,train
336,261,4,train
186,330,4,train
797,594,4,train
598,296,5,train
477,124,4,train
493,320,5,train
714,99,3,train
857,378,5,train
328,391,5,train
212,39,2,train
350,463,5,train
698,31,5,train
865,495,3,train
334,160,5,train
504,371,3,train
951,336,3,train
748,53,3,train
344,457,5,train
2,338,4,train
44,168,5,train
210,131,5,train
461,218,5,train
583,396,3,train
143,239,4,train
321,295,3,train
461,361,4,train
418,436,4,train
975,361,3,train
582,83,4,train
145,573,3,train
583,567,4,train
902,484,5,train
469,479,2,train
589,98,5,train
723,17,5,train
546,231,5,train
999,591,5,train
768,571,4,train
526,49,3,train
100,566,5,train
905,8,5,train
234,561,3,train
654,88,2,train
82,288,2,train
280,588,5,train
515,2,4,train
34,347,4,train
367,41,4,train
750,87,4,train
443,134,4,train
61,87,3,train
79,100,5,train
283,15,4,train
601,396,4,train
730,350,3,train
610,280,5,train
392,336,4,train
755,331,4,train
41,168,4,train
701,243,5,train
704,137,3,train
682,441,4,train
273,467,5,train
421,336,4,train
162,421,3,train
686,438,5,train
2,490,5,train
140,277,4,train
435,260,3,train
702,187,3,train
975,142,4,train
875,361,4,train
286,234,4,train
799,73,3,train
239,416,4,train
820,29,3,train
150,450,4,train
103,264,1,train
846,336,4,train
672,391,3,train
177,286,3,train
80,138,4,train
963,106,5,train
625,524,5,train
525,495,5,train
452,188,3,train
161,230,4,train
400,566,5,train
3,134,5,train
661,279,4,train
421,274,5,train
57,225,2,train
178,531,5,train
755,295,3,train
344,293,4,train
734,30,3,train
626,236,3,train
398,101,5,train
753,281,3,train
31,29,5,train
780,277,4,train
223,327,3,train
217,178,3,train
90,27,4,train
665,501,4,train
911,168,2,train
517,360,5,train
738,419,5,train
971,546,5,train
522,123,4,train
145,41,5,train
704,546,5,train
751,90,3,train
103,354,3,train
599,553,3,train
66,32,2,train
758,336,4,train
820,272,5,train
569,358,5,train
427,582,5,train
799,29,5,train
332,407,5,train
27,280,5,train
495,155,4,train
640,239,3,train
327,310,3,train
727,110,4,train
168,168,4,train
234,29,3,train
889,134,2,train
61,71,3,train
901,538,4,train
480,37,5,train
807,108,2,train
870,290,5,train
214,429,3,train
890,270,4,train
605,392,4,train
544,230,4,train
57,200,5,train
122,508,4,train
936,90,5,train
525,487,3,train
14,354,5,train
395,12,5,train
391,548,4,train
625,297,4,train
438,552,5,train
934,428,3,train
249,126,5,train
992,382,4,train
655,558,5,train
504,322,3,train
607,336,5,train
937,219,4,train
867,358,5,train
283,523,3,train
74,412,4,train
292,358,4,train
997,26,4,train
421,240,4,train
785,30,5,train
896,569,4,train
143,355,4,train
56,439,5,train
689,448,4,train
180,49,5,train
16,450,5,train
56,4,5,train
700,174,3,train
608,482,4,train
175,429,3,train
230,142,2,train
319,437,4,train
527,137,3,train
634,463,5,train
15,571,4,train
495,259,3,train
635,116,4,train
682,178,3,train
506,461,5,train
539,438,5,train
81,593,5,train
413,370,5,train
569,142,4,train
149,457,5,train
847,518,4,train
237,424,5,train
152,474,4,train
736,31,5,train
899,43,5,train
160,127,4,train
177,142,2,train
736,147,5,train
623,295,3,train
525,54,3,train
223,388,5,train
182,134,5,train
670,525,4,train
336,543,3,train
415,371,4,train
568,45,2,train
14,239,4,train
7,278,2,train
551,25,4,train
547,31,5,train
145,263,4,train
13,431,5,train
369,340,4,train
511,75,5,train
518,239,2,train
186,211,3,train
372,92,5,train
248,459,3,train
596,592,4,train
401,103,5,train
990,421,5,train
865,553,5,train
361,524,4,train
968,143,5,train
13,519,5,train
227,74,3,train
210,568,4,train
904,279,4,train
265,350,3,train
859,271,5,train
247,80,5,train
580,46,3,train
353,255,4,train
123,29,5,train
937,354,4,train
888,185,5,train
598,6,4,train
616,240,5,train
120,162,5,train
982,338,3,train
515,115,3,train
345,36,5,train
829,128,5,train
5,239,3,train
904,62,5,train
169,134,3,train
781,82,4,train
712,590,4,train
666,588,5,train
471,66,5,train
384,514,4,train
327,338,4,train
562,26,5,train
725,558,5,train
668,480,5,train
973,548,4,train
606,457,3,train
51,391,4,train
592,395,4,train
659,190,5,train
884,101,5,train
975,594,1,train
196,495,4,train
181,78,4,train
116,470,5,train
920,157,4,train
756,193,2,train
718,83,4,train
487,277,2,train
143,176,5,train
642,501,5,train
682,301,4,train
348,147,5,train
368,420,3,train
562,571,3,train
124,445,5,train
190,439,4,train
926,115,3,train
103,495,5,train
625,429,5,train
292,29,3,train
90,320,5,train
799,428,3,train
781,232,5,train
833,412,4,train
244,340,3,train
411,123,5,train
220,88,3,train
65,217,4,train
89,330,5,train
177,514,3,train
9,335,4,train
568,569,3,train
712,98,3,train
49,475,5,train
905,360,5,train
334,244,2,train
854,436,4,train
16,563,2,train
157,440,4,train
810,580,2,train
374,400,5,train
652,75,5,train
987,502,5,train
92,20,5,train
876,479,3,train
28,489,4,train
25,176,5,train
785,18,5,train
517,558,5,train
13,484,2,train
290,407,2,train
63,553,4,train
470,31,4,train
999,225,5,train
492,340,4,train
669,27,3,train
100,133,5,train
442,553,5,train
738,12,4,train
342,301,5,train
679,29,5,train
716,90,3,train
609,106,3,train
29,357,3,train
763,173,5,train
649,194,1,train
970,456,5,train
371,260,4,train
429,428,3,train
243,27,3,train
283,479,3,train
999,255,5,train
219,480,3,train
567,131,5,train
516,133,4,train
274,31,5,train
10,19,3,train
943,264,3,train
91,31,5,train
585,444,4,train
511,176,4,train
191,162,5,train
43,378,3,train
343,457,4,train
612,264,3,train
130,152,4,train
382,314,3,train
323,450,5,train
680,100,5,train
545,436,4,train
241,80,4,train
547,571,1,train
360,42,4,train
782,317,5,train
315,336,3,train
21,504,5,train
194,556,3,train
196,172,2,train
574,100,5,train
712,450,5,train
162,208,5,train
746,396,5,train
967,4,5,train
72,593,3,train
959,556,4,train
569,168,2,train
768,389,3,train
910,148,4,train
682,582,3,train
188,271,4,train
814,507,3,train
518,428,5,train
38,167,2,train
957,560,4,train
94,471,4,train
129,38,4,train
350,170,5,train
286,450,5,train
92,18,5,train
696,95,4,train
997,42,3,train
901,50,5,train
889,57,3,train
36,22,4,train
371,190,3,train
211,392,4,train
361,361,5,train
721,47,4,train
605,548,3,train
47,337,5,train
370,464,4,train
873,140,5,train
495,283,5,train
165,318,5,train
611,475,5,train
414,456,4,train
72,365,4,train
842,138,5,train
887,381,4,train
799,494,5,train
612,524,5,train
755,27,5,train
734,594,3,train
445,504,5,train
244,103,4,train
781,204,5,train
70,354,5,train
472,330,5,train
9,429,3,train
190,553,4,train
959,569,5,train
239,2,2,train
83,544,2,train
450,53,4,train
103,392,5,train
63,429,3,train
664,261,3,train
36,436,4,train
654,231,3,train
672,550,5,train
644,525,3,train
384,421,5,train
832,162,5,train
877,363,4,train
319,357,3,train
253,429,3,train
281,576,3,train
445,134,2,train
399,115,4,train
839,258,5,train
845,277,4,train
984,183,4,train
732,84,3,train
130,16,2,train
286,294,5,train
269,236,4,train
32,368,5,train
541,429,3,train
780,553,5,train
376,549,5,train
107,588,5,train
346,317,4,train
354,464,4,train
273,553,5,train
367,588,5,train
310,76,3,train
879,582,5,train
761,190,5,train
309,273,5,train
653,317,2,train
400,399,4,train
261,112,5,train
148,404,5,train
309,153,3,train
460,134,5,train
819,146,4,train
27,399,3,train
532,499,5,train
875,36,2,train
275,457,5,train
246,407,4,train
989,488,4,train
270,444,5,train
580,251,3,train
666,526,4,train
8,127,3,train
96,410,5,train
384,202,4,train
367,272,5,train
966,115,3,train
781,105,4,train
370,202,5,train
515,160,5,train
317,553,5,train
760,53,4,train
285,237,3,train
722,131,5,train
755,277,5,train
568,212,5,train
931,337,5,train
850,320,4,train
428,194,5,train
753,121,2,train
65,202,5,train
655,518,4,train
554,20,5,train
638,283,5,train
13,87,3,train
558,222,3,train
822,87,3,train
895,187,4,train
292,217,4,train
361,22,5,train
875,583,5,train
413,159,4,train
679,553,4,train
970,196,5,train
783,232,4,train
403,490,3,train
125,354,5,train
266,348,4,train
994,168,2,train
704,106,4,train
56,327,5,train
168,569,5,train
498,337,5,train
565,293,3,train
828,138,5,train
363,275,3,train
790,274,4,train
147,270,4,train
681,384,5,train
25,583,5,train
716,330,5,train
182,4,5,train
921,346,4,train
854,475,5,train
889,304,5,train
620,8,5,train
932,525,5,train
28,181,4,train
323,75,5,train
178,361,3,train
951,98,5,train
733,156,4,train
117,360,4,train
116,429,4,train
340,188,5,train
654,546,4,train
177,519,3,train
214,14,5,train
975,134,4,train
358,457,5,train
682,547,5,train
796,441,3,train
904,87,5,train
379,18,5,train
694,464,5,train
455,549,5,train
219,465,2,train
60,560,5,train
272,310,2,train
457,516,5,train
221,234,4,train
894,591,4,train
130,120,4,train
875,590,4,train
771,475,5,train
219,288,5,train
759,18,4,train
587,436,4,train
130,19,3,train
571,396,2,train
545,202,4,train
961,566,3,train
872,549,4,train
895,436,5,train
466,519,5,train
242,336,5,train
469,476,3,train
533,570,5,train
414,110,2,train
757,31,3,train
433,168,3,train
904,550,5,train
968,62,5,train
961,340,3,train
103,87,2,train
618,126,4,train
369,268,3,train
494,386,5,train
195,75,4,train
224,307,4,train
766,444,5,train
206,277,4,train
201,469,3,train
685,245,2,train
537,396,5,train
888,320,3,train
934,191,4,train
823,428,3,train
686,358,5,train
804,323,5,train
1,81,5,train
220,8,5,train
554,138,3,train
782,96,4,train
163,474,5,train
525,138,4,train
575,406,5,train
280,85,5,train
677,34,5,train
833,361,4,train
766,190,5,train
605,131,4,train
145,30,5,train
235,312,4,train
405,359,4,train
793,592,5,train
891,279,2,train
580,599,4,train
221,429,3,train
291,52,2,train
449,371,3,train
474,519,4,train
926,202,4,train
872,25,3,train
179,7,4,train
214,354,5,train
748,558,5,train
449,159,3,train
161,495,4,train
66,22,2,train
519,370,5,train
787,166,5,train
398,590,4,train
448,8,3,train
683,409,5,train
205,396,4,train
741,458,4,train
993,460,3,train
721,396,1,train
963,587,5,train
454,271,5,train
802,8,4,train
782,366,3,train
706,592,5,train
940,50,4,train
348,131,5,train
87,396,4,train
31,127,4,train
780,517,5,train
424,439,3,train
429,376,5,train
900,337,5,train
384,335,4,train
545,29,4,train
721,429,2,train
557,26,5,train
949,141,3,train
321,92,2,train
760,69,5,train
432,427,2,train
175,162,5,train
306,36,1,train
355,358,4,train
472,594,4,train
505,338,5,train
635,84,4,train
44,390,4,train
429,464,3,train
823,8,4,train
158,494,5,train
251,2,5,train
340,527,5,train
361,240,5,train
389,429,3,train
558,517,4,train
202,490,5,train
361,27,3,train
695,279,3,train
885,526,4,train
46,556,5,train
379,424,5,train
970,87,5,train
382,347,5,train
72,453,3,train
408,272,4,train
292,66,5,train
898,354,4,train
414,168,3,train
741,493,5,train
764,304,4,train
174,358,4,train
361,73,5,train
569,269,3,train
315,36,2,train
515,229,4,train
156,560,1,train
177,566,4,train
519,82,5,train
267,93,3,train
785,317,2,train
51,427,5,train
421,464,2,train
431,83,4,train
515,184,4,train
300,356,2,train
364,429,3,train
78,248,5,train
117,243,3,train
942,495,4,train
283,410,4,train
226,156,4,train
587,429,5,train
255,401,5,train
350,34,5,train
658,37,3,train
217,557,5,train
320,110,5,train
329,160,5,train
705,297,5,train
31,556,2,train
209,199,4,train
252,330,4,train
0,230,4,train
466,290,4,train
400,52,4,train
910,450,5,train
797,46,1,train
580,213,5,train
888,42,4,train
290,504,5,train
26,348,4,train
577,472,4,train
482,249,5,train
4,512,5,train
850,240,2,train
515,548,4,train
331,440,4,train
622,271,4,train
461,473,5,train
970,176,5,train
26,450,5,train
423,100,5,train
685,347,5,train
496,106,4,train
377,309,5,train
409,13,3,train
759,31,5,train
617,459,5,train
510,480,5,train
471,420,5,train
781,141,5,train
419,540,5,train
729,9,3,train
896,305,4,train
67,344,4,train
959,523,4,train
160,4,5,train
857,70,4,train
520,574,5,train
86,129,5,train
596,553,4,train
397,576,2,train
929,582,4,train
49,222,2,train
72,222,4,train
302,360,5,train
495,150,4,train
597,552,5,train
889,507,5,train
922,94,4,train
276,92,3,train
219,363,4,train
797,500,3,train
361,512,5,train
157,395,4,train
382,22,5,train
949,269,5,train
489,330,3,train
490,168,3,train
827,18,5,train
222,8,4,train
606,75,5,train
798,447,2,train
519,546,4,train
782,252,4,train
904,456,5,train
249,153,5,train
716,553,5,train
174,29,3,train
424,261,5,train
386,582,3,train
425,188,4,train
490,197,4,train
53,121,5,train
752,378,5,train
536,441,4,train
16,382,5,train
792,65,4,train
333,104,4,train
6,194,4,train
528,322,4,train
127,375,3,train
348,365,5,train
110,176,5,train
226,197,3,train
651,550,3,train
802,518,4,train
330,30,4,train
761,115,4,train
484,272,5,train
833,115,2,train
819,202,3,train
788,279,5,train
655,31,5,train
335,281,5,train
103,431,5,train
708,354,5,train
882,155,4,train
904,543,4,train
537,469,2,train
974,555,5,train
286,336,5,train
654,202,3,train
553,560,4,train
895,222,4,train
377,512,5,train
685,196,5,train
77,450,5,train
207,245,5,train
208,32,3,train
948,31,5,train
580,95,4,train
662,19,3,train
880,475,4,train
737,468,3,train
284,234,5,train
525,562,5,train
218,2,5,train
570,275,3,train
558,65,4,train
632,245,5,train
98,546,4,train
491,358,5,train
518,429,4,train
339,410,4,train
406,22,3,train
66,356,3,train
103,366,2,train
350,100,4,train
215,87,2,train
360,46,2,train
517,202,4,train
518,162,5,train
987,381,3,train
350,389,2,train
733,350,4,train
636,116,5,train
407,64,5,train
996,100,4,train
259,324,5,train
160,112,5,train
666,592,4,train
524,399,5,train
488,570,5,train
942,479,3,train
442,596,3,train
216,420,5,train
334,555,2,train
907,567,5,train
738,496,5,train
418,371,5,train
308,553,3,train
664,277,4,train
840,88,3,train
943,280,5,train
565,424,5,train
128,29,4,train
863,313,4,train
482,219,5,train
653,26,5,train
166,336,3,train
540,450,4,train
249,176,5,train
888,336,3,train
759,27,4,train
401,134,3,train
361,31,5,train
470,214,5,train
216,372,3,train
1,495,5,train
781,211,5,train
622,504,2,train
407,562,5,train
168,337,4,train
313,81,5,train
815,396,4,train
515,391,5,train
525,80,4,train
224,368,5,train
511,407,3,train
173,524,5,train
932,423,4,train
341,180,5,train
411,351,5,train
697,500,3,train
990,2,5,train
565,30,5,train
274,234,4,train
749,31,4,train
829,534,2,train
174,254,5,train
78,176,5,train
601,585,5,train
91,504,5,train
714,561,3,train
16,349,3,train
33,305,5,train
575,436,5,train
50,168,5,train
56,382,5,train
860,556,5,train
571,420,5,train
594,276,4,train
618,153,3,train
547,454,3,train
177,36,3,train
901,160,5,train
719,100,5,train
811,475,3,train
575,372,5,train
124,341,2,train
741,409,2,train
1,503,5,train
993,407,4,train
793,264,1,train
898,123,5,train
692,49,3,train
379,117,2,train
3,208,3,train
172,599,3,train
285,320,3,train
320,312,5,train
853,576,3,train
456,29,3,train
672,77,5,train
125,496,4,train
378,574,5,train
320,173,4,train
80,94,4,train
103,267,5,train
403,380,4,train
127,444,5,train
210,502,4,train
205,580,4,train
471,242,3,train
615,123,4,train
478,167,2,train
157,172,5,train
492,172,4,train
57,440,4,train
470,90,4,train
90,330,5,train
396,261,5,train
9,191,4,train
117,438,5,train
941,571,4,train
572,121,4,train
232,187,3,train
847,321,5,train
320,336,5,train
174,116,5,train
663,429,4,train
2,527,4,train
661,480,3,train
23,213,5,train
210,428,3,train
293,5,4,train
873,50,4,train
346,361,2,train
702,12,5,train
697,471,3,train
761,103,5,train
869,525,4,train
996,96,4,train
469,349,4,train
338,240,1,train
321,421,5,train
740,194,5,train
723,159,5,train
242,404,4,train
741,570,5,train
961,429,4,train
420,129,4,train
645,115,5,train
360,476,4,train
41,301,5,train
745,46,5,train
974,293,4,train
876,277,4,train
244,334,5,train
511,49,2,train
799,109,3,train
488,471,3,train
577,575,5,train
674,153,5,train
545,340,2,train
707,524,5,train
752,196,3,train
545,71,4,train
485,320,4,train
172,361,4,train
605,53,4,train
678,490,5,train
819,475,5,train
177,468,3,train
891,556,3,train
721,4,4,train
306,421,5,train
621,55,5,train
292,261,3,train
860,3,5,train
200,450,5,train
829,162,4,train
808,333,4,train
217,240,5,train
686,464,4,train
267,422,4,train
270,196,5,train
462,159,4,train
879,162,3,train
329,266,3,train
802,334,3,train
365,198,3,train
419,196,5,train
404,574,5,train
218,244,5,train
154,23,4,train
375,257,5,train
627,333,4,train
373,100,5,train
777,480,5,train
22,100,5,train
829,264,3,train
595,475,5,train
143,279,3,train
521,371,5,train
526,396,5,train
987,570,5,train
50,526,4,train
654,364,4,train
416,240,5,train
592,596,4,train
833,251,4,train
832,502,5,train
117,168,3,train
115,20,5,train
652,396,3,train
409,547,5,train
979,561,3,train
740,596,5,train
118,279,4,train
781,484,2,train
728,230,4,train
48,407,3,train
781,104,4,train
9,253,5,train
356,340,3,train
398,31,5,train
554,190,4,train
161,503,3,train
83,525,5,train
304,330,5,train
177,144,3,train
354,312,3,train
398,518,5,train
634,487,2,train
929,549,5,train
713,202,4,train
78,375,5,train
33,191,4,train
620,101,5,train
623,475,5,train
923,556,3,train
945,290,4,train
213,572,5,train
19,238,5,train
644,312,3,train
832,588,5,train
150,92,3,train
736,124,5,train
649,471,2,train
748,202,5,train
96,148,4,train
828,485,5,train
970,103,5,train
569,428,3,train
822,549,4,train
889,396,3,train
578,153,5,train
93,330,4,train
742,330,3,train
850,254,5,train
674,78,5,train
38,471,3,train
941,155,3,train
685,575,5,train
5,159,3,train
605,48,5,train
217,589,4,train
326,216,5,train
73,26,5,train
655,38,4,train
654,91,5,train
134,116,5,train
762,463,5,train
755,272,4,train
896,543,3,train
342,282,4,train
484,345,3,train
904,84,4,train
858,202,5,train
411,85,5,train
749,222,3,train
350,380,4,train
602,424,5,train
836,219,5,train
547,518,4,train
858,144,3,train
268,336,5,train
364,9,4,train
608,261,5,train
920,202,3,train
110,236,5,train
187,276,5,train
695,176,3,train
61,495,3,train
457,254,5,train
564,429,3,train
433,536,4,train
824,202,2,train
147,9,3,train
734,556,4,train
29,429,3,train
374,589,5,train
151,358,4,train
350,41,4,train
440,457,5,train
649,446,2,train
421,212,3,train
972,506,3,train
623,4,5,train
471,407,5,train
244,168,3,train
934,251,3,train
350,91,4,train
903,42,4,train
158,281,5,train
978,94,5,train
545,16,5,train
72,543,4,train
21,146,5,train
756,505,4,train
620,104,3,train
401,442,4,train
510,467,3,train
628,281,5,train
387,78,3,train
282,525,2,train
306,544,4,train
911,271,5,train
704,497,4,train
649,240,4,train
690,249,5,train
267,429,3,train
696,372,5,train
539,157,5,train
692,265,5,train
285,216,5,train
614,347,3,train
755,261,4,train
895,208,4,train
985,116,5,train
554,30,5,train
849,176,5,train
749,49,3,train
734,314,5,train
992,588,5,train
537,219,5,train
402,112,5,train
877,338,4,train
532,261,3,train
722,67,5,train
797,37,3,train
391,321,5,train
281,206,3,train
757,62,5,train
720,330,5,train
37,427,5,train
750,196,3,train
460,450,5,train
357,271,5,train
66,145,2,train
495,513,3,train
794,475,5,train
501,393,5,train
931,384,4,train
732,438,3,train
553,109,3,train
207,587,5,train
571,210,5,train
493,548,5,train
689,464,3,train
584,162,5,train
713,460,4,train
208,28,3,train
416,142,5,train
51,525,5,train
206,235,4,train
867,354,5,train
616,277,4,train
328,254,5,train
246,453,4,train
770,33,5,train
611,368,5,train
436,553,5,train
283,143,3,train
254,229,3,train
733,41,5,train
18,593,2,train
421,487,3,train
771,210,3,train
527,587,5,train
628,15,3,train
675,12,3,train
470,272,4,train
756,30,5,train
518,491,3,train
780,408,5,train
907,376,5,train
276,85,3,train
658,287,3,train
753,436,4,train
613,524,5,train
259,524,5,train
377,427,3,train
242,560,4,train
973,9,3,train
949,546,5,train
49,225,4,train
688,420,2,train
712,461,5,train
339,278,5,train
947,94,5,train
981,444,5,train
160,576,2,train
36,304,4,train
192,194,5,train
589,161,5,train
544,142,4,train
230,11,5,train
729,420,4,train
320,495,2,train
617,494,4,train
755,431,5,train
234,174,4,train
157,30,3,train
833,430,5,train
4,321,5,train
117,436,3,train
419,340,5,train
119,450,3,train
27,153,5,train
61,450,5,train
474,105,4,train
689,146,3,train
302,168,3,train
405,288,4,train
368,375,2,train
569,217,4,train
254,143,5,train
113,481,4,train
764,46,1,train
497,549,5,train
287,575,3,train
359,460,4,train
154,572,3,train
313,290,5,train
270,529,4,train
700,429,3,train
116,469,3,train
937,338,3,train
880,517,5,train
999,36,5,train
605,460,5,train
646,336,3,train
498,358,5,train
91,279,4,train
872,487,4,train
432,14,5,train
628,9,3,train
518,327,3,train
267,339,5,train
487,502,5,train
652,323,4,train
911,36,1,train
785,424,5,train
818,138,5,train
217,504,4,train
808,429,4,train
758,471,5,train
854,10,3,train
525,415,5,train
158,294,5,train
956,208,4,train
256,460,5,train
901,484,5,train
191,389,5,train
900,273,5,train
463,168,4,train
584,239,4,train
905,212,5,train
429,91,5,train
393,336,4,train
547,257,3,train
107,429,4,train
69,378,1,train
864,497,5,train
685,419,3,train
696,228,5,train
301,258,3,train
829,88,5,train
169,320,5,train
350,410,2,train
672,395,5,train
874,400,5,train
700,134,3,train
738,280,5,train
650,298,5,train
59,422,4,train
311,55,3,train
644,471,2,train
656,26,5,train
632,103,5,train
414,30,3,train
539,312,3,train
498,233,5,train
740,279,5,train
178,71,3,train
515,361,2,train
341,588,5,train
134,444,4,train
180,361,3,train
87,182,3,train
771,396,3,train
116,91,5,train
10,105,4,train
588,143,5,train
145,395,5,train
901,280,5,train
684,436,5,train
427,599,4,train
225,141,3,train
697,272,5,train
377,142,5,train
358,258,4,train
625,73,5,train
904,261,4,train
56,9,3,train
426,301,5,train
964,475,2,train
382,94,2,train
413,202,5,train
262,273,5,train
940,38,4,train
61,466,4,train
659,159,4,train
502,460,4,train
667,115,3,train
38,22,4,train
273,82,3,train
240,80,5,train
921,391,5,train
387,539,4,train
405,436,5,train
539,37,4,train
925,410,5,train
462,259,4,train
397,495,4,train
334,280,5,train
595,230,4,train
393,273,5,train
948,3,4,train
899,239,3,train
371,590,3,train
656,405,3,train
158,396,4,train
884,262,5,train
501,538,3,train
306,543,3,train
544,81,5,train
368,429,3,train
921,98,2,train
291,592,4,train
421,352,2,train
407,174,5,train
787,20,5,train
388,495,4,train
896,414,4,train
896,174,3,train
465,279,2,train
975,168,3,train
968,507,5,train
643,211,5,train
677,206,5,train
755,23,3,train
798,446,5,train
40,267,2,train
626,104,3,train
497,233,3,train
3,91,3,train
464,208,5,train
325,491,4,train
282,166,5,train
769,168,3,train
917,14,4,train
797,475,4,train
52,14,5,train
437,274,5,train
68,506,3,train
181,337,4,train
624,361,1,train
557,88,4,train
425,460,3,train
861,39,2,train
161,541,3,train
721,457,5,train
9,226,2,train
944,561,2,train
565,518,4,train
649,100,4,train
507,49,4,train
986,444,3,train
405,594,4,train
651,474,5,train
175,365,4,train
960,160,5,train
142,490,5,train
747,87,3,train
129,261,4,train
797,166,3,train
78,571,4,train
779,323,2,train
953,500,5,train
22,356,4,train
607,532,5,train
779,49,4,train
277,544,4,train
659,202,3,train
8,460,5,train
933,404,3,train
544,595,3,train
138,476,5,train
699,503,3,train
400,563,1,train
131,440,5,train
863,318,5,train
934,589,3,train
486,539,3,train
745,573,5,train
571,518,2,train
232,396,3,train
139,294,4,train
232,350,2,train
362,429,4,train
427,36,3,train
880,396,2,train
112,222,3,train
57,112,4,train
87,368,5,train
194,340,5,train
82,22,5,train
378,549,2,train
569,75,4,train
884,146,4,train
653,330,2,train
522,168,5,train
586,239,4,train
935,456,3,train
205,321,5,train
624,340,5,train
340,497,5,train
114,330,5,train
659,244,5,train
158,508,3,train
429,424,3,train
336,177,3,train
138,553,4,train
658,121,4,train
679,396,5,train
445,321,3,train
524,162,5,train
564,116,5,train
653,71,3,train
448,281,5,train
965,44,5,train
633,160,5,train
221,295,5,train
379,517,5,train
728,407,4,train
599,570,5,train
515,280,5,train
421,88,3,train
654,594,5,train
120,596,4,train
348,292,4,train
375,558,3,train
709,593,4,train
574,336,4,train
926,222,3,train
658,444,3,train
761,345,2,train
491,279,3,train
908,134,1,train
551,5,3,train
906,587,5,train
398,264,4,train
837,103,5,train
445,325,3,train
392,403,2,train
455,505,4,train
855,582,5,train
423,558,4,train
363,361,2,train
438,444,4,train
366,371,5,train
640,108,3,train
591,210,5,train
478,457,2,train
472,498,5,train
596,436,4,train
600,427,5,train
427,176,3,train
843,240,4,train
842,105,5,train
495,565,4,train
181,562,5,train
411,208,5,train
161,391,4,train
512,36,2,train
709,100,5,train
628,124,5,train
60,409,5,train
151,115,2,train
163,0,4,train
49,54,1,train
649,279,3,train
779,176,3,train
568,301,2,train
849,116,5,train
912,593,3,train
411,131,5,train
118,330,5,train
370,479,4,train
787,543,4,train
391,332,4,train
970,327,4,train
888,106,3,train
804,404,5,train
734,334,4,train
620,574,4,train
166,30,5,train
212,279,5,train
149,594,5,train
210,543,2,train
218,212,5,train
641,582,5,train
356,412,3,train
711,382,5,train
568,296,5,train
716,429,3,train
446,199,5,train
980,590,5,train
700,230,5,train
41,206,5,train
786,436,5,train
891,281,5,train
624,21,5,train
65,29,5,train
520,124,5,train
509,588,5,train
505,343,4,train
4,264,3,train
72,37,5,train
218,588,5,train
649,103,4,train
544,82,5,train
695,214,4,train
797,464,3,train
398,227,5,train
25,120,4,train
477,9,5,train
923,53,3,train
304,22,5,train
50,129,5,train
45,523,5,train
373,518,4,train
177,16,3,train
207,337,3,train
616,272,5,train
872,236,4,train
864,548,2,train
807,239,2,train
541,381,5,train
77,208,4,train
354,236,5,train
935,487,4,train
388,556,2,train
251,549,3,train
98,155,3,train
528,2,5,train
768,200,5,train
177,592,5,train
692,211,5,train
716,564,3,train
8,9,3,train
522,361,3,train
235,204,4,train
61,335,3,train
943,429,3,train
471,374,4,train
293,549,4,train
115,444,3,train
393,496,3,train
644,84,4,train
760,454,5,train
468,21,5,train
78,450,5,train
454,232,5,train
946,63,5,train
567,457,5,train
249,582,1,train
189,51,3,train
716,162,5,train
376,414,5,train
487,196,1,train
542,376,3,train
896,270,3,train
422,552,5,train
115,190,5,train
568,576,2,train
387,550,4,train
702,160,4,train
315,543,4,train
242,556,2,train
763,167,5,train
152,75,5,train
325,437,5,train
702,465,2,train
798,490,5,train
503,190,5,train
84,148,5,train
283,112,2,train
951,174,4,train
78,555,4,train
9,555,4,train
782,404,4,train
411,564,3,train
985,207,5,train
543,112,5,train
879,87,4,train
967,429,5,train
601,26,5,train
269,75,3,train
833,138,4,train
448,567,4,train
352,407,4,train
306,47,3,train
867,418,5,train
664,100,5,train
519,99,3,train
57,292,5,train
525,168,4,train
984,240,5,train
471,540,3,train
0,496,4,train
427,331,5,train
458,409,3,train
735,330,4,train
32,476,3,train
513,317,5,train
624,347,5,train
325,596,4,train
694,570,5,train
93,363,4,train
754,431,3,train
495,94,4,train
721,18,4,train
220,110,4,train
276,175,5,train
13,135,5,train
447,146,4,train
855,27,1,train
343,123,4,train
895,15,4,train
728,328,3,train
489,594,5,train
789,104,5,train
261,90,3,train
161,37,5,train
504,360,5,train
489,543,4,train
946,229,2,train
889,361,4,train
901,134,4,train
707,322,4,train
833,516,3,train
282,336,3,train
94,349,4,train
521,74,5,train
712,94,3,train
407,387,4,train
797,574,4,train
40,428,2,train
771,543,5,train
199,519,4,train
817,165,5,train
738,516,5,train
78,381,5,train
151,281,4,train
420,222,4,train
752,340,3,train
217,594,5,train
623,109,3,train
124,532,2,train
272,401,3,train
255,576,4,train
896,148,5,train
829,598,4,train
240,2,5,train
289,457,5,train
888,141,4,train
117,524,5,train
472,550,4,train
892,49,4,train
800,482,4,train
89,538,3,train
14,428,3,train
626,429,5,train
298,18,4,train
522,429,4,train
186,102,5,train
506,368,5,train
975,71,3,train
34,525,4,train
378,254,3,train
659,312,2,train
574,272,2,train
252,502,4,train
699,571,5,train
163,86,4,train
571,548,4,train
561,53,4,train
602,36,2,train
132,580,3,train
672,573,4,train
478,541,4,train
195,321,5,train
904,428,4,train
738,165,4,train
135,482,5,train
577,490,5,train
635,178,4,train
919,592,3,train
390,257,5,train
614,41,5,train
286,439,4,train
72,49,5,train
904,502,5,train
320,587,5,train
888,277,2,train
617,396,5,train
434,277,5,train
660,176,5,train
94,10,5,train
384,502,4,train
27,50,2,train
177,2,5,train
130,202,4,train
509,42,4,train
25,336,5,train
605,356,3,train
684,131,5,train
370,142,5,train
802,68,4,train
115,599,3,train
163,117,2,train
898,26,3,train
862,272,3,train
1,456,5,train
599,11,4,train
992,320,4,train
828,219,5,train
832,90,4,train
530,429,5,train
704,395,5,train
189,495,4,train
531,31,5,train
766,318,5,train
43,16,5,train
407,230,4,train
282,15,2,train
392,91,4,train
307,517,5,train
277,30,3,train
272,119,5,train
477,356,3,train
941,335,2,train
914,458,3,train
392,392,5,train
501,314,2,train
649,340,4,train
196,297,4,train
620,436,5,train
427,87,5,train
692,112,5,train
62,410,3,train
935,197,3,train
335,436,5,train
841,464,5,train
993,193,5,train
539,541,5,train
229,87,3,train
380,529,4,train
757,143,5,train
621,484,5,train
973,429,4,train
640,550,4,train
605,261,3,train
54,392,5,train
609,474,5,train
829,389,2,train
598,323,4,train
740,396,4,train
119,210,4,train
496,293,4,train
926,347,4,train
696,361,2,train
645,523,5,train
623,368,5,train
379,440,3,train
849,264,2,train
682,155,4,train
66,296,3,train
862,416,3,train
194,337,5,train
247,561,4,train
515,439,5,train
515,129,3,train
513,450,5,train
646,41,4,train
844,597,5,train
370,535,4,train
819,27,4,train
861,572,3,train
715,190,5,train
523,532,4,train
335,518,5,train
561,424,5,train
206,283,5,train
513,511,5,train
621,85,5,train
426,504,3,train
688,29,5,train
57,570,5,train
158,320,3,train
719,574,5,train
572,280,5,train
797,124,5,train
340,593,4,train
576,594,5,train
314,92,3,train
152,136,3,train
584,202,4,train
877,112,5,train
221,550,5,train
796,424,4,train
849,168,1,train
140,178,4,train
624,196,5,train
267,124,3,train
61,317,4,train
640,396,5,train
637,296,3,train
395,330,4,train
320,479,4,train
682,347,5,train
876,392,4,train
682,336,3,train
655,502,4,train
215,378,2,train
599,440,4,train
605,93,4,train
282,260,5,train
373,328,2,train
780,275,4,train
377,330,3,train
907,399,5,train
952,102,5,train
171,125,3,train
802,599,2,train
345,574,3,train
320,302,5,train
505,206,5,train
380,22,5,train
72,479,4,train
967,100,4,train
979,464,5,train
596,27,3,train
929,277,4,train
577,508,5,train
91,376,4,train
0,82,5,train
115,88,3,train
958,404,5,train
940,108,3,train
379,429,3,train
3,254,3,train
522,271,4,train
86,16,5,train
271,358,5,train
493,571,5,train
251,330,4,train
690,168,4,train
599,402,3,train
473,505,3,train
580,340,3,train
991,18,5,train
116,71,4,train
883,103,5,train
747,354,5,train
956,410,3,train
242,590,4,train
654,505,3,train
829,10,5,train
888,223,3,train
753,330,3,train
246,179,4,train
524,259,5,train
432,194,5,train
359,463,5,train
200,239,3,train
374,110,4,train
468,358,5,train
72,85,5,train
770,180,2,train
419,233,5,train
899,549,4,train
464,173,3,train
312,466,5,train
568,202,5,train
730,31,5,train
484,110,4,train
261,429,3,train
143,81,5,train
707,296,3,train
472,332,4,train
75,357,3,train
735,189,4,train
765,192,5,train
767,168,5,train
158,330,5,train
437,295,3,train
200,566,5,train
84,54,3,train
451,196,4,train
686,36,4,train
950,121,4,train
780,568,4,train
496,50,4,train
895,30,5,train
719,396,3,train
445,457,5,train
863,245,5,train
880,244,5,train
555,336,4,train
671,168,4,train
45,126,4,train
535,439,5,train
928,187,4,train
551,0,5,train
177,179,3,train
93,410,5,train
99,260,5,train
996,463,4,train
667,570,5,train
516,537,4,train
146,218,5,train
919,249,5,train
225,420,5,train
685,570,4,train
770,202,4,train
859,7,4,train
189,176,5,train
779,504,5,train
656,141,4,train
517,553,5,train
246,29,3,train
6,338,4,train
294,572,5,train
36,49,4,train
484,381,2,train
445,463,5,train
929,477,5,train
557,351,3,train
177,524,5,train
861,211,5,train
69,480,3,train
644,261,4,train
158,594,4,train
411,223,4,train
105,199,3,train
280,457,4,train
186,98,4,train
671,556,4,train
737,277,4,train
190,505,3,train
770,168,3,train
130,524,4,train
493,460,4,train
539,567,3,train
841,474,4,train
189,80,5,train
488,41,4,train
869,175,4,train
722,456,3,train
113,200,5,train
639,262,5,train
970,429,3,train
41,277,4,train
377,168,2,train
781,421,4,train
174,55,5,train
768,16,4,train
479,476,5,train
39,121,3,train
981,196,5,train
602,532,4,train
130,87,3,train
635,199,3,train
634,140,3,train
825,271,5,train
7,108,2,train
106,561,4,train
526,495,5,train
48,202,4,train
632,293,4,train
765,330,5,train
590,493,5,train
658,336,5,train
568,277,4,train
921,580,4,train
926,507,5,train
605,272,3,train
248,259,5,train
729,396,2,train
615,302,5,train
57,576,4,train
946,20,5,train
927,26,5,train
744,321,4,train
807,588,5,train
467,597,5,train
128,576,5,train
176,437,3,train
140,433,2,train
448,30,5,train
250,142,2,train
245,62,5,train
765,480,3,train
823,131,4,train
637,517,5,train
901,420,4,train
163,589,5,train
546,320,3,train
136,179,5,train
431,278,3,train
230,532,4,train
823,156,5,train
799,593,4,train
882,420,5,train
422,376,4,train
533,31,5,train
96,335,4,train
827,549,4,train
662,317,3,train
752,356,2,train
196,110,3,train
273,80,5,train
755,15,3,train
740,296,4,train
56,8,3,train
251,76,5,train
829,100,4,train
59,12,3,train
587,559,4,train
894,340,3,train
709,87,2,train
47,22,3,train
72,484,4,train
623,178,4,train
250,579,3,train
752,187,5,train
755,599,3,train
955,487,3,train
714,355,4,train
323,543,4,train
177,389,4,train
462,83,4,train
117,112,4,train
341,360,5,train
22,365,5,train
863,91,3,train
658,482,2,train
73,129,5,train
171,159,4,train
24,100,4,train
63,588,5,train
995,358,3,train
825,361,1,train
339,213,4,train
933,275,3,train
880,550,5,train
922,112,5,train
860,181,5,train
441,88,3,train
194,428,2,train
759,457,5,train
723,588,5,train
959,261,5,train
569,191,5,train
675,371,4,train
57,388,5,train
51,236,2,train
810,526,3,train
63,507,5,train
439,599,4,train
549,377,5,train
23,234,5,train
271,428,3,train
478,529,4,train
966,153,3,train
706,177,3,train
870,315,4,train
783,525,5,train
301,518,5,train
615,360,5,train
423,16,3,train
178,76,5,train
706,358,5,train
76,576,2,train
697,496,3,train
718,73,3,train
779,450,4,train
628,392,5,train
5,71,4,train
507,594,4,train
826,337,5,train
391,289,2,train
718,456,5,train
892,564,4,train
973,168,5,train
695,341,4,train
518,52,2,train
808,134,5,train
20,15,3,train
652,336,4,train
96,376,5,train
191,546,5,train
144,169,3,train
839,475,5,train
13,290,4,train
196,166,4,train
251,58,2,train
463,396,5,train
319,168,5,train
770,594,2,train
329,9,3,train
897,495,3,train
693,333,3,train
489,476,4,train
585,566,5,train
914,326,3,train
328,345,4,train
609,89,5,train
696,543,4,train
652,553,4,train
677,488,5,train
229,517,4,train
6,196,3,train
705,176,4,train
813,553,5,train
57,126,2,train
541,344,3,train
649,264,3,train
165,400,5,train
246,387,4,train
379,401,4,train
150,556,2,train
349,56,4,train
945,134,5,train
896,485,4,train
111,27,4,train
106,377,4,train
459,320,5,train
391,404,4,train
889,429,2,train
166,227,5,train
787,194,5,train
104,576,3,train
770,121,5,train
707,117,2,train
581,392,5,train
766,490,5,train
327,588,5,train
707,428,3,train
695,586,5,train
111,236,5,train
365,480,3,train
733,396,3,train
568,564,5,train
721,187,5,train
170,320,5,train
750,560,3,train
372,179,5,train
495,188,2,train
436,94,5,train
489,428,3,train
133,232,2,train
517,564,5,train
694,296,4,train
177,273,4,train
485,330,2,train
147,504,3,train
8,312,5,train
907,190,5,train
549,504,5,train
942,240,5,train
741,473,3,train
961,289,5,train
515,106,4,train
340,570,5,train
712,27,5,train
72,380,5,train
256,110,3,train
10,556,2,train
760,25,5,train
255,480,3,train
515,454,2,train
157,447,4,train
689,590,4,train
374,92,4,train
764,321,5,train
881,219,5,train
273,121,4,train
350,156,5,train
333,358,5,train
102,194,5,train
446,110,4,train
476,338,5,train
369,337,5,train
192,279,5,train
950,18,2,train
31,214,5,train
732,599,4,train
565,555,4,train
863,404,5,train
181,240,5,train
793,202,4,train
387,146,5,train
435,20,5,train
1,150,5,train
895,556,1,train
384,489,5,train
177,360,5,train
78,385,3,train
928,249,4,train
889,549,5,train
712,45,4,train
73,396,4,train
280,465,5,train
209,4,5,train
864,49,5,train
907,360,5,train
436,321,5,train
895,264,3,train
16,458,5,train
939,520,5,train
568,8,3,train
420,26,5,train
192,31,5,train
661,110,4,train
547,76,5,train
428,504,5,train
550,8,5,train
411,504,5,train
407,429,2,train
513,176,5,train
72,376,4,train
63,335,3,train
69,370,5,train
734,9,4,train
331,134,5,train
759,30,5,train
401,189,3,train
636,524,5,train
568,232,2,train
779,264,4,train
961,124,4,train
277,143,5,train
980,360,3,train
41,245,5,train
895,395,5,train
487,296,4,train
886,327,3,train
61,556,2,train
97,176,5,train
173,202,4,train
87,378,5,train
232,535,5,train
446,274,5,train
283,80,4,train
956,374,2,train
740,8,3,train
474,337,5,train
146,94,5,train
521,535,4,train
251,180,5,train
717,94,4,train
864,287,4,train
450,321,5,train
448,427,3,train
689,94,2,train
649,585,2,train
470,138,4,train
606,583,5,train
971,587,5,train
571,570,4,train
150,410,4,train
396,560,3,train
445,574,4,train
158,457,5,train
464,543,2,train
804,46,3,train
525,484,2,train
75,239,4,train
242,457,5,train
226,88,2,train
537,214,5,train
643,7,3,train
975,503,4,train
792,219,5,train
196,121,4,train
730,262,5,train
692,202,5,train
877,46,5,train
460,143,2,train
396,87,5,train
648,453,3,train
452,191,4,train
252,443,4,train
940,288,5,train
661,100,5,train
991,590,5,train
938,126,3,train
119,490,4,train
267,167,3,train
429,312,3,train
767,219,5,train
306,261,4,train
522,26,5,train
445,404,5,train
620,517,5,train
91,396,1,train
871,234,5,train
229,271,5,train
515,244,4,train
975,345,4,train
700,537,4,train
285,194,4,train
966,92,5,train
747,153,5,train
498,542,5,train
674,9,5,train
70,428,2,train
912,484,3,train
599,563,3,train
858,88,3,train
283,264,2,train
529,467,2,train
824,444,5,train
421,110,4,train
924,174,4,train
224,25,5,train
663,345,4,train
474,563,2,train
916,506,5,train
961,330,5,train
827,73,5,train
283,277,2,train
523,36,2,train
66,536,5,train
308,415,4,train
515,301,5,train
250,444,4,train
910,36,5,train
41,73,3,train
208,493,3,train
10,254,2,train
748,212,5,train
896,491,5,train
888,412,4,train
988,330,4,train
895,100,5,train
426,402,4,train
471,296,4,train
415,57,3,train
867,148,4,train
389,467,4,train
576,429,4,train
25,254,4,train
335,481,4,train
118,378,5,train
78,14,5,train
713,239,2,train
716,168,4,train
164,78,5,train
690,26,5,train
520,78,4,train
259,90,4,train
706,278,3,train
517,588,5,train
425,441,4,train
246,322,3,train
469,241,2,train
712,376,2,train
841,193,5,train
358,103,5,train
41,590,5,train
248,582,2,train
902,236,5,train
748,591,3,train
265,420,4,train
857,202,3,train
525,396,3,train
785,470,3,train
77,272,2,train
496,345,2,train
751,29,4,train
421,277,3,train
945,305,5,train
335,27,5,train
519,588,5,train
967,527,5,train
830,304,5,train
421,245,5,train
76,396,3,train
889,512,5,train
99,576,3,train
551,596,2,train
529,278,3,train
320,565,4,train
839,100,4,train
796,153,5,train
448,338,3,train
288,464,5,train
131,450,4,train
610,36,4,train
413,567,4,train
689,124,5,train
728,41,4,train
73,27,3,train
192,514,2,train
432,580,5,train
606,264,3,train
517,336,2,train
319,26,4,train
667,455,5,train
325,452,4,train
850,218,4,train
933,429,3,train
500,16,3,train
270,556,5,train
24,495,5,train
961,552,5,train
980,222,5,train
803,244,5,train
157,506,3,train
404,297,5,train
769,32,1,train
940,134,5,train
427,84,5,train
161,490,5,train
490,556,3,train
398,470,4,train
901,305,4,train
20,174,4,train
822,582,4,train
297,111,5,train
596,168,5,train
99,508,2,train
343,172,5,train
362,368,5,train
785,594,5,train
707,159,4,train
427,416,5,train
884,594,5,train
887,368,5,train
543,588,5,train
801,593,2,train
476,110,5,train
754,124,5,train
156,240,5,train
970,277,4,train
360,581,3,train
959,479,4,train
674,176,5,train
640,293,5,train
544,366,4,train
193,357,4,train
795,264,2,train
128,514,5,train
649,134,3,train
90,464,5,train
615,120,5,train
121,506,3,train
33,0,1,train
398,323,4,train
173,76,5,train
754,359,4,train
788,134,3,train
578,438,4,train
950,218,4,train
163,592,2,train
575,194,4,train
929,108,3,train
711,391,5,train
593,94,5,train
963,61,4,train
800,447,2,train
416,529,3,train
742,457,3,train
350,131,5,train
628,90,2,train
151,340,2,train
8,134,2,train
335,581,5,train
113,158,4,train
767,548,2,train
609,429,4,train
181,73,5,train
213,497,5,train
161,236,3,train
157,582,4,train
250,317,4,train
185,153,3,train
380,176,3,train
25,320,5,train
343,100,5,train
203,15,3,train
100,277,3,train
273,173,4,train
174,378,5,train
300,562,2,train
675,358,3,train
768,464,4,train
47,475,4,train
412,274,5,train
439,239,3,train
68,128,4,train
221,326,5,train
356,104,4,train
143,78,3,train
661,202,3,train
435,85,5,train
47,429,2,train
720,264,5,train
236,281,5,train
226,101,3,train
862,436,4,train
154,261,4,train
575,51,3,train
20,518,5,train
896,576,5,train
810,29,5,train
114,124,5,train
882,517,2,train
291,29,3,train
970,460,4,train
57,280,4,train
192,65,3,train
24,261,3,train
649,82,5,train
183,475,4,train
177,244,5,train
463,134,5,train
209,180,2,train
391,36,5,train
828,383,4,train
886,31,5,train
683,70,4,train
619,146,2,train
361,143,5,train
774,108,4,train
302,115,4,train
335,469,4,train
577,342,5,train
672,371,5,train
518,0,5,train
727,407,5,train
377,321,5,train
272,108,3,train
515,39,2,train
637,88,3,train
206,41,5,train
273,594,2,train
215,431,4,train
273,596,4,train
357,538,4,train
158,29,4,train
457,225,5,train
516,495,5,train
650,123,5,train
732,236,4,train
662,460,4,train
959,25,4,train
565,457,5,train
960,349,5,train
504,553,5,train
770,197,4,train
459,421,4,train
740,91,4,train
901,378,5,train
944,421,5,train
479,361,4,train
872,461,5,train
569,219,2,train
149,463,5,train
760,524,5,train
899,218,5,train
48,553,5,train
605,160,2,train
212,93,5,train
836,429,4,train
490,240,3,train
771,484,5,train
866,168,3,train
958,570,5,train
752,264,4,train
283,148,5,train
721,310,4,train
170,9,3,train
287,296,4,train
736,495,3,train
361,503,5,train
327,437,4,train
425,36,4,train
378,257,5,train
954,105,5,train
512,196,5,train
525,519,2,train
748,2,5,train
286,178,4,train
87,255,4,train
92,457,5,train
50,288,5,train
486,194,5,train
134,337,5,train
459,36,5,train
705,277,4,train
546,108,4,train
92,395,5,train
659,465,5,train
276,404,4,train
936,558,3,train
796,559,3,train
468,396,4,train
572,7,3,train
352,445,2,train
375,574,4,train
542,409,5,train
139,396,4,train
492,94,5,train
43,100,2,train
3,396,5,train
518,202,4,train
470,115,4,train
325,319,5,train
910,410,4,train
548,105,4,train
290,230,3,train
451,358,4,train
669,234,5,train
498,54,4,train
404,437,4,train
36,582,4,train
904,166,3,train
981,443,4,train
510,42,4,train
323,327,4,train
698,196,5,train
832,380,4,train
108,83,5,train
936,135,5,train
704,23,5,train
736,579,4,train
384,317,4,train
545,505,5,train
152,245,5,train
799,582,2,train
10,297,5,train
85,293,4,train
525,260,5,train
177,444,5,train
764,36,1,train
204,560,3,train
16,296,4,train
795,213,5,train
428,372,5,train
243,116,5,train
802,30,5,train
740,556,2,train
1,576,2,train
245,66,5,train
940,293,4,train
359,436,5,train
635,239,4,train
952,399,3,train
196,15,4,train
650,564,3,train
887,391,5,train
580,261,2,train
321,202,3,train
940,127,5,train
202,583,5,train
671,115,3,train
576,474,4,train
36,296,3,train
659,115,2,train
644,88,4,train
223,404,5,train
626,129,5,train
471,226,2,train
103,109,4,train
786,297,4,train
840,538,3,train
336,497,4,train
712,123,5,train
795,20,4,train
186,527,5,train
116,440,4,train
653,239,3,val
942,361,4,val
186,555,4,val
160,348,4,val
970,321,5,val
803,501,3,val
0,384,5,val
513,222,5,val
432,25,3,val
310,409,4,val
602,131,5,val
960,304,5,val
781,361,3,val
269,126,5,val
558,155,4,val
182,386,3,val
86,219,5,val
446,34,5,val
603,233,4,val
402,523,5,val
810,457,2,val
533,538,5,val
689,49,3,val
326,419,3,val
412,245,5,val
569,117,4,val
819,509,4,val
753,108,4,val
782,519,5,val
217,549,3,val
883,183,5,val
291,204,5,val
635,296,4,val
432,317,2,val
259,588,5,val
387,114,2,val
714,202,4,val
698,437,4,val
144,240,5,val
359,9,3,val
224,238,5,val
680,429,4,val
447,168,3,val
161,377,5,val
152,575,3,val
926,512,5,val
404,495,4,val
302,429,4,val
687,8,5,val
64,592,1,val
423,309,4,val
719,514,2,val
648,427,2,val
130,2,4,val
158,590,3,val
828,12,5,val
741,406,3,val
215,42,5,val
469,564,2,val
958,245,4,val
387,436,5,val
950,460,4,val
795,155,4,val
854,63,3,val
61,511,5,val
915,574,4,val
725,242,3,val
834,543,4,val
598,506,5,val
707,444,3,val
556,599,5,val
34,487,4,val
504,190,3,val
1,155,3,val
709,475,3,val
66,496,4,val
770,541,4,val
131,305,5,val
797,71,3,val
19,340,3,val
8,261,5,val
362,271,4,val
606,444,3,val
586,464,5,val
997,340,5,val
334,142,1,val
161,264,3,val
687,159,4,val
802,281,5,val
312,396,3,val
752,123,4,val
883,382,5,val
774,495,5,val
495,87,5,val
193,264,2,val
575,248,3,val
787,262,5,val
295,14,5,val
427,197,5,val
224,236,5,val
707,274,3,val
502,579,3,val
980,323,5,val
828,338,4,val
118,26,4,val
177,159,3,val
196,337,5,val
219,506,3,val
703,540,4,val
926,107,4,val
671,330,5,val
440,18,5,val
63,178,5,val
88,429,3,val
617,314,3,val
857,411,2,val
551,374,3,val
744,516,5,val
439,460,2,val
8,444,3,val
411,9,4,val
734,148,5,val
861,218,3,val
53,549,5,val
702,86,4,val
493,225,5,val
700,592,2,val
659,252,4,val
220,202,4,val
815,336,5,val
175,428,4,val
940,219,4,val
308,490,4,val
115,229,5,val
434,80,4,val
796,450,4,val
226,239,2,val
603,229,4,val
819,36,3,val
122,115,2,val
819,335,2,val
161,258,5,val
863,142,2,val
996,27,3,val
506,51,4,val
792,541,5,val
294,207,5,val
174,444,3,val
119,429,4,val
650,506,3,val
890,277,5,val
126,162,5,val
681,171,5,val
475,280,5,val
179,203,3,val
13,231,4,val
611,105,4,val
569,572,4,val
284,503,4,val
829,146,3,val
159,150,5,val
888,438,5,val
926,395,2,val
339,245,3,val
387,504,5,val
172,495,4,val
487,254,4,val
73,34,4,val
716,176,3,val
46,322,4,val
717,37,4,val
341,332,4,val
940,341,1,val
391,475,5,val
698,340,5,val
167,264,3,val
180,100,5,val
940,29,5,val
439,232,2,val
107,16,5,val
897,440,3,val
277,410,5,val
377,62,5,val
632,471,4,val
307,392,5,val
722,518,5,val
886,77,5,val
970,391,5,val
246,495,3,val
740,208,4,val
7,161,5,val
157,271,4,val
425,116,5,val
769,429,5,val
806,358,5,val
518,277,3,val
141,134,2,val
949,460,2,val
80,312,4,val
375,237,4,val
245,174,4,val
571,549,4,val
700,535,3,val
320,355,2,val
650,538,2,val
174,475,5,val
676,154,5,val
655,124,5,val
881,396,4,val
980,285,4,val
810,596,5,val
859,410,3,val
37,168,3,val
959,81,5,val
145,146,5,val
693,354,5,val
879,564,4,val
437,484,4,val
571,304,4,val
780,524,5,val
437,404,5,val
16,7,5,val
515,464,4,val
695,146,3,val
960,94,5,val
429,179,3,val
864,194,5,val
524,49,4,val
352,544,5,val
307,436,5,val
745,129,5,val
722,436,5,val
93,599,4,val
415,188,4,val
547,53,3,val
764,168,2,val
553,461,3,val
157,456,3,val
752,75,4,val
321,564,4,val
682,244,4,val
360,30,4,val
21,8,5,val
838,396,4,val
515,116,5,val
970,355,5,val
391,226,4,val
547,17,3,val
765,52,5,val
648,121,4,val
283,192,5,val
933,321,5,val
955,557,5,val
955,240,5,val
350,352,4,val
808,371,3,val
94,378,5,val
196,138,2,val
805,348,5,val
16,416,4,val
904,199,2,val
194,532,3,val
314,556,3,val
665,159,3,val
749,358,4,val
375,484,3,val
169,254,5,val
835,239,4,val
78,116,5,val
568,102,4,val
14,222,4,val
789,479,4,val
250,22,5,val
87,295,2,val
999,195,4,val
698,106,5,val
511,489,3,val
510,194,3,val
908,91,3,val
387,457,5,val
156,261,5,val
56,239,3,val
828,382,5,val
845,279,5,val
663,296,4,val
771,354,5,val
108,199,4,val
105,502,3,val
854,519,3,val
320,16,4,val
134,354,5,val
836,1,4,val
283,110,3,val
717,331,1,val
38,16,4,val
576,100,5,val
636,475,5,val
126,371,5,val
599,206,5,val
223,295,3,val
949,242,5,val
140,247,4,val
916,104,5,val
621,463,5,val
540,261,5,val
901,350,3,val
944,277,4,val
476,532,3,val
92,594,5,val
67,588,3,val
923,96,4,val
390,463,5,val
549,488,4,val
866,29,4,val
723,26,4,val
790,222,4,val
200,88,2,val
200,540,5,val
446,561,4,val
959,361,4,val
45,467,3,val
430,592,3,val
835,330,5,val
209,103,5,val
386,340,3,val
68,181,5,val
78,565,4,val
707,162,5,val
710,458,5,val
103,243,5,val
437,451,5,val
811,579,4,val
62,131,5,val
211,254,3,val
85,479,2,val
50,48,5,val
542,361,4,val
224,153,5,val
864,31,5,val
133,546,3,val
755,18,3,val
903,115,3,val
235,361,4,val
505,239,2,val
407,443,4,val
457,52,3,val
839,91,5,val
674,571,4,val
755,10,5,val
604,450,5,val
140,66,3,val
625,546,5,val
276,314,4,val
182,305,5,val
697,536,5,val
510,123,4,val
687,279,3,val
729,407,5,val
64,120,4,val
606,338,5,val
227,464,2,val
722,206,2,val
90,391,5,val
114,429,2,val
250,429,3,val
888,489,5,val
254,226,5,val
529,480,5,val
174,180,4,val
448,115,2,val
653,541,4,val
741,27,5,val
521,110,4,val
658,183,3,val
645,111,2,val
128,273,5,val
998,376,5,val
103,30,5,val
994,429,4,val
739,232,5,val
175,31,5,val
61,597,5,val
565,395,5,val
532,320,5,val
678,19,4,val
771,273,3,val
17,175,3,val
680,564,4,val
925,76,5,val
516,529,5,val
561,77,5,val
391,51,4,val
957,361,4,val
539,380,4,val
531,590,4,val
569,433,3,val
532,146,3,val
208,196,5,val
282,320,1,val
616,100,4,val
392,88,3,val
741,363,4,val
843,261,5,val
407,343,4,val
857,310,4,val
711,5,5,val
282,593,4,val
297,389,3,val
931,396,5,val
870,176,5,val
115,131,4,val
882,66,4,val
95,100,5,val
10,245,2,val
664,87,4,val
738,381,5,val
650,12,3,val
334,293,4,val
214,396,2,val
44,427,4,val
973,87,3,val
704,31,4,val
366,84,5,val
269,100,5,val
17,320,5,val
384,465,5,val
544,420,3,val
608,88,4,val
341,467,5,val
921,320,5,val
877,30,4,val
703,136,3,val
888,482,2,val
658,167,4,val
516,444,5,val
956,497,5,val
339,29,2,val
362,240,2,val
171,194,3,val
792,288,5,val
221,571,4,val
196,143,5,val
212,110,5,val
157,176,2,val
766,317,3,val
396,146,2,val
399,525,5,val
40,110,3,val
790,261,4,val
510,407,5,val
283,201,5,val
780,396,3,val
84,330,2,val
268,538,4,val
790,332,4,val
821,340,5,val
444,574,5,val
780,168,5,val
78,22,3,val
655,487,2,val
584,76,5,val
981,347,5,val
515,103,5,val
858,203,5,val
872,336,4,val
621,86,4,val
373,495,4,val
933,371,4,val
60,490,5,val
57,416,5,val
400,427,5,val
324,16,5,val
263,550,5,val
91,308,5,val
546,21,5,val
926,564,2,val
8,558,3,val
72,419,3,val
550,553,5,val
362,134,3,val
633,320,5,val
210,340,4,val
179,421,4,val
854,280,5,val
701,599,4,val
857,296,4,val
929,142,4,val
525,469,3,val
931,537,4,val
325,337,3,val
341,544,4,val
113,549,4,val
62,341,3,val
501,36,5,val
434,437,4,val
741,272,2,val
976,108,4,val
630,435,3,val
560,94,5,val
96,2,5,val
376,175,3,val
495,480,5,val
757,261,5,val
561,100,5,val
934,592,3,val
843,297,4,val
221,596,4,val
625,361,4,val
546,26,5,val
535,508,3,val
275,490,4,val
331,428,4,val
335,590,3,val
828,252,3,val
244,288,5,val
781,585,5,val
398,581,5,val
655,429,3,val
946,146,4,val
734,519,4,val
445,22,4,val
470,334,5,val
993,261,5,val
320,338,5,val
921,236,4,val
369,14,2,val
156,469,2,val
591,543,5,val
801,594,5,val
658,110,3,val
558,178,5,val
239,576,4,val
389,546,4,val
364,553,5,val
678,429,4,val
472,100,4,val
623,320,5,val
339,546,5,val
459,34,3,val
407,559,3,val
356,330,5,val
171,360,5,val
300,287,2,val
888,127,5,val
803,564,4,val
493,598,4,val
755,343,3,val
505,7,5,val
553,476,5,val
846,471,3,val
492,100,4,val
585,585,3,val
539,463,4,val
740,335,4,val
157,409,4,val
821,427,5,val
101,290,3,val
766,593,5,val
886,429,2,val
295,281,4,val
103,194,4,val
184,29,5,val
139,484,3,val
956,196,4,val
405,543,3,val
888,58,3,val
392,463,3,val
102,106,2,val
569,245,3,val
495,0,4,val
488,297,5,val
219,180,3,val
158,137,3,val
93,396,4,val
563,212,5,val
266,536,4,val
413,349,5,val
563,553,5,val
94,88,4,val
779,218,2,val
526,549,3,val
905,155,3,val
763,232,5,val
532,503,3,val
432,463,5,val
0,525,5,val
841,543,4,val
330,72,4,val
160,342,3,val
979,496,4,val
120,476,5,val
111,168,3,val
143,370,5,val
896,549,2,val
580,26,4,val
320,242,4,val
170,190,5,val
374,338,5,val
29,243,3,val
405,62,4,val
72,36,2,val
546,286,5,val
910,160,5,val
785,108,3,val
706,567,3,val
870,475,4,val
717,168,3,val
246,174,4,val
155,230,3,val
77,392,3,val
853,105,4,val
488,128,4,val
691,92,4,val
805,321,5,val
732,342,4,val
541,236,5,val
335,351,5,val
514,337,5,val
813,102,5,val
559,396,1,val
502,429,4,val
805,549,5,val
20,335,3,val
913,254,5,val
547,244,5,val
391,450,5,val
913,50,5,val
309,142,3,val
921,294,5,val
679,243,5,val
194,81,3,val
752,385,3,val
547,146,3,val
269,475,5,val
61,190,5,val
335,156,5,val
706,20,2,val
225,206,3,val
319,29,5,val
411,488,4,val
722,464,3,val
546,525,5,val
335,440,3,val
833,75,5,val
444,576,1,val
65,321,4,val
618,190,5,val
999,140,4,val
758,153,5,val
505,279,4,val
496,546,5,val
606,376,3,val
902,239,4,val
933,276,5,val
229,465,5,val
829,572,5,val
41,504,4,val
432,391,4,val
661,344,4,val
38,305,5,val
418,160,4,val
294,179,5,val
625,211,4,val
755,82,5,val
776,323,5,val
28,525,4,val
252,189,3,val
936,88,3,val
152,138,3,val
926,42,4,val
895,223,2,val
32,354,5,val
817,507,5,val
829,131,5,val
362,126,4,val
575,358,5,val
615,488,5,val
495,479,3,val
800,321,3,val
57,146,3,val
870,416,5,val
185,323,3,val
896,495,5,val
971,338,5,val
568,429,4,val
697,334,5,val
286,595,5,val
72,592,5,val
872,396,3,val
437,218,3,val
446,120,2,val
474,396,3,val
292,570,5,val
479,100,3,val
349,88,4,val
669,245,5,val
358,31,4,val
780,588,5,val
421,422,5,val
903,16,5,val
531,496,4,val
255,446,3,val
143,464,4,val
38,236,4,val
327,58,3,val
840,490,5,val
157,62,2,val
986,372,5,val
589,119,5,val
697,240,4,val
924,15,3,val
659,144,4,val
341,453,5,val
624,410,5,val
390,556,2,val
232,153,5,val
807,360,5,val
19,543,4,val
833,505,3,val
415,180,5,val
21,350,2,val
257,9,3,val
495,351,4,val
830,405,3,val
492,404,4,val
273,332,5,val
384,18,4,val
81,254,5,val
992,239,5,val
53,436,3,val
332,378,2,val
417,429,5,val
996,475,3,val
678,476,5,val
11,559,3,val
219,43,3,val
929,503,4,val
365,22,5,val
973,475,3,val
72,272,4,val
436,506,4,val
111,36,5,val
559,226,4,val
89,588,5,val
422,180,5,val
778,281,3,val
953,168,2,val
892,429,3,val
553,92,5,val
521,197,5,val
135,320,3,val
194,444,3,val
478,557,4,val
224,211,4,val
740,245,2,val
704,496,2,val
362,190,4,val
47,525,5,val
699,582,5,val
307,9,3,val
61,361,3,val
678,564,3,val
885,30,4,val
597,467,4,val
448,594,5,val
799,252,4,val
858,162,5,val
727,350,5,val
605,385,3,val
680,137,3,val
720,553,5,val
182,361,3,val
888,200,5,val
16,543,4,val
691,590,3,val
755,174,2,val
714,190,4,val
722,180,3,val
603,505,5,val
490,454,5,val
103,571,4,val
401,62,3,val
623,503,3,val
740,16,4,val
943,141,5,val
974,240,4,val
373,319,5,val
90,236,5,val
913,168,3,val
459,176,5,val
891,146,3,val
800,428,5,val
10,582,5,val
718,100,5,val
515,378,5,val
29,168,3,val
599,415,4,val
533,489,4,val
535,556,4,val
325,429,3,val
90,399,3,val
62,505,3,val
929,198,5,val
769,29,4,val
115,504,5,val
703,553,4,val
129,94,4,val
311,371,4,val
81,326,5,val
387,349,5,val
204,36,2,val
881,446,5,val
134,475,5,val
215,9,3,val
605,108,3,val
196,88,3,val
968,474,3,val
492,531,4,val
569,110,4,val
254,179,3,val
354,478,5,val
30,527,5,val
211,459,5,val
391,34,3,val
31,167,4,val
459,254,5,val
828,305,5,val
849,475,5,val
578,405,3,val
888,129,4,val
173,361,3,val
127,592,5,val
666,278,5,val
888,319,5,val
221,227,5,val
933,370,5,val
114,47,3,val
384,340,5,val
983,41,4,val
273,524,5,val
172,267,4,val
383,429,3,val
785,590,5,val
685,71,2,val
251,116,2,val
282,223,3,val
299,110,5,val
324,321,5,val
170,450,5,val
157,357,2,val
796,583,4,val
432,450,5,val
324,482,4,val
207,357,3,val
448,196,2,val
907,558,5,val
200,135,4,val
988,103,5,val
445,262,5,val
883,580,4,val
82,196,4,val
431,490,5,val
240,399,5,val
474,427,5,val
370,572,5,val
85,461,4,val
907,6,5,val
382,358,5,val
446,176,3,val
568,360,5,val
521,261,5,val
165,490,5,val
665,314,2,val
255,519,5,val
209,100,4,val
147,272,5,val
680,570,5,val
300,90,3,val
867,378,4,val
537,431,4,val
803,339,4,val
176,336,3,val
206,194,5,val
250,574,4,val
759,436,5,val
216,323,3,val
725,421,5,val
273,104,3,val
493,450,5,val
250,542,3,val
777,429,4,val
398,9,3,val
121,538,4,val
662,129,5,val
840,330,4,val
804,585,4,val
523,508,5,val
800,261,4,val
972,25,3,val
267,116,3,val
51,29,4,val
810,34,5,val
324,396,5,val
863,585,4,val
813,349,3,val
322,442,4,val
752,140,5,val
88,94,4,val
944,480,4,val
160,381,5,val
493,254,5,val
611,363,3,val
401,112,4,val
950,343,4,val
48,558,5,val
533,331,5,val
825,120,5,val
882,19,3,val
608,207,5,val
105,196,5,val
533,576,5,val
569,115,3,val
792,237,4,val
515,93,5,val
622,337,5,val
127,203,5,val
802,574,5,val
149,341,4,val
893,464,3,val
841,239,4,val
730,49,5,val
9,393,1,val
180,582,4,val
768,276,4,val
432,368,5,val
953,478,2,val
466,106,5,val
381,271,2,val
757,361,4,val
160,358,5,val
358,436,4,val
174,368,5,val
161,427,3,val
653,589,4,val
77,290,5,val
929,379,5,val
857,475,5,val
46,8,3,val
78,535,5,val
264,279,1,val
37,272,3,val
669,247,4,val
489,78,3,val
355,370,2,val
749,579,4,val
191,506,5,val
669,145,4,val
13,206,3,val
31,170,5,val
323,239,4,val
277,229,5,val
950,396,2,val
408,136,4,val
648,143,4,val
678,583,5,val
371,82,5,val
780,598,3,val
132,5,2,val
17,116,4,val
979,123,5,val
580,469,3,val
119,112,5,val
190,100,5,val
375,358,4,val
401,529,2,val
741,87,3,val
281,126,4,val
151,337,4,val
265,596,3,val
882,474,5,val
975,31,2,val
220,519,3,val
606,447,4,val
770,88,5,val
888,347,5,val
733,512,4,val
959,495,4,val
283,502,3,val
275,594,5,val
115,2,5,val
381,27,2,val
797,31,4,val
250,276,3,val
177,296,3,val
947,277,4,val
477,247,5,val
446,571,3,val
467,490,5,val
104,442,3,val
708,176,5,val
641,570,5,val
615,271,4,val
934,334,5,val
417,103,3,val
667,506,5,val
361,82,5,val
310,518,4,val
895,277,2,val
768,9,4,val
343,160,4,val
696,42,4,val
238,357,2,val
189,440,5,val
571,571,3,val
934,532,5,val
889,174,4,val
436,588,5,val
962,394,4,val
981,181,5,val
1,564,3,val
714,428,3,val
401,320,5,val
992,236,5,val
103,372,5,val
683,232,5,val
512,423,5,val
982,543,3,val
888,580,3,val
33,320,3,val
683,22,5,val
221,282,4,val
262,30,4,val
865,429,2,val
667,104,5,val
549,486,2,val
177,363,3,val
723,140,2,val
622,386,4,val
64,457,5,val
569,371,3,val
581,142,4,val
847,176,3,val
349,464,3,val
418,111,5,val
380,115,4,val
652,318,5,val
670,354,3,val
200,187,3,val
965,385,3,val
177,374,3,val
100,525,5,val
9,437,4,val
563,197,5,val
71,281,5,val
189,168,4,val
965,202,3,val
380,495,4,val
883,368,5,val
447,174,4,val
150,36,4,val
81,85,2,val
191,340,5,val
985,357,4,val
182,429,4,val
236,18,5,val
968,335,3,val
542,346,3,val
137,542,4,val
780,502,5,val
488,293,3,val
64,377,5,val
184,249,5,val
704,240,2,val
864,179,4,val
267,495,4,val
773,293,4,val
711,471,5,val
27,239,1,val
328,36,3,val
347,222,4,val
573,121,5,val
736,401,2,val
569,532,4,val
854,338,5,val
21,492,3,val
901,550,4,val
430,26,5,val
871,535,5,val
907,212,5,val
16,320,5,val
423,36,1,val
800,495,3,val
335,20,5,val
183,359,3,val
415,35,5,val
350,518,5,val
84,135,5,val
269,330,5,val
966,409,5,val
26,511,5,val
117,117,2,val
438,390,3,val
267,599,4,val
933,574,5,val
109,87,3,val
707,188,3,val
76,565,5,val
563,172,4,val
330,179,4,val
501,280,5,val
797,495,5,val
20,463,5,val
652,110,4,val
989,429,3,val
286,16,4,val
799,219,5,val
463,533,5,val
106,257,3,val
946,517,5,val
503,392,4,val
966,168,3,val
728,394,5,val
125,368,5,val
398,53,4,val
569,134,3,val
495,18,1,val
535,429,3,val
968,162,3,val
161,27,5,val
598,237,2,val
953,594,3,val
79,279,5,val
698,337,5,val
968,428,5,val
846,496,4,val
505,254,4,val
69,143,5,val
689,471,2,val
208,26,3,val
35,475,5,val
333,290,5,val
635,349,4,val
621,520,5,val
321,182,5,val
477,83,4,val
812,25,4,val
988,429,3,val
917,576,4,val
277,376,5,val
446,549,2,val
308,290,5,val
598,279,4,val
468,525,5,val
22,524,4,val
574,91,5,val
415,176,5,val
672,394,5,val
569,62,4,val
712,57,3,val
623,218,2,val
419,264,2,val
24,303,5,val
995,385,5,val
11,255,5,val
283,385,2,val
61,336,5,val
428,134,3,val
861,91,3,val
221,463,5,val
43,526,3,val
120,81,3,val
350,42,5,val
267,168,4,val
375,123,5,val
649,115,3,val
84,196,5,val
191,472,5,val
334,442,3,val
315,363,3,val
865,114,5,val
8,271,3,val
623,585,4,val
754,579,3,val
116,261,4,val
2,583,5,val
686,368,5,val
894,587,4,val
573,556,4,val
901,439,5,val
652,301,5,val
515,46,4,val
985,100,3,val
92,564,4,val
761,254,5,val
324,438,5,val
862,100,3,val
270,135,4,val
631,10,5,val
970,593,3,val
38,196,5,val
391,484,4,val
966,429,3,val
325,396,4,val
705,102,5,val
217,51,3,val
350,243,5,val
812,110,3,val
619,549,4,val
733,104,5,val
13,427,5,val
119,440,4,val
1,579,3,val
542,323,3,val
946,101,5,val
741,268,3,val
475,116,5,val
525,211,5,val
879,26,4,val
903,396,4,val
502,371,5,val
427,344,5,val
669,371,3,val
200,109,3,val
879,429,4,val
881,243,5,val
484,330,2,val
200,519,5,val
505,280,5,val
572,176,5,val
740,500,5,val
31,121,3,val
77,427,5,val
846,409,5,val
354,116,5,val
733,361,3,val
566,261,5,val
377,562,5,val
514,481,4,val
907,144,4,val
433,529,3,val
822,370,5,val
457,475,5,val
621,475,5,val
820,261,4,val
31,330,3,val
759,504,4,val
674,5,4,val
274,524,5,val
188,281,4,val
1,73,5,val
615,439,3,val
163,142,5,val
568,168,4,val
955,306,4,val
850,595,3,val
598,30,5,val
565,20,5,val
519,429,3,val
779,254,3,val
478,527,5,val
317,277,3,val
658,429,2,val
189,553,5,val
478,401,4,val
943,336,4,val
676,556,4,val
634,264,3,val
456,131,4,val
103,452,4,val
7,576,2,val
233,507,3,val
723,279,2,val
482,129,5,val
470,279,3,val
286,320,4,val
163,440,3,val
431,583,5,val
498,43,3,val
335,392,5,val
68,82,4,val
584,513,5,val
383,337,5,val
318,584,5,val
290,588,3,val
777,340,5,val
75,571,5,val
194,19,3,val
220,429,4,val
677,409,5,val
964,129,4,val
428,30,5,val
723,494,4,val
249,239,3,val
614,20,5,val
768,541,3,val
459,225,5,val
625,41,4,val
100,88,5,val
147,50,4,val
580,330,3,val
752,90,2,val
810,396,5,val
410,0,3,val
500,75,5,val
153,599,4,val
387,87,2,val
347,336,4,val
781,26,5,val
861,489,4,val
20,436,5,val
211,88,5,val
644,495,4,val
350,588,3,val
38,450,5,val
712,30,5,val
964,576,3,val
833,173,5,val
497,321,5,val
437,12,5,val
310,546,5,val
798,495,2,val
123,224,3,val
445,156,5,val
699,100,4,val
269,230,4,val
812,305,4,val
51,490,3,val
802,20,5,val
738,320,5,val
931,540,5,val
423,484,5,val
434,357,4,val
92,196,4,val
890,106,3,val
537,368,4,val
129,340,2,val
313,82,4,val
262,556,4,val
130,168,4,val
313,261,5,val
203,196,5,val
738,106,4,val
534,596,4,val
495,506,4,val
200,590,2,val
419,528,4,val
580,429,3,val
894,297,3,val
177,517,4,val
429,100,3,val
959,62,5,val
290,37,4,val
396,121,4,val
485,36,4,val
489,160,5,val
569,240,5,val
470,299,5,val
829,124,5,val
205,466,2,val
831,537,4,val
158,228,5,val
492,589,5,val
695,15,4,val
936,340,5,val
937,20,5,val
411,261,3,val
751,120,5,val
305,131,5,val
472,516,2,val
72,140,4,val
893,275,3,val
941,531,3,val
771,464,5,val
76,422,4,val
984,41,4,val
662,412,5,val
485,9,3,val
920,23,3,val
819,378,5,val
96,259,5,val
606,467,4,val
182,460,5,val
283,396,2,val
968,414,5,val
326,280,5,val
388,411,3,val
785,196,4,val
283,358,5,val
802,387,3,val
42,376,4,val
422,259,4,val
149,75,4,val
194,231,5,val
353,248,5,val
5,168,4,val
542,399,4,val
65,340,5,val
516,52,5,val
303,320,5,val
42,165,5,val
3,448,5,val
870,116,4,val
776,40,3,val
622,556,5,val
245,358,4,val
989,354,5,val
692,261,3,val
371,495,4,val
185,525,5,val
225,582,5,val
879,396,2,val
209,541,3,val
210,585,5,val
792,429,5,val
738,411,4,val
650,561,4,val
117,330,5,val
595,129,5,val
160,42,3,val
481,180,4,val
319,449,5,val
513,595,5,val
420,429,3,val
186,506,4,val
68,179,4,val
800,580,2,val
215,19,4,val
835,592,5,val
977,299,5,val
823,293,5,val
340,509,4,val
177,4,4,val
754,92,4,val
477,129,5,val
150,491,2,val
937,16,4,val
440,252,4,val
649,349,3,val
447,271,4,val
800,322,5,val
223,245,3,val
325,495,5,val
781,550,4,val
549,124,5,val
561,63,4,val
695,124,5,val
140,179,4,val
974,592,5,val
484,429,3,val
957,525,4,val
308,416,5,val
611,117,4,val
285,556,3,val
216,499,3,val
833,447,4,val
781,168,3,val
569,507,5,val
546,337,5,val
358,480,3,val
735,117,4,val
523,126,2,val
65,556,5,val
41,80,5,val
298,330,3,val
171,467,3,val
78,36,4,val
605,100,5,val
30,311,4,val
797,91,4,val
310,550,5,val
217,271,3,val
528,197,3,val
687,420,3,val
736,121,3,val
844,36,4,val
765,524,4,val
545,594,5,val
587,41,5,val
875,277,2,val
194,439,3,val
434,349,5,val
753,474,4,val
796,17,3,val
410,535,5,val
335,537,4,val
446,189,3,val
547,396,3,val
308,489,4,val
685,43,5,val
608,337,4,val
28,106,4,val
202,323,5,val
298,589,3,val
832,330,5,val
755,376,1,val
774,171,4,val
171,330,5,val
73,504,3,val
29,179,3,val
904,455,5,val
549,391,3,val
836,170,5,val
145,518,5,val
733,458,4,val
122,377,5,val
223,279,5,val
28,80,5,val
623,9,3,val
134,254,5,val
501,216,5,val
373,294,4,val
663,458,5,val
673,252,5,val
6,173,5,val
684,281,5,val
802,326,3,val
330,254,3,val
954,319,5,val
177,1,5,val
108,114,4,val
898,457,5,val
952,178,5,val
320,184,3,val
10,29,5,val
375,194,5,val
403,429,3,val
326,36,4,val
523,475,3,val
591,100,5,val
68,138,4,val
375,581,4,val
516,347,5,val
32,49,4,val
790,80,4,val
915,94,5,val
308,271,4,val
300,558,5,val
158,134,5,val
797,20,4,val
551,572,3,val
113,176,2,val
359,264,4,val
805,110,4,val
62,123,4,val
72,110,4,val
460,368,5,val
518,330,5,val
572,595,5,val
761,236,5,val
478,327,5,val
309,46,5,val
565,168,3,val
706,524,5,val
576,470,3,val
850,354,5,val
946,581,5,val
975,314,4,val
470,125,4,val
994,80,4,val
790,94,4,val
340,283,5,val
514,576,2,val
432,496,5,val
903,134,5,val
282,31,3,val
19,107,4,val
738,310,5,val
790,359,3,val
24,436,3,val
524,244,5,val
196,549,4,val
72,227,5,val
471,450,5,val
380,340,5,val
957,94,3,val
272,350,3,val
740,484,4,val
115,457,5,val
772,588,5,val
633,438,2,val
759,356,3,val
47,290,3,val
729,508,5,val
529,297,3,val
334,25,4,val
487,371,5,val
873,375,3,val
718,202,5,val
906,236,3,val
518,322,5,val
700,564,3,val
232,450,5,val
790,87,3,val
283,175,5,val
218,91,5,val
103,262,5,val
392,429,3,val
797,543,1,val
363,30,3,val
471,178,5,val
605,323,4,val
870,93,5,val
350,265,5,val
477,476,4,val
796,146,3,val
698,22,5,val
166,518,5,val
660,134,5,val
517,90,5,val
754,429,2,val
329,381,5,val
55,436,5,val
565,296,4,val
356,421,5,val
189,465,4,val
669,112,5,val
528,330,5,val
777,196,4,val
224,330,3,val
569,594,2,val
361,570,3,val
85,596,4,val
422,330,4,val
768,185,3,val
282,240,5,val
502,66,5,val
212,168,4,val
518,168,4,val
423,295,4,val
825,330,4,val
267,575,5,val
946,293,4,val
790,82,4,val
470,444,2,val
121,340,4,val
799,502,4,val
904,7,5,val
372,585,4,val
271,134,5,val
229,553,5,val
962,241,4,val
712,541,2,val
829,438,5,val
342,123,3,val
829,330,4,val
248,452,4,val
889,355,5,val
544,349,5,val
118,568,5,val
542,240,5,val
817,261,5,val
746,523,5,val
325,330,1,val
553,336,4,val
927,429,4,val
884,436,5,val
852,405,4,val
480,590,2,val
369,435,3,val
38,365,2,val
549,131,5,val
649,566,5,val
446,92,4,val
761,180,3,val
425,328,3,val
331,361,3,val
83,22,5,val
781,360,3,val
756,337,5,val
361,484,5,val
496,541,5,val
439,78,3,val
113,487,5,val
34,358,5,val
740,326,5,val
759,429,2,val
768,334,4,val
454,159,3,val
777,106,5,val
9,592,4,val
743,261,4,val
583,490,5,val
775,277,4,val
64,424,5,val
569,366,3,val
379,525,5,val
275,312,4,val
522,185,5,val
875,479,4,val
63,254,3,val
728,518,4,val
130,350,3,val
623,168,3,val
200,263,5,val
350,332,4,val
822,279,3,val
299,319,5,val
985,176,5,val
41,496,4,val
780,262,5,val
484,323,3,val
325,460,5,val
952,197,5,val
549,490,5,val
515,275,4,val
210,202,5,val
458,396,5,val
520,83,5,val
549,202,3,val
835,153,5,val
173,445,4,val
302,112,3,val
429,236,2,val
829,147,5,val
460,543,3,val
682,115,5,val
132,31,5,val
549,172,4,val
175,240,4,val
653,440,5,val
558,498,3,val
518,229,5,val
775,361,4,val
785,298,5,val
649,236,3,val
982,429,4,val
799,456,4,val
940,480,3,val
615,550,5,val
145,356,3,val
781,330,3,val
934,540,5,val
665,194,5,val
161,476,5,val
164,368,4,val
269,580,5,val
366,196,5,val
101,547,5,val
66,538,1,val
707,429,3,val
72,131,5,val
3,407,3,val
970,532,5,val
459,52,3,val
629,440,4,val
740,124,4,val
244,319,5,val
419,168,5,val
408,277,3,val
250,273,5,val
568,80,5,val
826,36,3,val
95,391,4,val
488,399,5,val
889,94,5,val
466,115,4,val
656,413,5,val
188,576,2,val
100,94,5,val
985,236,4,val
569,82,4,val
537,131,4,val
62,482,3,val
621,587,3,val
239,277,3,val
538,582,5,val
158,16,5,val
548,378,5,val
361,438,4,val
744,264,3,val
780,552,5,val
49,495,2,val
251,168,4,val
477,314,5,val
628,131,5,val
277,196,4,val
443,449,4,val
73,299,5,val
959,453,4,val
384,347,5,val
746,15,3,val
889,88,5,val
495,296,4,val
231,234,5,val
209,116,5,val
992,103,5,val
514,556,3,val
580,363,4,val
667,493,5,val
853,580,5,val
549,498,4,val
798,31,3,val
161,549,3,val
811,445,4,val
459,190,5,val
669,75,5,val
904,29,3,val
941,168,4,val
17,391,4,val
583,190,5,val
38,580,3,val
788,420,5,val
505,576,1,val
952,396,2,val
182,105,5,val
217,91,5,val
576,279,4,val
936,405,4,val
782,347,5,val
583,328,3,val
362,396,2,val
46,317,3,val
341,207,4,val
661,564,3,val
463,487,3,val
597,187,4,val
445,323,5,val
317,217,3,val
351,95,4,val
63,456,4,val
223,294,3,val
504,538,3,val
872,42,4,val
182,26,5,val
9,61,3,val
886,227,5,val
247,556,1,val
87,460,2,val
21,298,5,val
802,295,4,val
897,176,4,val
734,572,2,val
533,436,4,val
697,380,4,val
645,396,5,val
5,141,2,val
488,480,5,val
558,283,5,val
566,110,3,val
283,107,5,val
188,115,2,val
750,168,2,val
644,226,4,val
286,61,3,val
576,326,4,val
10,172,4,val
495,420,5,val
911,332,3,val
100,519,5,val
151,590,4,val
611,134,4,val
342,103,5,val
664,474,5,val
551,278,5,val
493,239,4,val
13,261,4,val
335,401,3,val
595,259,5,val
800,390,4,val
952,367,5,val
38,368,5,val
799,467,4,val
866,279,4,val
25,557,4,val
57,479,4,val
427,388,5,val
909,239,4,val
459,280,5,val
398,281,5,val
799,0,5,val
706,525,5,val
120,361,4,val
445,359,5,val
360,242,5,val
63,312,4,val
0,585,3,val
448,549,3,val
964,100,4,val
835,225,5,val
32,597,4,val
366,323,3,val
314,168,2,val
752,124,2,val
974,31,5,val
649,32,4,val
765,556,4,val
755,338,3,val
947,507,5,val
145,565,5,val
410,232,5,val
740,530,4,val
888,159,3,val
294,499,3,val
82,401,4,val
789,148,4,val
177,322,4,val
153,264,3,val
426,75,5,val
549,30,5,val
602,594,5,val
433,570,4,val
974,268,4,val
423,461,5,val
896,529,3,val
350,288,4,val
130,582,4,val
728,411,4,val
522,469,2,val
332,290,2,val
92,456,4,val
403,396,2,val
113,317,4,val
444,372,4,val
946,90,3,val
598,261,2,val
648,207,4,val
748,187,3,val
783,22,5,val
814,429,3,val
21,15,4,val
397,597,4,val
134,571,4,val
960,240,5,val
664,379,5,val
204,146,3,val
329,585,2,val
816,429,2,val
372,574,3,val
175,354,4,val
877,271,3,val
799,61,4,val
286,168,3,val
649,272,4,val
960,444,4,val
6,30,5,val
152,444,4,val
728,135,2,val
307,550,5,val
283,222,2,val
711,477,4,val
975,179,5,val
895,108,3,val
422,448,3,val
530,120,4,val
423,168,3,val
570,210,3,val
511,245,5,val
944,429,2,val
515,518,3,val
433,112,5,val
837,280,4,val
398,199,5,val
792,576,4,val
519,168,4,val
852,588,5,val
765,542,5,val
307,164,3,val
90,378,5,val
608,29,3,val
692,240,5,val
445,281,5,val
461,256,5,val
421,344,2,val
113,104,4,val
477,330,3,val
421,332,4,val
533,416,4,val
547,296,4,val
889,74,3,val
273,410,4,val
289,178,5,val
754,19,3,val
681,337,5,val
933,94,5,val
125,16,3,val
88,252,4,val
34,258,3,val
937,457,5,val
545,466,2,val
570,88,5,val
17,454,4,val
767,455,3,val
40,557,3,val
161,365,5,val
626,115,4,val
931,109,4,val
617,429,3,val
32,535,4,val
94,549,5,val
628,541,4,val
506,194,5,val
222,553,5,val
411,445,5,val
802,262,5,val
66,317,2,val
734,495,5,val
250,384,5,val
868,306,3,val
659,212,5,val
672,298,5,val
603,514,3,val
843,361,4,val
714,549,4,val
768,576,3,val
277,584,5,val
979,142,4,val
102,225,3,val
444,8,3,val
220,194,3,val
847,574,5,val
950,264,2,val
670,396,5,val
121,37,5,val
224,381,4,val
470,15,4,val
810,516,3,val
558,172,5,val
63,475,3,val
544,549,5,val
680,277,4,val
925,134,4,val
219,5,2,val
679,354,4,val
506,356,3,val
738,471,4,val
295,461,5,val
321,100,5,val
557,352,4,val
187,369,4,val
911,190,5,val
549,338,4,val
948,206,3,val
880,360,5,val
863,593,5,val
22,266,5,val
741,278,2,val
954,429,3,val
146,87,5,val
968,512,4,val
384,539,3,val
302,61,3,val
158,564,3,val
174,563,3,val
707,553,5,val
196,471,1,val
606,121,4,val
947,7,5,val
414,176,3,val
407,350,3,val
743,82,5,val
437,320,3,val
302,573,5,val
647,465,5,val
955,277,3,val
56,59,3,val
36,230,4,val
320,474,3,val
807,429,4,val
475,471,4,val
828,527,3,val
345,354,5,val
676,542,5,val
987,561,3,val
799,545,5,val
627,288,5,val
515,542,3,val
922,429,4,val
287,555,5,val
500,338,5,val
158,235,4,val
158,428,4,val
430,396,4,val
843,245,3,val
659,25,3,val
790,91,4,val
524,595,3,val
749,383,5,val
372,323,5,val
96,156,3,val
951,420,5,val
409,242,5,val
975,207,5,val
478,596,3,val
94,396,3,val
777,7,5,val
740,120,4,val
414,239,2,val
513,36,5,val
134,450,5,val
450,332,3,val
754,401,4,val
309,86,4,val
381,583,4,val
829,108,4,val
401,183,4,val
263,156,5,val
894,92,5,val
780,550,5,val
769,18,2,val
888,155,4,val
72,5,4,val
12,240,5,val
777,597,3,val
787,101,5,val
61,391,5,val
356,42,5,val
427,275,5,val
661,361,3,val
569,357,3,val
472,583,5,val
502,202,3,val
768,509,4,val
468,22,5,val
687,131,5,val
546,168,4,val
717,121,3,val
541,571,5,val
344,565,4,val
328,239,3,val
198,399,5,val
494,543,3,val
613,562,4,val
294,336,3,val
478,89,5,val
160,393,5,val
993,198,5,val
746,228,5,val
672,194,5,val
295,354,4,val
172,309,5,val
161,199,5,val
568,543,2,val
515,340,3,val
835,465,5,val
613,428,4,val
379,10,2,val
781,151,5,val
160,320,5,val
863,388,4,val
740,502,4,val
163,152,5,val
584,453,4,val
286,556,4,val
514,196,5,val
704,262,5,val
664,371,5,val
191,273,5,val
62,585,3,val
669,296,3,val
409,496,5,val
66,576,5,val
454,354,5,val
704,376,4,val
352,484,4,val
545,134,5,val
952,480,5,val
569,100,4,val
547,350,2,val
650,24,4,val
873,196,3,val
188,558,5,val
157,490,5,val
824,596,3,val
844,330,3,val
534,145,4,val
956,100,5,val
486,436,5,val
652,321,5,val
354,254,5,val
495,356,2,val
721,525,3,val
250,428,4,val
558,87,4,val
283,585,5,val
242,92,5,val
988,264,4,val
158,17,5,val
655,112,3,val
465,134,3,val
638,416,5,val
333,529,5,val
225,49,3,val
637,194,5,val
191,239,3,val
477,553,4,val
174,301,5,val
748,26,3,val
511,174,3,val
302,524,5,val
427,124,4,val
527,115,3,val
878,124,4,val
601,214,5,val
576,549,3,val
17,36,3,val
493,36,3,val
375,330,3,val
329,292,3,val
740,152,4,val
666,332,4,val
466,15,3,val
118,588,5,val
551,43,4,val
166,215,4,val
920,78,4,val
72,262,5,val
505,320,3,val
678,252,4,val
785,208,4,val
116,392,5,val
411,172,2,val
52,153,5,val
224,320,4,val
146,261,5,val
545,437,5,val
896,288,5,val
267,110,3,val
841,82,5,val
551,588,5,val
158,211,4,val
792,115,5,val
313,38,4,val
569,148,4,val
114,484,5,val
776,254,3,val
945,569,5,val
667,553,4,val
739,583,5,val
22,30,5,val
154,449,3,val
174,503,2,val
836,112,5,val
575,222,3,val
9,229,5,val
505,173,4,val
510,296,4,val
654,296,3,val
445,202,2,val
670,26,5,val
115,30,5,val
411,428,2,val
57,41,4,val
317,456,5,val
462,203,5,val
341,429,3,val
584,363,3,val
458,290,5,val
906,110,5,val
719,79,2,val
674,178,3,val
835,556,4,val
465,252,3,val
210,588,5,val
722,189,5,val
662,18,4,val
690,338,4,val
694,380,4,val
895,463,5,val
189,560,4,val
888,181,4,val
829,230,5,val
742,396,3,val
873,460,3,val
220,553,5,val
515,219,3,val
121,30,5,val
189,25,3,val
21,553,5,val
48,180,5,val
911,553,5,val
8,323,4,val
116,194,5,val
862,31,4,val
243,458,5,val
943,471,4,val
58,193,3,val
327,465,4,val
740,561,3,val
317,180,5,val
173,31,4,val
551,582,3,val
148,279,5,val
626,556,3,val
333,582,4,val
336,230,5,val
390,574,5,val
478,542,5,val
340,582,5,val
967,595,5,val
154,93,3,val
196,123,2,val
10,168,3,val
411,264,5,val
85,518,5,val
692,219,5,val
665,409,5,val
159,517,3,val
291,18,4,val
899,323,3,val
296,593,3,val
791,495,4,val
392,271,3,val
831,91,5,val
432,49,4,val
421,38,4,val
655,272,4,val
210,194,5,val
496,9,4,val
974,310,4,val
250,272,3,val
393,287,5,val
495,123,4,val
839,354,5,val
779,564,2,val
768,350,3,val
128,21,5,val
446,330,2,val
335,85,5,val
500,374,2,val
292,593,3,val
682,427,5,val
240,1,5,val
20,272,1,val
871,75,5,val
922,536,5,val
752,535,5,val
93,272,5,val
75,174,4,val
569,304,5,val
521,549,5,val
365,585,3,val
392,170,5,val
96,76,5,val
127,376,5,val
352,296,4,val
212,202,5,val
654,117,4,val
680,279,5,val
340,271,4,val
706,427,5,val
512,19,5,val
160,134,4,val
154,330,4,val
787,561,5,val
712,222,5,val
338,356,3,val
367,261,5,val
630,599,5,val
495,519,2,val
153,29,5,val
83,193,3,val
781,336,3,val
17,50,3,val
599,361,2,val
148,94,3,val
935,538,3,val
573,330,5,val
59,396,3,val
350,90,2,val
660,17,4,val
16,89,5,val
541,94,4,val
393,328,3,val
63,474,5,val
237,480,3,val
851,52,2,val
511,427,2,val
950,556,3,val
503,574,3,val
700,49,5,val
700,27,4,val
549,31,5,val
265,240,5,val
498,157,3,val
521,557,5,val
668,416,3,val
537,429,3,val
335,188,4,val
734,330,5,val
546,80,4,val
391,88,3,val
935,240,5,val
512,46,4,val
521,276,5,val
677,318,5,val
996,496,4,val
51,399,4,val
612,429,3,val
937,436,4,val
427,41,5,val
991,123,5,val
652,583,5,val
140,299,4,val
174,105,5,val
799,137,3,val
358,571,4,val
93,361,3,val
740,36,2,val
269,36,3,val
525,429,5,val
212,26,3,val
464,330,3,val
215,189,3,val
753,29,2,val
847,304,5,val
692,43,2,val
613,450,3,val
788,165,4,val
391,261,4,val
152,110,4,val
130,334,3,val
515,376,4,val
839,473,4,val
835,437,3,val
500,146,3,val
159,594,3,val
146,176,4,val
64,229,5,val
601,42,4,val
772,105,5,val
279,274,1,val
780,157,4,val
427,7,5,val
757,234,4,val
749,340,4,val
882,576,3,val
384,556,5,val
69,419,2,val
989,160,5,val
77,542,5,val
946,264,4,val
704,453,4,val
762,194,5,val
806,340,5,val
437,80,5,val
483,143,5,val
696,375,3,val
411,581,5,val
261,168,3,val
29,120,5,val
193,272,5,val
883,126,5,val
160,378,5,val
544,178,5,val
91,518,5,val
666,570,3,val
902,396,3,val
826,239,3,val
17,26,3,val
809,176,5,val
850,516,5,val
16,429,3,val
809,73,4,val
277,202,5,val
317,386,5,val
120,486,3,val
839,12,3,val
834,188,5,val
975,29,3,val
348,41,4,val
672,556,2,val
432,381,5,val
904,240,4,val
274,450,3,val
697,460,5,val
148,541,5,val
91,205,4,val
578,216,5,val
215,179,4,val
786,365,4,val
677,239,2,val
117,494,4,val
691,106,4,val
490,110,3,val
623,293,4,val
842,184,3,val
382,278,5,val
533,338,3,val
700,82,3,val
721,168,4,val
182,334,5,val
439,16,4,val
317,399,3,val
987,7,5,val
803,473,4,val
537,194,3,val
43,360,5,val
782,102,5,val
26,14,5,val
163,74,5,val
941,474,4,val
640,90,4,val
513,475,5,val
13,576,3,val
24,500,2,val
107,374,4,val
554,463,4,val
438,538,5,val
132,504,5,val
732,34,5,val
782,268,4,val
397,543,3,val
6,490,5,val
607,564,5,val
853,194,4,val
993,240,4,val
388,134,4,val
441,111,5,val
299,245,4,val
206,296,4,val
495,240,5,val
268,571,4,val
462,187,3,val
586,571,4,val
57,100,5,val
994,99,2,val
974,244,5,val
247,594,5,val
341,410,5,val
335,293,3,val
692,16,4,val
478,165,5,val
420,257,4,val
412,115,2,val
486,20,4,val
919,129,5,val
419,287,5,val
799,15,4,val
616,549,5,val
174,391,5,val
625,144,5,val
572,457,4,val
473,87,4,val
447,151,5,val
57,565,4,val
500,119,5,val
45,569,3,val
450,202,5,val
1,365,2,val
797,330,2,val
704,372,5,val
833,92,5,val
423,189,4,val
170,170,4,val
443,72,5,val
256,134,4,val
733,112,4,val
321,120,4,val
717,579,3,val
188,357,4,val
463,456,3,val
664,240,3,val
673,212,5,val
662,471,4,val
153,496,5,val
131,332,3,val
824,547,5,val
651,480,5,val
700,123,5,val
523,273,5,val
523,46,3,val
246,210,3,val
217,518,3,val
582,290,3,val
826,208,2,val
304,340,5,val
195,207,5,val
746,141,5,val
143,142,4,val
609,527,5,val
734,65,5,val
340,87,3,val
547,258,3,val
399,178,2,val
568,465,5,val
1,82,5,val
712,505,3,val
840,558,5,val
57,564,4,val
742,133,5,val
407,357,5,val
857,9,3,val
525,321,5,val
271,105,5,val
165,548,4,val
458,20,4,val
244,159,1,val
677,587,5,val
65,93,5,val
647,271,5,val
270,138,2,val
101,240,5,val
188,465,4,val
867,225,5,val
350,313,3,val
363,446,5,val
78,368,5,val
872,571,5,val
895,484,4,val
126,153,5,val
335,208,4,val
569,556,2,val
372,268,4,val
624,525,5,val
430,539,1,val
272,361,3,val
613,421,5,val
761,93,3,val
842,166,5,val
523,194,5,val
622,524,5,val
313,453,5,val
750,340,3,val
384,231,5,val
379,518,5,val
469,221,1,val
785,372,5,val
792,244,3,val
270,128,4,val
391,354,5,val
377,337,4,val
178,592,4,val
960,89,3,val
91,36,2,val
34,336,3,val
565,51,1,val
132,41,4,val
604,337,5,val
117,421,5,val
493,126,5,val
786,395,5,val
896,427,3,val
262,8,3,val
880,513,5,val
891,594,5,val
262,194,2,val
275,399,4,val
160,475,5,val
470,78,4,val
583,80,5,val
459,450,5,val
910,140,5,val
109,471,4,val
350,495,3,val
273,389,4,val
988,463,4,val
225,279,5,val
893,73,3,val
619,202,3,val
84,444,4,val
568,519,4,val
622,190,4,val
50,553,3,val
72,503,2,val
72,239,2,val
8,100,5,val
149,4,4,val
785,279,3,val
189,572,3,val
495,102,5,val
521,531,4,val
926,86,4,val
742,22,4,val
531,293,5,val
546,194,5,val
66,26,5,val
749,475,4,val
502,7,5,val
909,142,5,val
36,281,4,val
979,194,5,val
77,358,5,val
790,593,5,val
186,429,3,val
616,384,2,val
937,245,4,val
425,382,5,val
335,48,5,val
682,424,4,val
771,252,2,val
924,330,3,val
351,88,3,val
912,541,2,val
509,62,5,val
50,26,5,val
189,187,5,val
307,512,4,val
283,553,3,val
548,156,5,val
973,142,4,val
942,49,4,val
160,429,3,val
114,419,3,val
984,88,4,val
558,365,4,val
827,27,4,val
808,246,4,val
147,108,2,val
785,48,4,val
73,359,3,val
537,573,4,val
751,18,5,val
31,211,5,val
563,229,5,val
648,277,3,val
622,444,5,val
958,327,5,val
181,363,4,val
39,305,5,val
86,179,5,val
16,482,3,val
463,16,5,val
519,73,5,val
936,564,3,val
26,153,5,val
600,399,5,val
534,88,4,val
302,444,5,val
508,294,5,val
76,350,3,val
425,4,5,val
761,354,5,val
812,475,4,val
749,495,3,val
494,25,2,val
952,117,2,val
905,517,4,val
929,261,5,val
286,140,5,val
271,16,5,val
533,356,4,val
824,325,3,val
778,66,3,val
370,82,5,val
413,355,5,val
729,70,3,val
669,293,2,val
770,474,5,val
561,91,4,val
778,392,4,val
792,31,2,val
173,38,3,val
512,146,4,val
674,275,4,val
678,213,5,val
763,301,4,val
126,582,5,val
62,285,4,val
550,372,4,val
335,457,5,val
690,334,5,val
762,431,3,val
661,194,5,val
580,234,5,val
250,207,1,val
513,264,4,val
689,75,5,val
979,372,5,val
853,391,4,val
672,321,4,val
959,168,3,val
796,591,5,val
631,236,3,val
621,526,4,val
606,469,4,val
91,336,3,val
102,590,4,val
774,88,5,val
581,173,5,val
552,264,4,val
997,202,3,val
930,82,5,val
601,129,5,val
511,274,5,val
471,347,4,val
174,320,5,val
721,391,5,val
116,359,5,val
152,173,5,val
770,81,5,val
749,576,3,val
855,396,2,val
130,396,2,val
328,264,3,val
387,590,4,val
944,330,4,val
861,536,5,val
802,123,5,val
163,429,4,val
625,277,3,val
494,474,4,val
829,436,5,val
232,264,3,val
47,168,1,val
43,259,3,val
824,458,3,val
468,429,5,val
659,390,4,val
636,4,5,val
339,564,5,val
755,90,3,val
941,429,4,val
947,142,5,val
291,271,4,val
846,340,4,val
794,504,5,val
337,146,4,val
720,92,3,val
606,537,4,val
754,31,5,val
432,570,2,val
548,595,5,val
168,16,5,val
641,596,2,val
362,543,5,val
184,211,5,val
474,362,4,val
22,49,5,val
773,190,5,val
655,405,3,val
766,358,5,val
48,30,3,val
87,380,4,val
175,330,5,val
812,301,4,val
691,110,4,val
888,439,4,val
4,293,4,val
603,321,5,val
389,75,4,val
232,530,1,val
321,404,4,val
484,240,5,val
741,66,5,val
434,464,4,val
842,170,5,val
405,323,4,val
780,344,4,val
111,293,4,val
191,538,5,val
375,561,4,val
163,357,5,val
174,516,5,val
175,376,5,val
336,366,5,val
615,80,5,val
82,342,5,test
562,18,4,test
894,543,3,test
530,457,5,test
562,107,3,test
301,134,4,test
570,337,5,test
133,88,2,test
42,311,4,test
699,453,4,test
95,337,4,test
452,0,4,test
86,172,3,test
964,481,4,test
630,576,3,test
147,87,2,test
708,264,4,test
620,194,5,test
79,582,5,test
964,530,1,test
339,386,5,test
949,467,5,test
647,8,4,test
82,222,4,test
314,358,5,test
294,429,4,test
236,504,5,test
95,70,3,test
46,174,3,test
311,380,3,test
822,173,2,test
589,232,5,test
589,450,4,test
589,190,3,test
713,168,3,test
339,553,5,test
438,2,4,test
88,518,5,test
301,382,4,test
715,199,4,test
732,219,5,test
180,194,5,test
620,91,5,test
98,121,2,test
294,9,4,test
13,196,5,test
749,202,3,test
739,361,5,test
121,304,5,test
266,194,4,test
815,109,4,test
339,302,3,test
18,58,3,test
30,66,5,test
231,429,3,test
635,279,3,test
265,178,5,test
311,574,3,test
102,20,5,test
366,321,3,test
438,524,4,test
822,169,5,test
524,553,5,test
556,357,4,test
374,587,5,test
630,228,5,test
607,549,4,test
230,388,5,test
228,155,5,test
147,168,5,test
230,538,5,test
339,473,3,test
754,427,3,test
105,450,3,test
260,335,4,test
749,409,4,test
279,556,2,test
567,556,3,test
137,164,3,test
46,9,4,test
440,436,5,test
339,180,5,test
532,81,5,test
794,591,5,test
195,230,5,test
532,140,5,test
249,4,5,test
996,550,5,test
118,458,5,test
402,294,4,test
408,206,3,test
180,343,4,test
532,562,5,test
493,236,4,test
667,290,2,test
24,146,2,test
745,288,5,test
784,27,4,test
212,543,5,test
556,279,5,test
749,16,3,test
283,561,3,test
120,350,5,test
880,76,5,test
635,187,3,test
265,124,4,test
534,361,4,test
894,556,3,test
42,547,5,test
540,226,5,test
491,427,5,test
357,564,3,test
121,168,3,test
120,80,5,test
698,55,4,test
240,30,3,test
133,481,5,test
179,553,3,test
739,54,3,test
78,280,5,test
261,574,5,test
211,134,4,test
324,305,5,test
62,190,4,test
524,458,3,test
242,425,5,test
13,410,5,test
609,456,4,test
491,354,3,test
590,279,5,test
964,6,5,test
614,519,3,test
591,429,3,test
137,178,5,test
499,490,5,test
446,204,5,test
880,406,4,test
524,321,3,test
732,327,4,test
880,510,3,test
877,359,4,test
609,337,5,test
102,354,3,test
399,546,3,test
954,26,5,test
591,176,3,test
113,160,4,test
699,232,2,test
817,88,5,test
452,594,5,test
90,160,5,test
199,405,4,test
227,123,5,test
381,356,3,test
24,422,4,test
749,254,5,test
778,457,3,test
249,41,4,test
421,45,5,test
408,429,5,test
754,505,4,test
357,30,3,test
872,141,4,test
877,49,4,test
380,570,5,test
677,505,3,test
590,330,5,test
260,549,3,test
366,77,3,test
261,354,3,test
667,429,4,test
240,417,3,test
446,178,4,test
809,317,5,test
490,222,3,test
890,418,5,test
183,574,3,test
536,549,3,test
996,517,3,test
301,436,5,test
726,444,4,test
971,532,4,test
684,140,5,test
43,180,4,test
490,206,5,test
446,574,3,test
455,345,4,test
436,239,4,test
677,236,2,test
558,557,4,test
185,123,2,test
371,126,4,test
842,42,5,test
493,479,5,test
724,570,5,test
278,365,5,test
421,453,4,test
366,480,5,test
967,264,4,test
801,518,4,test
196,194,3,test
266,82,5,test
89,114,5,test
240,199,4,test
13,46,4,test
334,441,2,test
161,594,5,test
182,268,4,test
135,120,5,test
604,542,3,test
784,504,5,test
348,101,5,test
73,16,5,test
822,408,3,test
609,188,3,test
667,153,4,test
633,254,5,test
616,276,5,test
881,288,5,test
581,224,5,test
632,116,5,test
881,168,5,test
614,234,4,test
210,289,5,test
0,277,5,test
513,254,5,test
607,236,5,test
181,368,5,test
356,45,4,test
442,225,5,test
120,175,5,test
88,359,4,test
732,397,4,test
636,29,3,test
315,191,4,test
526,494,5,test
499,234,5,test
798,51,3,test
118,110,4,test
867,496,5,test
179,429,4,test
775,189,5,test
313,335,3,test
700,262,5,test
0,596,4,test
25,109,4,test
352,251,3,test
988,436,4,test
396,549,5,test
996,358,4,test
442,280,5,test
949,560,5,test
166,140,4,test
881,135,4,test
644,564,2,test
401,354,5,test
278,567,4,test
331,20,4,test
626,168,4,test
231,337,3,test
712,101,5,test
446,597,4,test
287,375,4,test
193,256,5,test
161,561,4,test
558,279,5,test
87,4,5,test
866,419,3,test
504,100,3,test
261,261,5,test
652,407,4,test
924,464,4,test
744,456,4,test
254,88,5,test
511,543,3,test
679,134,5,test
124,429,3,test
7,128,5,test
33,49,1,test
651,344,5,test
86,396,5,test
25,126,5,test
0,515,4,test
66,440,5,test
677,100,5,test
352,166,3,test
750,100,4,test
490,151,5,test
420,119,2,test
607,331,5,test
735,245,5,test
642,480,3,test
607,159,5,test
690,119,5,test
694,277,5,test
231,562,5,test
46,257,3,test
211,495,3,test
954,194,2,test
809,378,4,test
334,106,3,test
448,590,4,test
712,301,5,test
493,116,5,test
308,206,4,test
493,250,5,test
381,396,4,test
166,450,4,test
432,378,4,test
324,429,4,test
682,121,4,test
490,274,5,test
576,194,5,test
759,144,4,test
584,409,2,test
266,474,4,test
489,395,5,test
895,317,3,test
949,427,4,test
94,153,4,test
433,37,4,test
690,34,5,test
46,261,1,test
699,444,3,test
493,532,4,test
349,564,2,test
308,571,3,test
290,497,5,test
558,574,4,test
446,41,4,test
256,168,2,test
690,430,5,test
165,495,3,test
212,507,5,test
236,12,5,test
338,7,5,test
621,275,4,test
491,148,5,test
735,112,4,test
714,296,4,test
51,330,3,test
565,581,5,test
700,590,4,test
880,252,3,test
866,115,4,test
565,15,4,test
521,383,5,test
438,168,3,test
682,201,5,test
890,258,5,test
770,296,3,test
860,196,5,test
196,574,5,test
204,594,5,test
667,160,4,test
8,304,5,test
888,508,3,test
744,535,5,test
226,504,5,test
210,217,2,test
511,451,5,test
455,457,3,test
576,15,4,test
298,512,3,test
66,312,2,test
113,582,4,test
469,482,3,test
540,569,3,test
195,338,4,test
335,558,4,test
266,377,4,test
809,464,5,test
692,314,5,test
433,480,5,test
251,202,4,test
358,232,3,test
275,101,5,test
490,53,4,test
4,349,5,test
145,463,5,test
120,299,3,test
105,358,5,test
123,576,4,test
416,570,4,test
95,197,4,test
283,127,4,test
368,347,5,test
489,27,5,test
283,496,4,test
401,368,5,test
991,72,3,test
188,549,3,test
480,168,3,test
778,474,4,test
438,234,5,test
392,401,2,test
700,405,3,test
376,385,4,test
335,330,4,test
667,582,4,test
612,386,5,test
405,507,5,test
883,354,5,test
509,330,5,test
458,530,2,test
717,202,5,test
525,549,4,test
749,168,3,test
372,560,5,test
420,219,5,test
944,460,4,test
498,565,4,test
90,254,5,test
43,22,3,test
432,126,5,test
210,405,4,test
714,88,4,test
16,87,2,test
587,480,5,test
761,320,5,test
165,464,4,test
745,29,5,test
265,230,5,test
986,123,5,test
584,361,3,test
677,470,2,test
759,372,4,test
40,264,4,test
523,199,5,test
94,110,3,test
591,168,2,test
604,252,3,test
161,231,3,test
107,396,4,test
740,350,5,test
188,504,4,test
448,232,3,test
66,425,4,test
909,277,5,test
723,391,4,test
529,388,5,test
712,4,5,test
714,142,5,test
712,134,3,test
717,261,5,test
872,597,5,test
245,88,4,test
368,525,5,test
583,301,5,test
950,19,3,test
183,293,4,test
798,548,4,test
765,53,4,test
543,328,2,test
944,471,4,test
124,427,3,test
750,206,3,test
833,429,2,test
699,240,4,test
466,399,5,test
283,456,3,test
626,419,3,test
883,393,5,test
251,9,3,test
405,464,4,test
324,110,3,test
298,273,4,test
783,301,5,test
715,25,5,test
700,550,5,test
432,460,3,test
100,2,2,test
951,206,5,test
558,594,5,test
342,206,3,test
698,508,5,test
187,574,5,test
17,430,5,test
43,179,4,test
754,489,5,test
16,102,5,test
717,303,2,test
436,2,4,test
715,254,5,test
174,471,5,test
96,321,4,test
781,191,5,test
807,506,4,test
373,471,3,test
185,358,5,test
572,148,4,test
326,450,5,test
166,320,3,test
626,334,5,test
656,504,5,test
90,516,5,test
495,429,4,test
926,198,5,test
461,293,2,test
987,480,5,test
973,46,3,test
888,150,5,test
799,190,5,test
124,240,3,test
8,321,5,test
232,484,5,test
677,338,5,test
607,344,5,test
247,382,3,test
712,202,3,test
76,172,3,test
426,110,5,test
88,323,4,test
550,444,5,test
149,519,2,test
174,263,4,test
814,550,4,test
641,317,3,test
770,240,3,test
761,576,3,test
5,174,4,test
0,272,4,test
881,134,5,test
883,202,3,test
534,429,3,test
697,495,3,test
519,376,4,test
349,31,5,test
678,196,4,test
775,88,5,test
195,350,4,test
200,190,4,test
898,293,4,test
307,520,4,test
285,376,5,test
145,124,5,test
682,450,4,test
161,581,5,test
693,236,5,test
833,242,5,test
491,542,5,test
169,582,3,test
285,461,5,test
174,535,5,test
162,20,5,test
889,133,5,test
433,194,3,test
890,474,5,test
286,381,5,test
761,484,4,test
373,305,5,test
81,87,4,test
759,140,4,test
761,494,4,test
846,575,4,test
318,114,5,test
682,599,5,test
81,53,4,test
13,116,3,test
335,546,5,test
276,167,5,test
385,176,5,test
848,330,5,test
99,261,5,test
356,173,3,test
889,236,2,test
881,576,4,test
780,330,5,test
373,7,3,test
524,556,4,test
649,302,3,test
181,542,3,test
439,116,5,test
563,296,5,test
227,146,4,test
353,30,3,test
926,293,3,test
52,236,5,test
521,576,3,test
232,83,3,test
255,427,5,test
711,48,3,test
276,540,5,test
165,206,4,test
583,330,5,test
192,296,4,test
372,412,5,test
115,151,4,test
926,240,5,test
149,470,2,test
578,236,4,test
498,495,4,test
196,73,5,test
734,134,4,test
712,156,4,test
276,569,4,test
719,55,4,test
324,166,5,test
248,553,5,test
415,591,5,test
596,155,3,test
882,176,2,test
753,131,5,test
871,518,3,test
558,49,5,test
206,429,5,test
348,352,3,test
421,400,5,test
181,239,3,test
615,161,3,test
349,518,4,test
898,590,3,test
754,547,4,test
177,164,3,test
371,312,4,test
667,11,5,test
392,105,5,test
177,474,2,test
732,559,5,test
869,110,5,test
423,159,4,test
644,340,4,test
120,121,4,test
369,134,2,test
350,17,5,test
907,517,5,test
747,450,5,test
114,315,3,test
57,437,4,test
616,168,3,test
649,260,4,test
791,334,3,test
14,475,5,test
200,340,4,test
413,42,4,test
432,576,3,test
151,594,5,test
16,439,5,test
457,468,4,test
677,70,4,test
819,294,5,test
407,348,5,test
712,537,4,test
885,279,5,test
177,510,2,test
711,439,5,test
221,436,5,test
283,240,4,test
866,429,4,test
659,429,3,test
338,258,4,test
842,471,3,test
475,190,5,test
975,272,5,test
920,464,5,test
659,253,4,test
650,161,4,test
46,496,3,test
889,197,2,test
509,202,5,test
342,194,4,test
251,564,4,test
495,477,5,test
495,72,3,test
895,548,4,test
807,444,5,test
51,262,3,test
115,225,5,test
925,69,5,test
315,244,3,test
705,323,4,test
309,181,5,test
888,191,3,test
140,496,3,test
869,340,4,test
679,412,5,test
16,63,2,test
576,196,4,test
13,30,3,test
572,475,5,test
712,475,5,test
161,75,5,test
513,199,4,test
649,287,4,test
260,428,3,test
78,354,5,test
495,323,3,test
775,42,5,test
78,378,5,test
798,92,5,test
673,222,3,test
525,471,5,test
888,243,5,test
587,350,5,test
544,116,4,test
622,162,5,test
982,599,3,test
200,579,4,test
145,504,5,test
957,366,3,test
621,293,4,test
311,599,3,test
743,482,3,test
57,242,5,test
615,567,5,test
811,336,3,test
76,236,2,test
907,570,3,test
142,71,3,test
114,594,5,test
309,550,4,test
660,354,5,test
401,484,4,test
781,269,5,test
440,227,5,test
223,5,3,test
892,296,4,test
717,594,4,test
309,497,4,test
413,373,5,test
835,475,5,test
381,115,3,test
341,552,5,test
357,474,4,test
177,196,4,test
309,347,5,test
887,239,3,test
358,486,3,test
576,539,4,test
888,547,5,test
341,553,5,test
43,482,3,test
612,162,5,test
436,167,3,test
974,336,2,test
64,8,5,test
387,385,5,test
660,219,4,test
352,293,3,test
736,457,5,test
582,360,5,test
255,18,3,test
270,181,5,test
306,138,3,test
895,53,4,test
469,199,4,test
544,496,4,test
690,185,5,test
644,108,3,test
12,495,4,test
466,556,4,test
982,505,3,test
907,474,4,test
895,189,4,test
768,240,4,test
790,277,2,test
740,570,5,test
293,198,5,test
899,463,3,test
392,354,2,test
599,428,3,test
659,369,4,test
309,504,5,test
127,6,5,test
361,549,5,test
228,582,5,test
504,202,3,test
9,380,4,test
162,124,5,test
413,458,4,test
115,134,3,test
113,143,4,test
486,123,4,test
670,429,4,test
740,293,3,test
294,439,4,test
9,115,3,test
90,595,5,test
833,388,4,test
640,272,4,test
354,508,3,test
352,146,3,test
426,142,3,test
27,320,5,test
200,368,5,test
799,211,5,test
363,264,2,test
749,336,4,test
387,202,3,test
679,334,5,test
846,98,5,test
872,153,5,test
261,49,5,test
712,457,5,test
468,347,5,test
17,245,4,test
496,491,4,test
91,323,4,test
865,444,4,test
331,29,5,test
563,20,5,test
583,168,4,test
799,480,3,test
87,523,3,test
62,124,5,test
87,344,4,test
826,556,3,test
300,76,5,test
104,580,5,test
140,240,3,test
221,199,4,test
558,580,3,test
660,168,4,test
942,370,5,test
343,197,5,test
1,435,4,test
312,407,5,test
18,41,4,test
130,203,4,test
196,30,3,test
423,131,5,test
833,279,3,test
338,19,3,test
832,253,4,test
768,452,4,test
594,474,5,test
416,361,3,test
849,236,5,test
495,377,5,test
544,155,3,test
691,274,4,test
572,103,5,test
596,247,4,test
126,78,4,test
291,404,5,test
682,43,4,test
408,396,4,test
51,134,4,test
153,396,4,test
967,178,5,test
580,329,5,test
946,518,5,test
356,203,5,test
764,481,2,test
326,439,3,test
9,9,2,test
196,215,3,test
432,12,3,test
778,100,5,test
692,120,5,test
307,222,4,test
998,229,5,test
443,19,3,test
412,476,5,test
768,50,5,test
10,381,3,test
300,525,3,test
497,419,4,test
457,592,3,test
392,9,3,test
221,517,5,test
827,440,4,test
679,536,5,test
682,150,5,test
227,447,3,test
273,84,4,test
320,318,4,test
697,153,3,test
736,383,4,test
188,46,3,test
582,347,4,test
626,91,4,test
859,434,5,test
674,103,5,test
740,38,4,test
68,222,3,test
626,571,4,test
350,214,5,test
833,240,3,test
405,505,4,test
400,222,4,test
286,293,5,test
744,172,3,test
840,502,4,test
563,168,4,test
700,124,5,test
486,594,5,test
716,360,5,test
728,156,5,test
988,360,4,test
649,318,2,test
130,270,4,test
49,299,2,test
946,37,5,test
933,183,3,test
479,280,3,test
542,454,4,test
525,327,5,test
950,425,3,test
151,457,5,test
694,503,3,test
903,340,3,test
160,336,4,test
160,330,3,test
449,450,5,test
656,429,4,test
967,474,5,test
906,317,3,test
764,277,4,test
656,17,5,test
607,571,5,test
799,240,2,test
54,551,2,test
76,191,4,test
413,12,4,test
714,359,3,test
495,585,2,test
145,385,5,test
350,15,4,test
750,330,2,test
827,349,4,test
57,420,5,test
532,516,5,test
845,157,4,test
771,254,5,test
799,40,3,test
955,142,4,test
659,264,2,test
782,371,5,test
864,254,4,test
539,564,3,test
466,363,4,test
996,504,5,test
527,548,4,test
837,592,5,test
83,575,5,test
373,30,5,test
847,429,3,test
826,368,5,test
926,508,4,test
741,321,2,test
174,317,4,test
834,53,3,test
539,582,4,test
439,396,3,test
177,579,2,test
678,522,5,test
957,234,5,test
212,428,5,test
899,321,5,test
161,262,5,test
223,420,5,test
653,297,5,test
19,5,3,test
387,572,5,test
739,339,5,test
717,142,4,test
741,577,5,test
67,279,4,test
575,474,5,test
708,126,4,test
71,361,4,test
533,219,4,test
350,556,2,test
835,190,5,test
975,249,4,test
660,317,3,test
971,245,5,test
899,263,3,test
304,553,3,test
521,361,4,test
363,396,2,test
356,576,3,test
442,91,5,test
753,43,2,test
10,265,5,test
57,279,5,test
335,561,4,test
923,301,2,test
533,267,2,test
996,16,3,test
255,126,3,test
335,143,3,test
366,32,4,test
271,576,5,test
489,436,5,test
359,126,4,test
740,404,5,test
926,290,4,test
923,110,4,test
195,30,5,test
210,0,4,test
255,371,3,test
892,342,4,test
116,574,5,test
966,42,4,test
395,505,5,test
90,317,5,test
232,443,4,test
78,153,5,test
373,134,5,test
833,234,5,test
182,29,5,test
270,184,5,test
361,235,5,test
348,178,2,test
580,159,2,test
1,557,5,test
17,314,3,test
510,112,3,test
161,9,3,test
563,543,4,test
4,82,5,test
913,167,2,test
475,429,3,test
288,429,4,test
496,168,4,test
245,141,3,test
448,556,2,test
951,100,4,test
621,264,5,test
998,1,5,test
16,37,5,test
804,441,3,test
49,320,5,test
698,100,4,test
340,429,4,test
781,429,4,test
734,120,4,test
220,148,4,test
350,9,3,test
783,420,2,test
332,570,5,test
537,495,4,test
442,546,4,test
318,482,5,test
283,16,2,test
572,578,4,test
799,440,4,test
377,110,4,test
697,71,3,test
476,525,4,test
588,87,5,test
20,17,3,test
145,550,5,test
28,3,4,test
577,23,3,test
147,428,3,test
738,238,5,test
521,108,4,test
539,249,5,test
118,527,4,test
420,403,4,test
112,540,5,test
250,115,5,test
577,542,5,test
307,88,5,test
841,81,4,test
653,495,5,test
357,496,4,test
441,184,5,test
158,239,2,test
526,440,5,test
650,475,3,test
472,146,4,test
480,571,4,test
190,581,5,test
677,412,4,test
136,330,5,test
161,20,5,test
84,314,2,test
276,318,4,test
661,49,5,test
166,199,5,test
740,395,3,test
933,474,4,test
212,363,4,test
196,202,3,test
463,170,5,test
571,354,3,test
162,88,3,test
306,76,5,test
600,576,4,test
749,76,4,test
591,457,3,test
220,360,5,test
495,63,3,test
177,544,3,test
578,504,4,test
392,115,5,test
387,357,4,test
533,131,5,test
495,570,5,test
127,473,3,test
781,23,4,test
749,153,5,test
341,121,3,test
118,153,5,test
356,350,4,test
161,153,4,test
161,323,5,test
872,320,5,test
339,324,5,test
244,109,5,test
127,30,3,test
761,486,3,test
977,506,3,test
285,23,3,test
57,361,3,test
3,436,3,test
429,546,5,test
120,336,5,test
558,474,5,test
200,112,3,test
770,107,2,test
806,337,5,test
390,330,4,test
975,429,3,test
902,579,5,test
474,556,3,test
780,9,3,test
975,357,5,test
571,564,4,test
572,153,5,test
477,494,5,test
906,245,5,test
72,487,3,test
423,283,5,test
377,115,2,test
452,197,4,test
734,22,3,test
525,522,4,test
538,427,3,test
687,323,5,test
666,429,3,test
503,4,5,test
16,113,5,test
542,357,2,test
498,340,5,test
391,421,3,test
5,549,5,test
177,254,5,test
633,225,5,test
851,172,5,test
588,549,5,test
745,105,5,test
477,202,4,test
841,240,5,test
781,293,4,test
959,549,5,test
249,442,4,test
824,263,5,test
826,206,3,test
544,103,4,test
64,99,4,test
192,407,4,test
870,537,4,test
359,58,5,test
461,549,5,test
477,319,5,test
320,580,2,test
666,259,5,test
244,440,5,test
865,108,3,test
829,179,4,test
778,490,5,test
112,358,5,test
22,542,5,test
259,296,3,test
659,588,5,test
988,50,3,test
855,344,5,test
700,15,4,test
40,174,3,test
970,239,5,test
105,13,3,test
591,310,3,test
350,54,3,test
904,560,2,test
163,261,5,test
165,498,3,test
993,572,5,test
76,268,4,test
356,119,3,test
160,427,3,test
904,366,5,test
621,486,5,test
0,340,5,test
348,194,5,test
970,198,5,test
801,30,5,test
350,134,5,test
255,405,3,test
888,574,3,test
895,364,3,test
759,518,5,test
10,100,4,test
19,65,4,test
8,594,4,test
270,599,5,test
507,140,4,test
43,146,4,test
187,571,4,test
449,406,3,test
477,431,4,test
104,26,4,test
516,116,4,test
819,155,3,test
165,6,3,test
749,227,3,test
866,90,4,test
120,131,3,test
280,91,4,test
872,535,5,test
669,264,1,test
173,176,2,test
811,326,3,test
768,3,1,test
328,450,5,test
974,94,5,test
617,239,3,test
752,2,3,test
659,30,3,test
500,574,3,test
423,123,5,test
129,167,3,test
925,592,4,test
738,236,5,test
257,280,4,test
538,210,5,test
542,269,5,test
192,380,4,test
234,592,3,test
904,56,4,test
926,5,4,test
112,202,4,test
407,19,4,test
798,234,5,test
57,5,4,test
283,590,3,test
116,247,2,test
300,97,5,test
206,543,5,test
275,497,5,test
47,579,3,test
576,30,5,test
979,199,4,test
606,78,4,test
528,94,5,test
432,458,4,test
741,491,4,test
400,196,5,test
872,84,4,test
716,20,3,test
21,240,3,test
993,42,3,test
613,2,5,test
539,179,5,test
188,457,4,test
450,150,5,test
177,585,4,test
781,285,5,test
158,323,5,test
28,363,2,test
994,264,3,test
140,429,2,test
79,234,5,test
896,470,2,test
22,518,5,test
335,530,2,test
652,168,3,test
175,546,5,test
745,574,5,test
486,395,4,test
596,49,4,test
74,309,2,test
544,88,5,test
269,461,5,test
157,61,5,test
702,151,5,test
17,350,2,test
660,236,4,test
697,569,5,test
880,168,5,test
297,192,5,test
184,576,3,test
41,0,4,test
382,542,4,test
472,429,3,test
49,330,1,test
41,182,5,test
781,143,3,test
575,99,3,test
358,336,3,test
720,94,3,test
396,140,2,test
221,442,5,test
577,525,5,test
361,254,4,test
782,525,5,test
677,576,3,test
92,106,3,test
2,549,3,test
118,344,5,test
72,208,4,test
579,582,5,test
799,162,5,test
921,475,5,test
382,550,4,test
72,82,4,test
306,88,5,test
596,465,4,test
37,529,4,test
904,268,5,test
714,594,5,test
678,451,5,test
160,354,5,test
833,245,5,test
484,549,5,test
188,429,3,test
834,594,5,test
157,304,2,test
85,348,4,test
489,239,3,test
523,231,4,test
393,444,4,test
580,566,4,test
809,384,2,test
324,211,5,test
661,590,4,test
672,594,5,test
194,165,4,test
940,42,5,test
991,30,5,test
519,453,5,test
387,598,3,test
947,260,5,test
770,582,5,test
115,588,5,test
553,549,2,test
523,119,3,test
469,62,4,test
537,334,5,test
785,504,5,test
870,168,2,test
738,458,5,test
983,160,5,test
950,376,4,test
283,340,5,test
939,354,4,test
681,521,3,test
922,134,5,test
672,281,5,test
335,323,5,test
423,341,4,test
719,262,5,test
545,194,4,test
770,29,4,test
843,404,4,test
653,110,4,test
294,43,3,test
752,588,5,test
906,79,4,test
432,553,4,test
196,255,4,test
416,429,3,test
469,549,4,test
552,202,5,test
57,596,4,test
237,293,3,test
622,558,5,test
576,295,4,test
870,52,5,test
837,450,5,test
998,135,5,test
240,174,3,test
913,396,3,test
985,330,3,test
288,517,5,test
819,571,3,test
177,280,4,test
725,429,4,test
379,87,3,test
435,581,5,test
547,376,5,test
975,88,4,test
743,100,4,test
596,244,5,test
847,30,5,test
433,463,4,test
327,526,3,test
269,474,2,test
391,94,3,test
20,222,4,test
500,498,4,test
458,129,5,test
369,338,3,test
681,273,5,test
901,148,4,test
490,11,3,test
803,330,5,test
578,419,4,test
265,570,3,test
461,82,4,test
789,340,4,test
472,322,5,test
340,176,4,test
690,569,4,test
477,261,3,test
502,76,3,test
584,10,5,test
237,504,5,test
722,590,4,test
761,396,3,test
973,208,3,test
441,3,5,test
664,363,5,test
84,390,3,test
391,277,3,test
174,293,3,test
335,412,3,test
749,516,4,test
188,202,4,test
340,11,5,test
735,121,4,test
826,176,5,test
81,7,5,test
0,574,5,test
200,401,4,test
518,347,3,test
580,312,4,test
617,438,5,test
738,361,3,test
456,36,3,test
294,557,5,test
904,322,5,test
198,31,4,test
320,146,4,test
716,482,4,test
674,14,5,test
762,410,4,test
926,460,4,test
432,208,3,test
923,321,4,test
387,166,4,test
672,517,5,test
573,460,3,test
896,273,3,test
714,178,4,test
283,135,5,test
518,410,4,test
540,6,4,test
989,330,5,test
92,576,2,test
172,42,5,test
573,274,5,test
523,49,4,test
659,90,4,test
537,105,5,test
158,20,5,test
152,302,4,test
780,376,5,test
768,427,2,test
653,219,5,test
955,321,5,test
584,88,4,test
578,428,3,test
900,286,5,test
468,135,5,test
553,443,4,test
580,75,5,test
889,168,1,test
250,464,2,test
204,202,4,test
336,125,4,test
333,427,5,test
580,81,3,test
650,147,5,test
823,436,4,test
62,50,2,test
960,142,4,test
306,479,4,test
293,572,5,test
655,588,5,test
895,359,4,test
788,236,3,test
217,264,2,test
976,475,3,test
959,146,3,test
807,556,4,test
999,116,5,test
350,438,5,test
211,169,4,test
237,518,5,test
550,376,5,test
484,495,5,test
180,518,4,test
669,576,3,test
161,51,4,test
536,445,5,test
161,235,3,test
621,106,5,test
177,88,2,test
743,143,5,test
120,382,3,test
9,548,5,test
781,213,5,test
648,82,4,test
797,141,4,test
121,399,4,test
628,436,5,test
950,309,5,test
631,557,5,test
176,29,4,test
247,158,3,test
689,352,5,test
215,321,5,test
979,227,5,test
328,61,2,test
157,589,4,test
161,585,5,test
336,436,4,test
783,336,4,test
692,204,1,test
697,596,3,test
61,14,5,test
864,436,5,test
741,65,3,test
600,340,5,test
653,337,4,test
72,202,4,test
514,290,5,test
864,281,5,test
123,428,3,test
432,10,3,test
530,229,5,test
810,115,5,test
608,361,3,test
426,409,5,test
674,280,5,test
177,120,4,test
413,168,5,test
525,279,4,test
525,512,4,test
320,526,3,test
283,407,4,test
888,172,2,test
10,525,3,test
974,88,4,test
352,202,5,test
17,548,4,test
479,368,4,test
692,134,4,test
505,330,4,test
334,516,4,test
858,190,5,test
525,440,4,test
658,556,3,test
375,363,4,test
921,381,4,test
336,84,5,test
596,594,4,test
737,95,5,test
518,27,3,test
166,115,2,test
61,542,1,test
98,168,4,test
392,211,5,test
1,574,5,test
336,131,4,test
423,529,3,test
768,463,2,test
221,372,4,test
442,595,4,test
577,115,4,test
387,91,5,test
664,110,3,test
655,457,5,test
895,55,4,test
331,117,3,test
63,360,5,test
906,116,4,test
506,520,4,test
510,270,4,test
786,264,4,test
728,527,4,test
320,274,5,test
960,4,4,test
244,134,5,test
670,532,4,test
177,454,4,test
426,361,4,test
619,296,4,test
384,87,1,test
537,14,4,test
250,340,5,test
700,226,3,test
765,176,5,test
178,588,5,test
47,550,3,test
255,566,5,test
516,239,4,test
441,93,5,test
986,464,1,test
741,415,5,test
0,261,5,test
622,135,4,test
250,148,5,test
975,94,5,test
573,234,5,test
635,429,3,test
219,553,4,test
740,420,4,test
360,576,2,test
429,535,3,test
29,262,4,test
974,525,4,test
269,103,5,test
178,421,5,test
462,119,5,test
568,322,5,test
482,153,4,test
391,580,5,test
158,340,3,test
252,340,4,test
499,366,3,test
649,460,3,test
393,21,5,test
175,574,5,test
103,168,4,test
250,354,2,test
477,335,5,test
740,83,3,test
24,594,5,test
398,561,5,test
904,162,5,test
181,460,5,test
717,496,4,test
144,44,3,test
326,334,4,test
599,510,4,test
973,5,3,test
968,36,2,test
387,131,5,test
219,511,4,test
341,88,4,test
610,594,4,test
768,151,2,test
896,172,5,test
797,272,3,test
537,129,5,test
952,66,5,test
90,153,5,test
982,129,5,test
41,397,5,test
583,430,5,test
690,440,5,test
251,386,4,test
949,268,5,test
565,546,5,test
888,523,5,test
103,313,5,test
398,143,2,test
557,164,4,test
847,178,5,test
881,248,3,test
36,174,4,test
706,151,3,test
40,240,4,test
495,411,3,test
378,436,5,test
743,152,4,test
926,169,5,test
711,475,5,test
335,471,3,test
786,327,3,test
269,429,3,test
91,596,4,test
676,196,5,test
666,234,3,test
157,240,4,test
217,190,4,test
849,261,5,test
113,542,4,test
510,279,5,test
770,424,3,test
447,51,4,test
901,52,5,test
555,400,5,test
125,151,3,test
656,296,3,test
361,469,4,test
53,29,4,test
213,561,4,test
553,429,2,test
350,94,4,test
575,570,4,test
227,594,5,test
295,252,4,test
474,542,5,test
41,543,3,test
73,319,5,test
553,141,4,test
564,153,5,test
862,371,2,test
918,201,3,test
378,294,4,test
308,454,3,test
340,540,3,test
413,75,3,test
838,245,5,test
606,446,4,test
215,314,3,test
513,535,5,test
761,368,5,test
369,233,4,test
307,194,5,test
539,405,3,test
888,517,4,test
841,321,5,test
474,148,5,test
91,262,5,test
350,541,4,test
565,146,4,test
206,30,4,test
474,112,3,test
72,444,3,test
885,78,3,test
744,126,5,test
728,375,3,test
641,70,3,test
82,506,3,test
259,6,5,test
714,507,5,test
259,240,3,test
290,198,4,test
112,337,5,test
180,429,4,test
934,105,5,test
795,179,4,test
515,555,4,test
781,400,5,test
103,112,5,test
78,225,5,test
595,354,4,test
839,535,5,test
549,285,5,test
504,319,2,test
721,162,4,test
539,9,3,test
341,465,4,test
7,167,3,test
320,506,4,test
985,422,3,test
500,213,5,test
428,164,3,test
377,150,5,test
513,147,5,test
491,519,5,test
723,553,5,test
618,121,5,test
113,457,3,test
768,170,5,test
84,239,2,test
57,236,3,test
568,76,5,test
611,469,2,test
523,83,2,test
752,548,5,test
970,372,4,test
188,12,4,test
525,541,5,test
628,264,3,test
460,593,4,test
687,281,5,test
6,274,5,test
495,419,4,test
223,0,4,test
569,106,5,test
684,455,4,test
276,588,5,test
424,93,4,test
752,206,4,test
84,549,3,test
901,543,4,test
954,134,5,test
313,562,5,test
676,519,5,test
415,236,5,test
273,390,3,test
407,143,5,test
975,202,4,test
177,225,4,test
587,242,5,test
792,105,5,test
66,179,4,test
949,106,5,test
553,444,3,test
785,569,4,test
519,464,5,test
587,548,3,test
623,238,5,test
161,442,4,test
553,440,4,test
768,478,5,test
740,372,3,test
422,69,4,test
103,167,3,test
233,594,4,test
302,18,2,test
253,326,5,test
280,358,3,test
66,564,2,test
948,115,2,test
150,21,5,test
676,572,3,test
384,358,5,test
700,581,5,test
789,124,3,test
345,153,5,test
57,0,5,test
781,593,5,test
887,119,4,test
398,123,5,test
877,585,5,test
869,565,5,test
391,82,4,test
533,377,5,test
41,292,4,test
405,88,5,test
537,525,4,test
37,556,4,test
314,175,4,test
697,523,5,test
328,104,4,test
761,51,4,test
72,264,3,test
975,363,3,test
549,425,5,test
681,49,4,test
428,441,5,test
533,518,4,test
169,173,5,test
960,88,5,test
91,330,4,test
968,482,4,test
53,91,5,test
383,525,5,test
700,37,5,test
415,458,4,test
181,261,5,test
90,475,5,test
302,203,5,test
101,94,5,test
862,138,3,test
523,372,3,test
797,336,3,test
72,42,3,test
572,254,5,test
834,458,5,test
212,495,5,test
400,106,4,test
505,46,3,test
10,371,5,test
247,111,4,test
532,385,3,test
424,557,5,test
448,264,4,test
712,350,3,test
1,222,3,test
795,583,5,test
453,78,4,test
434,52,3,test
678,119,5,test
675,133,3,test
455,88,5,test
317,222,4,test
359,174,4,test
951,415,5,test
124,267,2,test
382,474,5,test
413,574,5,test
849,429,3,test
785,538,4,test
968,93,3,test
754,568,2,test
222,330,5,test
209,126,5,test
871,338,5,test
72,108,3,test
967,78,4,test
20,208,5,test
785,100,5,test
832,148,5,test
416,110,5,test
645,494,5,test
577,320,3,test
771,29,5,test
210,473,4,test
904,396,3,test
383,20,4,test
61,176,5,test
364,436,4,test
702,78,5,test
648,71,4,test
521,428,4,test
232,368,5,test
845,555,3,test
186,358,5,test
653,526,4,test
617,413,5,test
912,351,4,test
175,361,3,test
24,30,4,test
545,146,3,test
676,301,3,test
303,14,5,test
284,8,4,test
212,142,5,test
411,457,5,test
606,234,5,test
901,505,3,test
161,395,5,test
515,36,4,test
328,480,4,test
759,585,3,test
800,212,5,test
390,444,3,test
623,87,3,test
168,61,4,test
889,504,4,test
446,49,5,test
326,471,5,test
841,440,3,test
974,361,4,test
548,457,5,test
739,146,4,test
334,14,5,test
964,202,5,test
277,517,4,test
898,561,4,test
146,142,4,test
644,120,3,test
350,225,5,test
768,100,5,test
103,230,5,test
63,88,4,test
682,196,5,test
586,240,4,test
832,155,3,test
290,395,4,test
800,2,5,test
269,497,5,test
425,168,3,test
9,168,5,test
721,399,3,test
638,406,4,test
840,550,5,test
582,406,4,test
572,439,5,test
582,376,4,test
209,168,3,test
412,549,2,test
352,553,5,test
425,236,5,test
810,42,4,test
498,475,4,test
342,597,5,test
12,574,4,test
934,115,4,test
237,131,5,test
100,296,3,test
380,429,3,test
425,429,3,test
617,580,4,test
600,22,4,test
117,574,3,test
682,350,3,test
342,134,2,test
836,211,5,test
200,532,4,test
115,314,5,test
610,140,5,test
53,193,4,test
428,20,5,test
734,167,2,test
254,109,4,test
411,474,3,test
472,560,3,test
742,428,4,test
523,525,5,test
467,513,3,test
951,593,3,test
583,350,4,test
432,543,3,test
838,397,5,test
904,487,4,test
696,536,5,test
241,75,5,test
379,121,4,test
566,5,3,test
946,556,2,test
780,94,3,test
862,337,5,test
933,583,3,test
580,215,4,test
571,42,5,test
498,236,3,test
532,475,5,test
91,100,4,test
291,338,5,test
810,129,5,test
459,579,4,test
70,110,3,test
123,536,5,test
498,240,2,test
622,354,3,test
904,360,4,test
750,401,3,test
672,147,5,test
344,147,5,test
348,457,5,test
745,26,5,test
342,391,5,test
387,537,4,test
686,288,3,test
974,83,5,test
429,180,5,test
735,134,4,test
936,504,4,test
722,8,4,test
569,293,2,test
137,427,4,test
629,429,3,test
395,247,5,test
150,160,4,test
391,516,4,test
876,598,3,test
716,405,3,test
189,490,4,test
615,566,4,test
571,429,4,test
471,159,4,test
252,106,3,test
177,317,2,test
335,594,5,test
1,109,4,test
811,168,1,test
864,549,3,test
20,484,3,test
496,460,5,test
983,592,4,test
835,254,5,test
823,444,3,test
358,168,3,test
839,460,3,test
786,495,4,test
345,391,5,test
970,444,4,test
337,453,4,test
375,48,4,test
818,577,4,test
768,277,4,test
542,476,5,test
522,134,5,test
546,196,5,test
572,361,3,test
378,371,1,test
157,168,3,test
755,121,5,test
57,327,4,test
125,514,3,test
531,124,5,test
158,328,4,test
75,138,4,test
618,12,4,test
949,350,5,test
669,440,4,test
148,110,2,test
755,444,3,test
41,440,5,test
213,94,5,test
928,134,4,test
291,151,5,test
360,87,3,test
626,100,3,test
582,115,3,test
672,543,5,test
492,498,4,test
407,585,4,test
190,252,4,test
66,168,3,test
800,36,2,test
8,31,5,test
342,590,3,test
921,378,5,test
215,574,4,test
61,348,5,test
373,523,5,test
799,281,3,test
568,506,4,test
851,104,5,test
327,29,3,test
160,29,4,test
163,179,5,test
692,105,5,test
380,466,3,test
748,350,2,test
886,152,4,test
32,579,4,test
748,386,5,test
283,286,5,test
788,32,4,test
424,94,5,test
177,297,4,test
245,110,5,test
952,582,5,test
518,421,5,test
458,29,5,test
358,450,5,test
460,142,2,test
392,16,5,test
954,116,5,test
313,110,5,test
571,124,2,test
9,473,3,test
26,354,5,test
689,323,4,test
899,231,4,test
393,526,1,test
244,565,2,test
186,508,5,test
697,29,5,test
644,373,4,test
619,180,3,test
829,82,4,test
342,354,4,test
87,173,5,test
546,185,5,test
10,319,4,test
127,394,3,test
460,78,3,test
445,424,5,test
973,557,5,test
136,23,5,test
21,525,4,test
393,428,2,test
376,133,5,test
176,396,3,test
873,262,5,test
3,523,5,test
174,442,4,test
669,583,5,test
379,31,5,test
254,524,4,test
933,102,3,test
587,248,3,test
843,474,5,test
738,348,5,test
987,43,4,test
147,202,3,test
575,556,3,test
922,136,4,test
833,546,5,test
714,240,5,test
19,94,3,test
238,400,5,test
571,543,4,test
781,504,3,test
858,42,4,test
113,239,2,test
57,277,4,test
289,88,3,test
504,197,3,test
779,590,2,test
517,376,5,test
125,330,4,test
500,236,3,test
106,5,3,test
335,49,5,test
384,179,5,test
674,205,5,test
545,580,4,test
498,196,5,test
546,380,5,test
286,254,5,test
797,16,5,test
690,287,3,test
405,100,5,test
912,42,4,test
901,103,5,test
628,222,3,test
307,374,3,test
428,496,5,test
733,596,4,test
15,49,5,test
17,239,3,test
365,540,5,test
172,88,5,test
906,590,5,test
427,16,4,test
811,100,5,test
149,585,3,test
481,96,5,test
882,8,2,test
404,240,5,test
565,361,3,test
0,468,4,test
395,429,3,test
215,347,3,test
29,399,4,test
399,181,5,test
736,538,3,test
364,548,4,test
215,349,5,test
80,129,2,test
976,365,5,test
221,527,5,test
934,505,3,test
781,467,4,test
175,222,4,test
957,206,5,test
750,239,1,test
470,437,5,test
506,31,5,test
405,456,5,test
847,110,4,test
394,338,4,test
674,419,4,test
542,490,5,test
621,390,3,test
650,429,3,test
663,474,5,test
19,232,4,test
227,395,5,test
283,337,5,test
341,190,5,test
158,268,4,test
114,436,5,test
617,29,5,test
961,588,5,test
57,7,5,test
563,556,3,test
398,504,5,test
361,59,4,test
1,483,5,test
9,317,2,test
755,594,5,test
469,450,5,test
612,157,5,test
539,84,4,test
636,277,1,test
93,340,5,test
337,330,5,test
685,519,5,test
102,396,2,test
788,582,5,test
523,347,4,test
178,279,2,test
820,453,4,test
717,123,4,test
676,337,5,test
648,529,3,test
424,168,3,test
993,168,2,test
114,121,4,test
548,50,3,test
919,542,2,test
374,239,3,test
571,507,4,test
696,236,4,test
952,458,5,test
176,76,3,test
338,548,3,test
706,181,5,test
609,176,2,test
194,576,4,test
989,280,5,test
800,254,3,test
598,395,4,test
107,376,5,test
804,179,2,test
268,106,5,test
125,302,4,test
659,296,4,test
974,250,4,test
685,525,5,test
903,429,4,test
966,374,3,test
516,198,5,test
816,245,5,test
849,272,4,test
174,429,2,test
326,396,3,test
445,336,3,test
377,396,1,test
91,156,5,test
947,240,5,test
578,26,4,test
219,494,5,test
564,94,5,test
273,129,2,test
649,427,5,test
774,512,5,test
413,562,5,test
319,550,5,test
437,45,5,test
177,550,5,test
696,497,3,test
900,481,4,test
219,231,5,test
848,495,4,test
485,530,3,test
895,131,5,test
129,479,3,test
531,429,4,test
883,516,5,test
157,396,2,test
145,481,4,test
47,479,2,test
559,507,5,test
78,103,5,test
409,390,2,test
528,437,4,test
425,254,5,test
621,262,5,test
478,588,4,test
567,111,5,test
210,8,5,test
598,116,3,test
515,337,5,test
375,590,4,test
759,262,5,test
827,276,5,test
830,488,4,test
447,429,4,test
648,532,3,test
998,340,5,test
439,211,5,test
569,126,2,test
175,168,4,test
495,564,4,test
609,168,4,test
926,239,3,test
936,429,4,test
435,436,5,test
606,409,5,test
615,279,4,test
970,475,5,test
196,349,4,test
3,112,5,test
703,137,3,test
901,442,5,test
249,302,5,test
889,240,5,test
533,486,1,test
509,252,3,test
290,463,5,test
940,549,4,test
549,264,3,test
713,572,5,test
780,180,5,test
37,60,5,test
975,240,5,test
407,168,3,test
45,525,2,test
210,396,2,test
403,410,4,test
333,337,5,test
746,334,5,test
3,576,3,test
792,268,3,test
996,205,2,test
660,441,3,test
753,585,4,test
872,368,5,test
896,475,3,test
515,4,5,test
117,399,4,test
282,29,2,test
21,202,4,test
829,504,5,test
361,365,5,test
672,441,3,test
733,570,5,test
456,251,4,test
228,371,5,test
26,78,4,test
681,419,2,test
286,399,5,test
588,261,4,test
353,330,4,test
189,70,4,test
721,556,3,test
327,364,4,test
564,378,4,test
206,480,5,test
571,449,4,test
177,9,3,test
63,226,4,test
533,290,3,test
384,399,5,test
467,234,5,test
774,207,5,test
888,525,5,test
477,352,5,test
168,170,5,test
987,582,5,test
518,244,5,test
576,486,1,test
681,401,5,test
429,588,5,test
451,138,5,test
268,544,2,test
223,87,5,test
276,115,5,test
273,376,5,test
128,347,5,test
728,574,4,test
103,594,4,test
505,598,5,test
16,66,5,test
572,548,5,test
1,112,3,test
477,400,3,test
724,502,5,test
520,504,5,test
648,589,3,test
150,199,4,test
188,361,2,test
966,323,5,test
437,464,3,test
445,580,3,test
259,429,4,test
433,438,5,test
551,202,3,test
609,371,5,test
568,190,5,test
603,361,3,test
256,42,5,test
999,495,3,test
65,317,4,test
232,103,5,test
110,140,5,test
740,2,3,test
950,5,3,test
287,135,3,test
93,519,5,test
369,15,2,test
961,472,5,test
297,273,5,test
749,302,5,test
51,135,5,test
829,392,5,test
190,31,5,test
53,93,4,test
839,9,4,test
905,502,5,test
148,22,3,test
680,199,4,test
423,202,4,test
127,100,3,test
655,496,4,test
615,124,5,test
976,194,5,test
134,9,4,test
541,320,5,test
770,544,3,test
162,257,5,test
519,42,5,test
661,395,5,test
285,156,5,test
217,517,4,test
362,516,5,test
30,275,3,test
655,226,3,test
950,10,5,test
146,571,3,test
515,590,3,test
896,72,5,test
506,504,5,test
420,506,3,test
549,18,5,test
859,570,5,test
1,1,2,test
112,110,3,test
267,469,3,test
389,10,3,test
827,262,5,test
515,537,4,test
197,26,5,test
221,31,5,test
194,427,5,test
700,116,3,test
893,355,3,test
513,134,3,test
484,228,5,test
646,120,5,test
226,227,4,test
713,309,5,test
786,594,5,test
654,194,5,test
77,87,2,test
407,142,5,test
286,103,5,test
723,524,5,test
526,479,4,test
300,15,4,test
838,523,5,test
41,110,5,test
77,10,2,test
407,26,3,test
999,535,5,test
340,298,5,test
385,134,4,test
279,122,3,test
920,151,4,test
546,270,4,test
954,523,5,test
319,87,4,test
525,254,4,test
405,125,5,test
843,6,3,test
892,66,4,test
946,77,5,test
75,168,5,test
67,506,2,test
661,505,4,test
875,409,5,test
493,176,5,test
740,585,4,test
25,14,4,test
829,123,5,test
917,429,4,test
32,372,4,test
115,188,4,test
847,312,4,test
607,279,5,test
365,3,5,test
541,4,5,test
797,396,3,test
699,336,2,test
548,444,3,test
830,264,1,test
100,81,5,test
122,360,5,test
228,570,5,test
96,360,5,test
250,347,5,test
370,457,4,test
921,4,5,test
207,134,2,test
9,588,5,test
516,508,5,test
741,582,5,test
571,466,4,test
999,556,3,test
817,87,4,test
768,112,4,test
569,349,5,test
993,512,4,test
169,109,3,test
817,258,4,test
916,18,1,test
980,440,3,test
514,273,5,test
6,467,3,test
919,457,4,test
188,493,3,test
460,391,5,test
601,336,3,test
482,429,4,test
852,293,5,test
409,330,4,test
492,574,5,test
807,386,5,test
370,226,5,test
785,429,3,test
700,26,3,test
760,429,4,test
166,49,5,test
134,592,4,test
974,26,2,test
884,542,5,test
797,431,4,test
220,428,4,test
132,281,5,test
696,336,3,test
277,467,5,test
495,373,4,test
283,324,4,test
735,27,4,test
623,484,4,test
971,588,5,test
653,437,5,test
322,330,4,test
611,160,5,test
968,557,5,test
407,271,3,test
218,558,5,test
400,239,1,test
26,475,5,test
619,240,5,test
618,187,5,test
653,438,5,test
419,159,3,test
445,124,5,test
267,361,4,test
663,123,3,test
293,94,5,test
207,565,5,test
253,197,5,test
672,343,5,test
475,475,5,test
359,140,3,test
761,36,5,test
57,406,4,test
875,281,4,test
645,42,4,test
521,239,4,test
492,88,5,test
813,143,3,test
785,479,3,test
569,438,4,test
168,299,5,test
827,444,3,test
283,179,4,test
994,570,5,test
979,427,4,test
948,298,5,test
853,160,5,test
295,262,5,test
790,268,4,test
356,277,3,test
116,65,5,test
175,41,3,test
962,155,5,test
622,458,4,test
844,593,5,test
706,42,3,test
975,19,3,test
327,222,4,test
637,53,2,test
143,36,3,test
272,457,4,test
387,442,3,test
875,565,5,test
134,263,5,test
103,359,4,test
316,12,5,test
749,468,4,test
826,86,4,test
649,202,3,test
404,277,5,test
800,380,4,test
714,8,5,test
683,585,4,test
654,285,3,test
470,156,4,test
51,444,3,test
996,444,4,test
328,595,4,test
485,309,4,test
29,216,2,test
542,430,5,test
496,29,5,test
418,429,4,test
267,381,3,test
127,9,4,test
427,42,4,test
53,202,4,test
309,525,5,test
846,508,4,test
365,31,4,test
394,168,5,test
602,91,3,test
437,538,4,test
77,334,3,test
569,287,4,test
471,326,5,test
72,535,4,test
245,250,5,test
545,94,5,test
782,504,2,test
362,428,4,test
888,84,3,test
191,190,5,test
31,444,4,test
768,264,2,test
115,320,5,test
594,471,3,test
484,94,4,test
768,143,5,test
22,395,5,test
58,552,3,test
421,180,3,test
975,239,3,test
399,340,5,test
160,51,4,test
750,539,4,test
356,278,5,test
253,174,5,test
297,81,4,test
970,387,5,test
576,588,5,test
677,61,5,test
1,30,2,test
652,317,2,test
666,468,3,test
273,405,4,test
173,100,4,test
574,176,4,test
1,62,5,test
65,219,5,test
117,146,3,test
515,239,4,test
341,2,5,test
657,196,5,test
833,323,5,test
959,467,3,test
106,25,3,test
714,261,5,test
693,450,5,test
326,187,3,test
157,410,2,test
422,0,4,test
28,337,5,test
110,2,5,test
599,332,5,test
548,391,4,test
187,176,5,test
437,269,5,test
184,105,5,test
961,0,4,test
929,262,2,test
569,317,2,test
292,7,5,test
113,576,4,test
569,19,4,test
191,553,5,test
361,194,5,test
17,479,3,test
468,80,4,test
840,553,4,test
165,587,5,test
117,396,4,test
470,440,5,test
755,133,4,test
961,564,3,test
72,53,4,test
759,194,5,test
39,593,5,test
181,336,4,test
813,429,4,test
335,505,4,test
671,80,4,test
177,187,4,test
970,320,5,test
65,148,5,test
800,421,5,test
302,556,5,test
398,439,4,test
611,27,4,test
134,153,5,test
196,174,4,test
54,409,4,test
863,397,4,test
630,317,4,test
852,443,4,test
796,27,5,test
276,61,5,test
680,428,4,test
735,494,4,test
74,485,5,test
788,7,5,test
5,138,4,test
740,564,4,test
368,242,4,test
110,368,5,test
787,320,4,test
221,457,5,test
781,46,5,test
515,254,5,test
996,158,3,test
847,240,5,test
896,429,4,test
531,58,4,test
389,134,3,test
676,264,3,test
432,436,5,test
579,195,5,test
63,123,2,test
872,460,5,test
22,525,3,test
695,123,5,test
238,502,5,test
220,556,4,test
798,80,5,test
66,380,4,test
201,465,5,test
99,73,5,test
276,450,4,test
867,429,4,test
697,36,1,test
418,108,5,test
389,330,5,test
273,399,5,test
207,336,4,test
380,585,3,test
652,116,4,test
422,74,3,test
491,503,3,test
393,429,2,test
854,100,3,test
495,398,5,test
757,81,5,test
257,293,4,test
729,56,3,test
402,396,4,test
883,336,3,test
126,579,3,test
741,443,2,test
790,151,5,test
1,146,2,test
310,336,4,test
970,116,5,test
335,441,5,test
689,29,5,test
846,585,5,test
138,100,5,test
97,512,5,test
396,94,5,test
420,436,5,test
350,277,1,test
161,147,5,test
488,371,5,test
867,53,3,test
907,202,5,test
323,516,5,test
723,330,5,test
277,180,4,test
156,574,5,test
267,194,4,test
748,421,5,test
302,239,2,test
362,360,3,test
740,382,4,test
714,252,5,test
92,146,3,test
934,100,3,test
655,264,1,test
747,126,5,test
959,93,5,test
748,399,4,test
549,500,3,test
271,334,5,test
708,254,5,test
785,392,5,test
328,367,4,test
752,368,5,test
580,495,3,test
171,162,5,test
264,454,5,test
888,337,5,test
13,93,5,test
172,464,3,test
704,91,5,test
835,105,5,test
247,194,4,test
517,335,5,test
587,245,4,test
355,508,5,test
605,321,5,test
721,360,5,test
418,31,5,test
439,196,4,test
272,94,3,test
350,444,2,test
158,167,3,test
113,562,5,test
335,239,2,test
524,184,3,test
912,203,5,test
799,184,2,test
498,231,5,test
53,479,3,test
208,410,4,test
420,106,4,test
742,437,4,test
669,337,4,test
181,459,4,test
665,420,4,test
340,275,5,test
400,87,1,test
190,550,5,test
880,532,5,test
354,36,4,test
226,516,1,test
59,27,3,test
665,252,5,test
849,428,4,test
797,457,4,test
28,175,4,test
802,542,3,test
259,330,5,test
857,25,4,test
700,504,5,test
424,464,4,test
688,15,3,test
411,247,4,test
942,335,3,test
901,475,5,test
73,134,5,test
472,202,3,test
131,16,5,test
282,330,3,test
815,137,4,test
873,461,5,test
996,217,5,test
748,390,4,test
214,239,2,test
320,313,4,test
658,75,5,test
896,333,5,test
84,192,5,test
376,347,5,test
741,119,4,test
935,564,3,test
855,404,5,test
575,118,3,test
428,43,3,test
6,409,4,test
497,73,5,test
986,588,4,test
103,340,2,test
740,340,3,test
262,196,5,test
948,100,4,test
40,276,4,test
282,349,5,test
525,416,5,test
959,179,5,test
733,500,5,test
935,196,5,test
424,88,5,test
978,318,5,test
192,0,5,test
304,436,4,test
777,25,3,test
706,556,3,test
728,283,5,test
143,116,5,test
933,309,5,test
502,502,5,test
161,72,3,test
216,104,5,test
462,429,4,test
126,84,4,test
64,549,4,test
518,361,3,test
648,272,4,test
996,140,4,test
931,339,5,test
494,349,5,test
495,471,4,test
613,293,4,test
495,218,4,test
182,7,3,test
800,272,3,test
160,321,3,test
148,537,3,test
327,240,4,test
572,4,5,test
702,340,3,test
777,496,5,test
43,376,5,test
551,410,4,test
327,78,3,test
780,297,4,test
766,148,5,test
799,437,5,test
904,493,5,test
277,212,5,test
160,444,3,test
215,496,3,test
149,442,3,test
936,26,5,test
184,481,3,test
816,168,4,test
870,468,5,test
745,549,3,test
413,69,5,test
755,264,1,test
550,424,4,test
131,271,3,test
965,168,5,test
340,279,5,test
884,8,5,test
265,62,5,test
403,482,4,test
602,361,3,test
755,218,4,test
519,456,5,test
362,234,4,test
226,428,3,test
654,208,4,test
347,354,5,test
783,40,4,test
486,31,5,test
192,100,5,test
445,147,5,test
833,479,3,test
493,490,5,test
317,495,3,test
254,495,3,test
411,41,5,test
61,320,4,test
354,595,5,test
83,429,3,test
671,498,2,test
981,91,3,test
755,396,1,test
568,588,5,test
330,237,5,test
896,536,5,test
496,596,4,test
215,399,3,test
880,45,4,test
652,90,4,test
950,59,3,test
502,87,4,test
467,245,5,test
754,488,5,test
803,350,3,test
188,239,3,test
774,219,4,test
208,440,3,test
651,495,3,test
746,175,4,test
551,335,4,test
216,398,5,test
812,520,4,test
7,338,5,test
320,460,3,test
103,361,3,test
222,182,5,test
721,553,4,test
283,184,4,test
913,4,5,test
375,576,4,test
156,386,3,test
484,437,4,test
219,105,5,test
704,594,5,test
96,16,3,test
396,357,5,test
464,41,5,test
997,556,4,test
431,168,4,test
336,168,1,test
671,181,3,test
302,340,5,test
549,17,5,test
613,69,5,test
122,421,5,test
909,115,4,test
690,392,5,test
727,332,2,test
163,268,4,test
105,338,5,test
546,16,5,test
310,234,5,test
721,148,3,test
393,532,3,test
955,276,5,test
673,429,3,test
430,211,5,test
526,358,4,test
114,424,5,test
391,116,5,test
131,128,5,test
285,330,5,test
911,429,4,test
934,158,3,test
310,75,5,test
283,503,2,test
141,430,4,test
427,407,5,test
738,39,3,test
804,262,5,test
913,15,3,test
292,176,4,test
927,211,5,test
72,464,4,test
546,363,5,test
625,556,5,test
503,103,4,test
289,525,4,test
645,199,5,test
727,279,5,test
386,236,3,test
305,31,5,test
577,34,4,test
940,129,4,test
676,576,3,test
276,288,5,test
384,439,5,test
118,336,5,test
764,88,5,test
729,63,4,test
833,168,2,test
915,51,4,test
194,29,2,test
569,93,4,test
940,159,4,test
843,532,3,test
114,359,5,test
196,561,2,test
646,558,5,test
33,338,5,test
418,152,3,test
92,524,5,test
937,247,4,test
57,206,5,test
171,524,5,test
419,90,4,test
427,166,3,test
780,567,4,test
241,18,5,test
143,572,4,test
829,151,2,test
514,479,2,test
716,588,5,test
664,506,4,test
682,580,4,test
430,32,2,test
433,171,3,test
150,330,4,test
472,115,3,test
391,225,5,test
58,254,5,test
776,588,5,test
936,16,5,test
734,389,2,test
116,294,5,test
504,97,5,test
515,88,2,test
568,336,2,test
978,261,5,test
828,271,4,test
525,198,5,test
87,216,5,test
152,234,5,test
330,22,3,test
722,144,5,test
1,450,3,test
994,582,5,test
648,254,3,test
92,80,5,test
637,419,2,test
3,56,5,test
847,549,5,test
650,18,5,test
921,315,3,test
239,5,4,test
313,323,4,test
828,396,5,test
702,234,5,test
377,198,5,test
306,259,3,test
789,500,5,test
411,222,4,test
914,400,5,test
727,592,5,test
829,461,4,test
220,309,2,test
144,271,4,test
750,350,4,test
445,340,3,test
766,458,3,test
302,146,4,test
765,358,5,test
432,488,4,test
717,581,5,test
103,276,3,test
361,396,3,test
428,183,4,test
775,121,4,test
649,560,1,test
534,121,3,test
569,309,5,test
627,105,5,test
716,592,4,test
389,476,4,test
50,343,3,test
192,467,3,test
883,386,2,test
896,582,4,test
813,477,5,test
682,111,5,test
1,240,5,test
158,359,4,test
669,490,5,test
405,370,5,test
48,524,5,test
119,297,5,test
63,548,3,test
674,320,5,test
659,8,5,test
215,465,2,test
561,96,4,test
792,334,5,test
896,366,1,test
350,396,5,test
19,4,5,test
10,279,5,test
65,337,5,test
178,259,5,test
898,556,3,test
950,471,3,test
283,168,2,test
981,22,5,test
926,250,5,test
755,94,5,test
427,268,4,test
653,576,4,test
157,296,4,test
828,576,4,test
765,135,5,test
662,450,5,test
66,489,4,test
437,84,3,test
598,176,4,test
437,280,5,test
946,104,2,test
616,342,3,test
790,179,3,test
422,436,4,test
959,574,5,test
8,524,4,test
515,25,4,test
864,129,3,test
413,235,5,test
488,7,5,test
696,194,5,test
755,336,2,test
695,518,5,test
655,203,5,test
212,100,4,test
692,556,3,test
897,429,3,test
904,491,4,test
381,65,5,test
656,134,5,test
199,94,4,test
926,46,3,test
243,239,4,test
362,264,3,test
867,347,5,test
829,484,4,test
102,131,5,test
682,542,5,test
407,153,3,test
72,199,5,test
181,42,4,test
211,518,3,test
459,591,5,test
861,440,4,test
428,594,5,test
935,371,5,test
307,30,5,test
707,90,2,test
492,330,5,test
919,205,3,test
625,588,5,test
495,279,5,test
286,571,4,test
130,211,3,test
853,42,4,test
829,424,5,test
617,243,5,test
522,228,5,test
755,169,5,test
767,390,5,test
830,134,5,test
470,129,5,test
72,257,5,test
106,511,3,test
84,181,5,test
488,279,5,test
547,30,5,test
306,202,5,test
901,321,4,test
277,357,5,test
858,429,5,test
403,202,4,test
899,198,5,test
663,506,5,test
116,504,5,test
649,180,2,test
756,194,5,test
900,358,5,test
406,94,5,test
734,271,5,test
740,110,3,test
605,293,3,test
877,261,3,test
91,463,5,test
575,392,3,test
526,297,5,test
175,321,5,test
921,14,5,test
539,136,4,test
905,183,2,test
799,353,2,test
342,5,4,test
993,58,4,test
547,541,4,test
411,48,5,test
782,337,5,test
831,518,5,test
403,337,4,test
730,108,3,test
427,11,5,test
926,596,3,test
449,202,3,test
888,556,3,test
681,22,5,test
600,450,4,test
926,544,3,test
375,395,5,test
947,230,4,test
598,120,5,test
90,53,4,test
273,120,4,test
814,337,5,test
780,429,3,test
569,275,3,test
833,11,5,test
895,202,3,test
208,471,3,test
421,561,5,test
375,134,4,test
738,225,5,test
850,546,2,test
320,121,5,test
785,168,2,test
360,477,5,test
291,503,1,test
782,399,4,test
421,151,5,test
649,363,4,test
207,544,3,test
489,358,3,test
150,396,2,test
712,20,5,test
597,168,4,test
148,300,4,test
529,98,4,test
866,512,4,test
598,31,5,test
742,73,5,test
851,372,2,test
161,123,5,test
112,184,4,test
214,9,5,test
391,146,3,test
686,290,4,test
970,329,4,test
688,134,5,test
255,564,3,test
727,563,5,test
91,168,3,test
802,4,3,test
686,165,5,test
803,196,5,test
766,429,2,test
672,108,5,test
733,19,4,test
471,236,4,test
787,594,4,test
83,543,4,test
880,538,3,test
560,572,5,test
194,480,3,test
122,444,5,test
329,239,4,test
740,158,5,test
322,495,3,test
498,30,3,test
117,185,4,test
88,168,1,test
420,146,4,test
800,543,3,test
10,134,4,test
27,543,2,test
373,129,5,test
936,115,5,test
794,447,2,test
863,504,3,test
386,514,4,test
569,178,4,test
516,115,4,test
401,562,3,test
804,92,5,test
719,53,3,test
586,236,5,test
727,19,3,test
709,323,4,test
50,460,5,test
182,590,2,test
749,330,3,test
608,429,3,test
269,194,4,test
849,506,4,test
5,547,3,test
495,82,5,test
8,106,3,test
857,254,5,test
691,9,2,test
8,142,5,test
359,254,5,test
158,194,4,test
415,36,5,test
302,53,3,test
989,36,4,test
926,31,4,test
306,429,3,test
891,340,2,test
431,82,3,test
868,50,3,test
392,312,3,test
482,271,2,test
100,358,5,test
422,429,4,test
229,552,5,test
786,386,2,test
992,160,5,test
141,517,4,test
736,239,3,test
752,336,5,test
22,553,3,test
421,92,5,test
459,239,3,test
310,504,5,test
934,462,4,test
719,214,5,test
505,332,4,test
883,296,3,test
223,596,4,test
352,362,2,test
656,185,5,test
204,517,5,test
595,484,4,test
458,319,5,test
926,407,3,test
888,288,4,test
950,570,3,test
622,330,5,test
16,345,4,test
695,550,5,test
850,168,2,test
793,271,4,test
377,88,5,test
427,277,4,test
569,237,3,test
478,576,4,test
349,83,3,test
151,359,4,test
895,457,5,test
764,549,5,test
99,31,4,test
755,525,3,test
726,561,2,test
574,103,4,test
150,487,4,test
877,372,4,test
88,159,4,test
319,295,4,test
835,0,4,test
621,31,5,test
239,582,4,test
779,524,3,test
370,84,4,test
853,134,4,test
827,138,3,test
799,330,5,test
168,134,5,test
447,480,4,test
208,115,5,test
246,580,4,test
813,371,5,test
279,57,5,test
741,240,5,test
262,165,5,test
776,190,5,test
965,588,5,test
34,268,3,test
755,188,3,test
492,251,4,test
779,131,5,test
41,268,5,test
478,533,3,test
599,202,2,test
453,523,2,test
216,168,2,test
392,438,5,test
69,279,4,test
206,518,5,test
452,5,3,test
829,8,5,test
243,317,2,test
529,296,4,test
471,439,5,test
968,560,3,test
379,281,4,test
641,174,3,test
829,594,5,test
846,121,5,test
312,173,3,test
861,584,4,test
386,252,2,test
545,168,3,test
43,239,2,test
0,88,4,test
393,401,5,test
440,20,5,test
623,450,5,test
252,589,3,test
597,465,5,test
188,134,3,test
333,217,5,test
360,348,2,test
813,261,5,test
824,542,5,test
427,486,1,test
234,590,2,test
139,349,5,test
68,525,5,test
606,12,3,test
730,41,5,test
996,469,4,test
500,234,5,test
722,588,5,test
574,271,4,test
477,306,2,test
175,5,4,test
882,297,4,test
870,508,5,test
17,12,5,test
854,254,5,test
695,91,4,test
78,31,2,test
341,168,4,test
753,8,4,test
682,519,5,test
888,179,4,test
72,153,4,test
654,466,3,test
470,72,4,test
263,429,4,test
914,593,5,test
239,100,5,test
564,150,5,test
163,46,3,test
569,399,4,test
55,31,5,test
725,330,5,test
49,391,5,test
250,196,4,test
46,538,2,test
567,36,2,test
477,582,3,test
51,273,5,test
956,565,4,test
16,434,4,test
311,197,4,test
277,591,3,test
952,429,3,test
974,259,5,test
75,503,5,test
283,273,5,test
755,194,4,test
863,110,4,test
926,428,3,test
446,128,5,test
375,555,3,test
320,597,5,test
950,562,5,test
422,428,5,test
1,498,2,test
174,236,5,test
140,288,5,test
587,104,5,test
812,392,4,test
125,577,4,test
241,358,4,test
717,81,5,test
119,560,4,test
755,395,4,test
537,440,4,test
218,553,5,test
587,546,5,test
174,282,4,test
799,80,4,test
177,29,4,test
614,464,2,test
900,317,4,test
478,48,4,test
950,16,5,test
853,168,2,test
742,557,5,test
599,582,4,test
929,5,4,test
477,26,5,test
103,541,3,test
384,407,5,test
820,240,5,test
112,217,3,test
573,354,4,test
103,561,2,test
976,142,3,test
50,504,5,test
216,480,5,test
879,210,3,test
214,505,3,test
53,88,4,test
470,219,5,test
530,420,5,test
655,123,5,test
364,317,3,test
892,168,2,test
649,34,3,test
41,421,4,test
17,440,4,test
702,590,3,test
384,596,4,test
215,61,4,test
970,549,5,test
952,159,5,test
221,41,5,test
959,557,5,test
886,5,3,test
766,315,4,test
383,290,5,test
194,24,5,test
635,2,4,test
677,438,3,test
392,405,3,test
795,560,5,test
330,211,5,test
359,153,5,test
474,72,4,test
444,392,4,test
665,63,5,test
284,240,5,test
225,350,4,test
672,474,5,test
704,93,5,test
217,529,2,test
765,181,5,test
58,335,3,test
302,194,4,test
674,75,4,test
810,138,2,test
917,116,5,test
382,21,5,test
913,302,5,test
634,130,5,test
411,49,5,test
760,47,4,test
605,549,4,test
117,460,3,test
8,230,5,test
985,321,4,test
450,516,4,test
372,411,5,test
117,588,5,test
374,293,3,test
501,236,5,test
978,240,5,test
336,355,3,test
748,410,4,test
146,88,5,test
251,399,4,test
427,570,5,test
672,18,5,test
734,29,5,test
89,444,5,test
792,495,4,test
568,556,5,test
704,8,5,test
719,168,3,test
90,354,5,test
904,168,2,test
498,205,4,test
863,350,4,test
305,194,5,test
413,374,2,test
103,148,3,test
382,407,5,test
244,115,3,test
987,271,5,test
246,261,4,test
6,75,5,test
937,196,3,test
327,320,2,test
720,556,5,test
414,330,5,test
465,155,3,test
194,330,3,test
500,490,5,test
16,334,3,test
764,152,3,test
297,429,2,test
81,293,3,test
72,230,4,test
901,9,3,test
30,371,5,test
386,91,3,test
329,90,2,test
345,549,3,test
967,343,5,test
377,361,3,test
865,330,5,test
693,239,2,test
72,254,5,test
755,518,2,test
267,106,4,test
505,0,3,test
830,88,4,test
551,506,5,test
61,102,4,test
14,429,3,test
561,396,4,test
576,18,5,test
6,239,2,test
412,429,1,test
117,568,5,test
936,441,3,test
241,564,2,test
264,361,3,test
317,203,5,test
999,436,4,test
904,349,3,test
505,238,5,test
847,302,5,test
11,549,4,test
753,457,5,test
769,564,3,test
695,281,5,test
910,368,5,test
63,309,5,test
242,546,4,test
485,522,4,test
75,153,4,test
120,409,5,test
327,296,4,test
916,480,5,test
238,419,3,test
360,309,2,test
492,66,3,test
969,529,3,test
553,338,5,test
495,162,4,test
130,466,4,test
143,320,5,test
950,115,3,test
153,211,5,test
767,288,5,test
787,323,5,test
643,115,5,test
156,562,5,test
321,428,4,test
589,546,5,test
603,88,5,test
138,593,3,test
912,330,5,test
732,396,2,test
654,376,2,test
117,227,3,test
235,409,5,test
350,293,4,test
409,34,4,test
588,428,4,test
771,36,5,test
179,19,4,test
978,521,3,test
839,555,4,test
961,229,5,test
849,522,4,test
765,337,5,test
520,234,5,test
387,360,5,test
741,480,5,test
463,29,5,test
44,455,3,test
78,115,2,test
554,495,4,test
628,390,3,test
472,75,5,test
57,434,4,test
568,259,5,test
692,360,5,test
379,234,5,test
788,179,3,test
568,94,3,test
787,208,4,test
268,151,5,test
191,219,3,test
178,244,5,test
251,115,3,test
779,8,4,test
420,352,5,test
246,87,3,test
891,356,4,test
443,228,5,test
361,277,5,test
654,153,5,test
483,82,5,test
62,280,2,test
687,372,5,test
568,358,3,test
796,176,5,test
601,361,3,test
103,211,5,test
752,591,5,test
173,168,4,test
685,273,5,test
472,296,2,test
243,195,3,test
722,257,4,test
911,506,5,test
904,549,4,test
378,581,4,test
834,123,5,test
789,599,5,test
514,525,5,test
986,29,4,test
233,487,4,test
121,121,5,test
431,330,4,test
328,350,3,test
569,431,5,test
116,124,5,test
952,525,3,test
768,26,4,test
411,198,4,test
819,504,5,test
79,36,2,test
365,337,5,test
967,280,5,test
69,557,5,test
960,429,2,test
283,46,4,test
662,116,5,test
150,240,3,test
901,247,4,test
478,463,3,test
267,590,4,test
928,234,2,test
224,103,5,test
755,414,4,test
956,30,4,test
634,460,3,test
69,87,3,test
952,337,4,test
564,88,5,test
333,429,3,test
248,217,3,test
755,436,5,test
573,465,5,test
147,446,5,test
283,439,4,test
290,194,5,test
810,61,4,test
774,562,5,test
16,140,2,test
357,320,3,test
475,391,5,test
875,334,3,test
419,320,4,test
247,429,1,test
896,395,2,test
603,304,5,test
797,310,3,test
598,353,3,test
888,536,5,test
937,576,4,test
256,305,5,test
791,350,4,test
563,588,5,test
831,337,5,test
554,168,5,test
716,444,4,test
57,336,5,test
553,196,4,test
93,427,5,test
134,217,4,test
233,42,5,test
935,239,4,test
865,556,4,test
329,450,5,test
547,420,4,test
437,598,4,test
680,196,4,test
505,168,3,test
961,1,5,test
792,214,5,test
820,507,5,test
515,496,5,test
286,126,5,test
618,564,4,test
513,320,5,test
113,321,5,test
145,424,5,test
780,16,3,test
942,90,3,test
361,84,5,test
341,322,5,test
599,340,3,test
745,374,4,test
45,26,5,test
811,474,4,test
767,480,2,test
577,387,4,test
84,576,4,test
427,271,5,test
224,419,5,test
434,572,5,test
471,168,2,test
661,556,1,test
513,363,3,test
258,317,4,test
873,123,5,test
706,573,3,test
888,13,4,test
247,106,4,test
463,105,5,test
615,588,5,test
392,340,2,test
656,249,5,test
249,25,5,test
957,490,4,test
463,409,3,test
280,264,4,test
375,540,4,test
664,263,5,test
545,239,4,test
697,413,5,test
286,160,5,test
686,450,5,test
926,309,4,test
992,280,5,test
322,323,5,test
763,29,4,test
678,121,5,test
569,390,2,test
728,509,4,test
42,273,5,test
904,474,5,test
639,442,4,test
937,294,4,test
65,358,5,test
839,380,4,test
858,564,5,test
5,444,2,test
398,202,4,test
989,8,4,test
901,82,3,test
686,469,3,test
223,309,4,test
654,25,3,test
11,382,5,test
640,334,5,test
10,16,5,test
387,337,4,test
623,116,5,test
61,258,5,test
587,498,3,test
977,396,5,test
491,337,5,test
769,516,4,test
759,330,2,test
161,409,4,test
191,353,5,test
13,487,5,test
9,162,5,test
689,16,5,test
661,495,2,test
189,410,4,test
854,264,4,test
404,429,3,test
478,323,2,test
755,429,3,test
659,43,4,test
875,46,3,test
565,31,5,test
10,577,5,test
480,191,5,test
819,330,4,test
549,396,2,test
847,39,4,test
471,317,3,test
741,100,5,test
674,375,5,test
697,374,3,test
131,396,4,test
229,555,4,test
738,103,5,test
739,75,5,test
80,50,2,test
538,348,3,test
578,591,5,test
286,340,3,test
212,429,5,test
17,234,5,test
729,146,2,test
488,429,4,test
943,595,5,test
918,259,5,test
285,520,4,test
238,474,3,test
886,436,5,test
208,261,3,test
148,563,4,test
527,234,5,test
372,128,5,test
392,112,5,test
956,498,2,test
547,564,3,test
731,74,2,test
282,389,3,test
200,576,4,test
701,176,4,test
634,279,4,test
340,26,4,test
182,245,4,test
413,531,4,test
248,429,4,test
782,184,4,test
946,525,3,test
585,22,5,test
831,31,5,test
17,590,1,test
220,588,5,test
26,12,5,test
464,450,4,test
61,46,3,test
904,421,5,test
977,594,4,test
650,548,4,test
117,271,4,test
481,239,3,test
56,27,5,test
673,465,4,test
38,337,5,test
175,261,5,test
970,427,5,test
345,236,5,test
360,94,4,test
707,277,2,test
84,106,5,test
896,272,4,test
340,480,5,test
642,335,4,test
393,231,5,test
108,376,5,test
229,524,5,test
546,13,5,test
735,479,3,test
334,537,3,test
201,588,5,test
38,181,5,test
781,385,5,test
790,239,3,test
59,336,5,test
510,295,4,test
692,239,2,test
733,506,3,test
678,467,4,test
547,153,4,test
307,20,5,test
198,527,3,test
839,140,5,test
787,183,4,test
797,572,3,test
89,190,5,test
808,26,5,test
867,181,5,test
838,277,2,test
768,382,5,test
646,457,5,test
29,87,2,test
477,88,2,test
33,593,5,test
934,148,4,test
157,338,5,test
240,330,5,test
734,112,5,test
68,496,5,test
926,480,3,test
800,277,3,test
608,82,5,test
165,269,5,test
661,30,5,test
146,381,4,test
956,575,4,test
527,325,5,test
797,134,4,test
966,88,4,test
812,126,4,test
216,277,4,test
762,264,3,test
505,361,3,test
458,53,3,test
548,108,3,test
199,22,5,test
605,94,5,test
755,187,3,test
450,190,4,test
96,293,4,test
666,230,3,test
163,314,3,test
100,165,4,test
933,240,5,test
63,10,5,test
640,404,4,test
661,350,4,test
478,290,5,test
130,159,4,test
818,469,5,test
605,357,3,test
621,83,3,test
767,404,5,test
723,105,4,test
113,493,5,test
464,100,5,test
373,323,4,test
926,504,3,test
584,524,5,test
687,146,4,test
948,594,5,test
224,93,4,test
772,440,4,test
645,450,4,test
549,593,4,test
598,582,3,test
569,235,4,test
974,482,5,test
244,158,4,test
568,29,3,test
418,87,5,test
61,70,4,test
722,121,2,test
803,337,5,test
285,259,5,test
389,2,5,test
923,277,3,test
516,549,5,test
935,525,5,test
859,236,3,test
888,571,3,test
251,465,5,test
423,358,5,test
471,197,5,test
66,72,4,test
421,51,3,test
61,543,5,test
785,297,5,test
429,146,4,test
935,424,2,test
150,112,3,test
323,354,5,test
598,295,4,test
13,361,3,test
518,317,3,test
533,303,3,test
661,429,3,test
224,176,5,test
325,549,3,test
663,399,5,test
772,437,4,test
625,202,5,test
838,134,5,test
28,165,4,test
100,342,4,test
447,75,5,test
853,475,5,test
516,90,5,test
517,342,2,test
393,146,3,test
547,546,4,test
161,430,5,test
529,493,5,test
888,219,5,test
398,134,3,test
978,133,5,test
932,165,4,test
473,553,3,test
912,502,4,test
16,509,4,test
740,72,3,test
790,121,4,test
501,168,2,test
528,235,5,test
217,444,5,test
418,570,5,test
546,31,4,test
214,516,4,test
40,400,4,test
907,429,4,test
624,396,4,test
553,361,4,test
695,581,5,test
722,29,2,test
496,134,5,test
135,142,3,test
89,555,4,test
516,29,3,test
328,382,5,test
481,579,5,test
272,321,3,test
854,123,4,test
654,533,4,test
465,2,4,test
187,416,3,test
721,465,4,test
601,563,2,test
689,168,4,test
839,194,5,test
844,516,5,test
940,115,4,test
959,503,5,test
896,221,3,test
177,595,5,test
767,240,4,test
379,547,5,test
961,517,5,test
351,180,4,test
812,550,5,test
548,270,3,test
578,78,5,test
680,202,3,test
85,436,5,test
466,196,5,test
711,571,5,test
259,50,3,test
976,196,3,test
672,20,5,test
72,63,4,test
622,261,4,test
839,136,2,test
72,293,5,test
913,87,3,test
251,294,3,test
896,137,4,test
562,372,4,test
703,337,5,test
767,72,5,test
215,359,3,test
374,561,4,test
692,17,3,test
828,234,5,test
548,239,3,test
163,16,4,test
194,135,5,test
126,36,3,test
766,245,5,test
785,134,4,test
9,120,4,test
729,347,5,test
701,29,4,test
391,579,4,test
446,301,5,test
61,358,5,test
958,450,3,test
907,330,5,test
703,19,4,test
347,146,5,test
390,123,5,test
427,172,5,test
103,390,5,test
273,271,5,test
813,183,2,test
692,56,5,test
832,168,4,test
813,312,5,test
296,254,3,test
897,222,2,test
966,301,4,test
858,252,4,test
792,319,5,test
80,240,5,test
35,203,5,test
320,593,3,test
568,100,5,test
471,572,5,test
786,550,5,test
927,92,5,test
18,123,5,test
618,549,3,test
234,495,4,test
908,285,4,test
118,162,5,test
450,308,4,test
548,63,4,test
83,449,4,test
220,399,5,test
132,402,2,test
997,34,3,test
209,36,4,test
580,242,4,test
209,15,3,test
270,22,5,test
461,503,4,test
740,228,5,test
515,320,5,test
777,425,4,test
350,533,5,test
544,572,5,test
241,590,4,test
824,198,2,test
56,428,3,test
691,399,3,test
689,523,5,test
437,191,4,test
462,371,4,test
661,295,4,test
99,67,5,test
862,199,4,test
929,178,5,test
51,337,5,test
785,163,3,test
380,172,4,test
544,556,3,test
580,285,4,test
877,358,4,test
405,296,2,test
867,196,4,test
397,446,4,test
515,524,4,test
261,442,4,test
103,590,4,test
444,124,5,test
959,239,4,test
513,293,3,test
763,134,5,test
137,537,4,test
225,471,4,test
434,110,4,test
727,206,5,test
320,236,1,test
895,254,3,test
981,566,5,test
471,17,3,test
867,153,4,test
691,580,4,test
981,524,3,test
842,9,4,test
624,508,4,test
281,168,5,test
21,376,5,test
417,261,4,test
512,22,5,test
740,219,4,test
534,207,2,test
613,505,3,test
115,359,4,test
613,396,4,test
748,229,5,test
16,474,5,test
553,587,5,test
721,81,2,test
649,354,3,test
979,31,5,test
170,579,5,test
437,234,5,test
418,157,4,test
961,465,4,test
773,322,2,test
896,347,4,test
910,183,4,test
14,264,4,test
717,140,4,test
729,566,5,test
339,588,5,test
63,556,2,test
362,593,3,test
425,153,5,test
140,112,5,test
325,134,5,test
229,289,4,test
471,97,5,test
953,279,5,test
857,553,4,test
700,100,5,test
969,324,5,test
654,597,5,test
329,31,3,test
568,383,3,test
273,168,4,test
648,370,5,test
69,306,5,test
319,482,4,test
780,450,4,test
189,558,5,test
741,471,5,test
730,176,3,test
417,211,3,test
522,17,4,test
932,407,5,test
125,4,5,test
992,363,3,test
533,376,2,test
693,343,4,test
766,474,2,test
209,407,4,test
722,407,3,test
940,297,5,test
933,576,2,test
965,180,5,test
313,337,5,test
941,265,5,test
192,598,4,test
261,123,5,test
35,9,3,test
629,279,5,test
892,378,2,test
728,550,5,test
896,87,3,test
781,532,4,test
634,550,5,test
571,338,3,test
186,201,3,test
748,360,5,test
901,271,3,test
388,442,3,test
67,436,4,test
686,536,5,test
569,355,4,test
792,194,4,test
300,203,5,test
596,230,4,test
968,416,4,test
134,245,3,test
362,116,5,test
755,515,3,test
130,571,3,test
605,532,1,test
214,190,5,test
446,559,4,test
704,252,5,test
722,77,5,test
173,304,3,test
303,199,4,test
537,199,3,test
967,419,4,test
131,564,3,test
66,264,4,test
939,471,5,test
903,575,4,test
877,115,3,test
87,187,4,test
985,252,5,test
283,469,3,test
103,433,4,test
695,29,2,test
698,342,5,test
786,422,5,test
190,146,4,test
752,25,4,test
229,137,4,test
926,436,3,test
354,441,4,test
506,262,5,test
437,521,5,test
889,321,5,test
2,429,3,test
189,467,5,test
719,449,3,test
492,314,5,test
904,198,5,test
353,9,3,test
398,496,4,test
407,94,5,test
406,92,3,test
658,368,4,test
870,222,3,test
903,594,2,test
160,396,2,test
785,146,3,test
45,188,4,test
548,368,5,test
49,236,4,test
851,471,4,test
686,360,2,test
525,458,5,test
210,441,3,test
671,9,3,test
795,471,3,test
978,258,4,test
697,168,3,test
297,277,3,test
211,437,5,test
343,579,3,test
926,62,5,test
568,399,5,test
898,581,5,test
789,90,5,test
569,321,5,test
952,18,2,test
423,277,3,test
580,475,2,test
106,92,5,test
470,16,5,test
93,174,3,test
957,371,3,test
282,159,3,test
163,507,5,test
365,340,5,test
326,502,3,test
733,165,2,test
605,474,2,test
472,112,4,test
161,204,5,test
88,428,2,test
63,512,5,test
428,124,5,test
859,527,4,test
72,549,3,test
70,475,5,test
824,165,5,test
360,560,4,test
908,559,5,test
282,26,5,test
611,116,5,test
113,480,5,test
111,475,5,test
879,172,5,test
548,354,5,test
903,406,4,test
57,346,4,test
484,271,3,test
145,49,5,test
507,436,5,test
796,285,4,test
926,100,3,test
893,294,4,test
751,429,2,test
52,294,4,test
407,108,4,test
722,365,4,test
26,419,4,test
444,271,2,test
844,234,4,test
889,479,4,test
548,317,5,test
673,279,3,test
330,112,5,test
68,273,5,test
327,168,4,test
678,323,5,test
809,261,4,test
263,107,4,test
413,142,4,test
423,3,5,test
678,469,4,test
533,438,5,test
702,92,5,test
407,532,4,test
128,217,5,test
306,133,4,test
655,517,5,test
751,548,4,test
220,203,5,test
115,100,5,test
421,587,5,test
516,502,3,test
111,336,4,test
883,464,4,test
325,576,3,test
34,361,2,test
189,439,3,test
449,296,2,test
569,536,3,test
437,236,4,test
404,391,1,test
653,72,5,test
670,297,5,test
495,236,3,test
541,153,5,test
167,475,5,test
540,179,5,test
759,463,5,test
423,105,2,test
428,566,3,test
341,9,4,test
6,396,1,test
844,236,5,test
292,493,5,test
659,360,5,test
44,337,4,test
250,590,1,test
569,487,4,test
386,254,5,test
56,496,5,test
509,19,4,test
361,309,5,test
528,317,3,test
57,11,5,test
395,146,5,test
70,421,3,test
11,579,4,test
756,93,2,test
787,30,5,test
177,34,3,test
875,176,3,test
799,573,5,test
267,436,5,test
282,94,5,test
877,232,5,test
66,340,2,test
60,570,4,test
208,337,5,test
502,276,3,test
952,1,4,test
255,273,5,test
683,234,5,test
752,320,5,test
1,389,4,test
22,574,5,test
946,404,4,test
875,26,2,test
132,108,4,test
432,176,5,test
205,544,4,test
494,572,5,test
502,279,5,test
391,255,4,test
711,532,4,test
891,574,5,test
445,275,4,test
321,460,3,test
407,361,4,test
553,556,3,test
246,138,5,test
774,549,5,test
169,176,5,test
682,565,5,test
746,179,4,test
577,549,3,test
93,288,5,test
790,4,4,test
341,1,5,test
654,450,5,test
211,109,4,test
501,358,3,test
103,94,4,test
705,596,4,test
654,30,5,test
828,519,3,test
334,241,2,test
952,100,5,test
710,335,5,test
219,340,5,test
966,338,5,test
401,140,5,test
77,556,5,test
994,563,5,test
752,562,3,test
78,557,4,test
850,52,4,test
768,383,5,test
649,327,3,test
516,73,5,test
103,78,3,test
94,371,4,test
375,374,3,test
820,348,5,test
870,377,3,test
763,92,5,test
158,123,5,test
782,159,4,test
215,198,5,test
4,541,3,test
36,100,5,test
246,277,5,test
876,7,4,test
545,429,4,test
992,238,5,test
484,480,3,test
476,406,4,test
268,285,4,test
270,155,5,test
62,490,3,test
771,190,5,test
539,154,5,test
92,536,4,test
960,503,5,test
19,354,5,test
320,168,2,test
678,365,4,test
33,219,4,test
904,558,5,test
593,293,3,test
906,490,5,test
445,594,5,test
843,7,5,test
478,279,5,test
709,437,3,test
505,149,4,test
974,202,5,test
601,123,3,test
895,147,5,test
768,211,4,test
874,587,5,test
786,226,3,test
648,460,3,test
790,312,5,test
168,556,4,test
497,168,4,test
888,184,4,test
614,281,5,test
851,279,5,test
953,202,3,test
797,264,3,test
863,429,3,test
761,495,4,test
49,525,3,test
272,441,2,test
163,140,2,test
515,159,3,test
729,320,3,test
31,396,5,test
189,360,5,test
175,229,5,test
143,153,4,test
78,475,5,test
61,280,5,test
972,94,5,test
733,474,5,test
471,493,5,test
623,502,3,test
9,489,3,test
605,179,4,test
963,590,4,test
175,207,5,test
495,357,2,test
655,399,3,test
48,481,3,test
551,271,5,test
91,2,4,test
103,297,4,test
32,72,3,test
131,138,4,test
571,460,5,test
467,76,4,test
283,75,4,test
62,227,5,test
407,240,5,test
302,546,5,test
704,527,1,test
510,100,5,test
525,580,5,test
191,252,5,test
740,108,3,test
613,108,3,test
644,142,5,test
836,126,5,test
959,48,5,test
22,436,5,test
477,56,5,test
550,150,3,test
210,210,4,test
308,576,4,test
473,343,4,test
296,123,5,test
341,296,5,test
631,361,4,test
827,404,4,test
273,476,5,test
574,239,4,test
429,225,4,test
516,519,5,test
191,168,4,test
840,100,3,test
505,236,3,test
410,151,5,test
561,502,3,test
797,576,2,test
10,541,4,test
785,596,4,test
690,222,3,test
164,304,5,test
403,465,5,test
38,306,3,test
980,116,5,test
965,587,2,test
623,506,3,test
205,444,3,test
901,236,5,test
622,168,5,test
114,230,5,test
301,85,5,test
282,72,2,test
384,120,4,test
384,194,3,test
157,232,4,test
158,104,3,test
790,546,5,test
483,94,5,test
277,588,5,test
72,595,4,test
261,53,4,test
722,549,2,test
43,8,3,test
16,527,4,test
861,271,3,test
521,71,3,test
169,450,5,test
579,206,4,test
432,36,4,test
569,407,3,test
937,49,5,test
437,546,5,test
335,517,4,test
483,410,4,test
160,254,5,test
234,7,5,test
904,277,4,test
461,261,5,test
886,288,3,test
335,168,3,test
933,277,3,test
910,87,2,test
510,38,4,test
245,38,4,test
384,490,4,test
118,450,4,test
57,104,5,test
936,105,5,test
206,570,5,test
445,172,2,test
60,236,2,test
523,123,5,test
50,305,5,test
243,419,4,test
755,564,4,test
704,123,5,test
566,495,3,test
215,490,3,test
292,541,5,test
960,450,5,test
127,283,1,test
551,558,5,test
817,276,5,test
148,494,3,test
781,279,4,test
84,55,3,test
908,338,4,test
251,524,5,test
738,475,5,test
384,134,4,test
267,407,4,test
162,463,5,test
392,342,5,test
841,302,4,test
270,427,5,test
454,191,4,test
687,296,3,test
544,264,2,test
195,457,5,test
17,507,2,test
497,10,5,test
363,532,3,test
414,1,5,test
199,576,2,test
722,62,3,test
373,29,5,test
163,361,3,test
93,290,4,test
192,361,3,test
177,386,4,test
471,358,5,test
953,474,5,test
358,205,5,test
248,361,3,test
790,585,3,test
623,103,5,test
971,106,4,test
269,450,5,test
427,31,4,test
602,348,4,test
207,75,5,test
970,270,5,test
50,159,2,test
955,261,5,test
706,325,2,test
487,532,3,test
220,15,3,test
745,396,5,test
714,427,4,test
856,396,2,test
332,529,2,test
498,566,4,test
983,116,5,test
258,532,4,test
78,177,4,test
121,337,5,test
944,172,4,test
48,429,2,test
174,12,4,test
768,238,4,test
446,409,4,test
414,271,4,test
659,290,2,test
479,402,4,test
740,356,5,test
740,351,5,test
718,403,4,test
209,219,3,test
910,496,5,test
537,116,4,test
427,474,5,test
335,385,5,test
712,594,4,test
844,103,5,test
904,370,4,test
187,503,4,test
725,588,5,test
304,337,5,test
686,208,3,test
209,14,5,test
861,138,5,test
520,110,5,test
515,516,5,test
637,229,4,test
624,121,3,test
545,568,4,test
292,279,5,test
621,234,5,test
758,450,5,test
569,432,5,test
151,395,5,test
642,252,4,test
208,54,4,test
931,78,4,test
810,494,5,test
270,340,5,test
25,289,5,test
361,370,5,test
413,239,3,test
291,341,3,test
685,2,5,test
621,239,3,test
902,18,5,test
704,518,5,test
845,61,3,test
119,587,4,test
822,88,4,test
829,395,5,test
407,574,5,test
616,556,2,test
889,120,3,test
411,594,5,test
896,401,4,test
150,13,3,test
858,75,4,test
539,419,3,test
890,222,5,test
993,284,2,test
572,401,5,test
703,42,5,test
813,572,5,test
585,332,3,test
959,454,3,test
727,337,5,test
161,596,4,test
177,338,2,test
21,556,3,test
959,317,2,test
170,317,5,test
662,555,5,test
388,223,3,test
636,136,2,test
695,594,5,test
904,576,2,test
885,270,5,test
664,172,5,test
740,330,2,test
47,36,3,test
830,523,5,test
968,121,5,test
824,585,3,test
15,429,4,test
510,87,5,test
985,124,4,test
321,419,4,test
962,87,3,test
444,100,4,test
196,477,5,test
797,138,5,test
16,396,3,test
569,94,5,test
845,564,5,test
703,103,2,test
662,536,5,test
343,474,5,test
152,148,4,test
879,108,3,test
470,356,3,test
405,349,5,test
350,61,4,test
391,73,3,test
170,291,4,test
478,106,4,test
47,226,3,test
593,330,4,test
800,9,4,test
794,301,5,test
967,347,4,test
23,251,5,test
835,264,3,test
934,271,3,test
56,36,5,test
710,582,5,test
770,279,4,test
659,168,3,test
757,88,5,test
450,88,5,test
526,265,5,test
887,535,5,test
225,429,4,test
539,429,5,test
129,409,4,test
836,284,5,test
470,573,5,test
857,450,5,test
970,148,4,test
496,288,5,test
375,396,3,test
448,457,5,test
248,317,2,test
422,588,5,test
935,27,3,test
429,330,5,test
757,356,2,test
802,358,3,test
766,519,5,test
492,168,3,test
175,13,1,test
525,205,2,test
252,392,4,test
521,304,5,test
163,421,5,test
821,231,5,test
93,452,3,test
727,335,5,test
873,281,5,test
824,505,2,test
727,283,4,test
970,273,5,test
105,115,3,test
110,196,2,test
587,279,5,test
557,361,3,test
862,487,4,test
551,296,4,test
13,22,4,test
421,546,5,test
396,110,4,test
446,277,2,test
563,518,4,test
19,126,5,test
544,150,5,test
684,444,3,test
118,416,5,test
310,429,3,test
262,320,3,test
332,564,5,test
148,388,5,test
854,490,5,test
361,110,4,test
41,556,5,test
2,330,4,test
411,29,3,test
968,271,3,test
888,231,4,test
39,38,4,test
175,444,5,test
148,429,3,test
446,424,5,test
401,461,5,test
747,251,3,test
674,135,3,test
103,17,4,test
675,202,2,test
880,264,1,test
779,230,3,test
389,234,5,test
500,400,5,test
429,505,2,test
478,429,5,test
219,15,3,test
174,27,5,test
150,209,3,test
45,340,2,test
274,121,4,test
292,407,4,test
795,37,5,test
895,123,4,test
547,84,4,test
516,566,5,test
936,580,5,test
168,438,5,test
379,148,5,test
802,357,2,test
830,334,4,test
943,36,4,test
768,593,4,test
144,76,5,test
173,8,5,test
445,194,5,test
950,82,5,test
839,450,5,test
952,350,3,test
680,172,5,test
470,29,5,test
748,268,4,test
902,372,5,test
770,94,4,test
470,288,5,test
704,354,2,test
763,396,4,test
209,354,5,test
16,279,4,test
161,440,5,test
979,281,5,test
997,352,4,test
157,350,5,test
795,42,3,test
780,558,5,test
648,59,4,test
811,36,1,test
331,288,4,test
143,51,3,test
108,335,5,test
970,590,3,test
829,365,4,test
746,26,5,test
544,501,4,test
30,7,5,test
625,7,5,test
391,574,4,test
879,371,5,test
797,412,3,test
808,396,4,test
20,553,5,test
267,201,5,test
902,429,3,test
823,471,3,test
763,330,5,test
87,36,5,test
7,563,3,test
891,105,3,test
603,261,5,test
2,329,4,test
151,131,4,test
913,153,5,test
247,257,4,test
471,174,5,test
280,15,4,test
940,460,4,test
861,342,4,test
361,555,4,test
401,460,3,test
929,571,4,test
149,184,3,test
877,495,4,test
792,336,3,test
390,30,5,test
376,19,5,test
487,595,5,test
35,199,5,test
854,176,5,test
810,392,5,test
22,124,5,test
469,239,4,test
189,9,4,test
437,273,3,test
434,121,3,test
239,593,4,test
803,444,5,test
480,330,3,test
855,277,4,test
522,46,4,test
721,180,3,test
549,281,5,test
217,81,5,test
889,364,3,test
829,556,3,test
273,16,3,test
94,240,5,test
719,473,4,test
213,309,5,test
437,190,5,test
177,320,3,test
598,383,4,test
637,75,3,test
126,344,5,test
302,229,5,test
234,176,4,test
757,131,3,test
760,490,4,test
634,580,3,test
787,581,5,test
688,115,3,test
819,123,5,test
423,457,5,test
495,415,5,test
45,129,4,test
104,153,5,test
802,338,2,test
682,223,5,test
329,210,3,test
286,280,5,test
796,561,4,test
157,335,4,test
782,87,3,test
904,542,2,test
812,330,4,test
23,111,3,test
508,237,3,test
178,80,5,test
768,90,3,test
462,479,4,test
343,427,3,test
327,524,5,test
258,496,5,test
478,251,2,test
668,271,5,test
605,576,3,test
796,504,4,test
904,404,4,test
757,280,4,test
752,103,5,test
313,503,5,test
803,376,5,test
895,26,3,test
772,168,5,test
720,1,5,test
103,337,4,test
251,596,2,test
888,202,3,test
536,289,3,test
980,497,5,test
117,444,3,test
152,223,2,test
624,593,4,test
863,23,5,test
233,447,3,test
9,357,5,test
220,541,4,test
779,188,4,test
613,182,5,test
346,475,5,test
905,159,5,test
27,36,4,test
460,115,4,test
793,168,3,test
617,129,5,test
267,395,4,test
4,392,4,test
927,129,5,test
531,14,2,test
981,337,5,test
436,302,5,test
896,441,3,test
382,444,5,test
286,5,3,test
829,564,2,test
712,427,2,test
69,390,3,test
384,15,4,test
748,168,4,test
712,55,5,test
374,444,2,test
553,467,5,test
38,115,3,test
904,504,3,test
836,556,4,test
545,120,5,test
812,236,5,test
59,474,5,test
418,385,5,test
31,168,5,test
523,445,3,test
654,161,5,test
931,177,5,test
330,348,4,test
857,364,5,test
953,244,3,test
350,26,5,test
345,561,1,test
748,524,5,test
205,143,5,test
404,571,4,test
896,100,4,test
853,108,4,test
967,153,5,test
666,544,4,test
673,330,5,test
410,400,5,test
537,354,3,test
937,110,3,test
470,188,2,test
941,115,4,test
330,582,4,test
267,146,4,test
170,280,5,test
520,131,4,test
373,96,4,test
570,72,3,test
649,477,5,test
861,168,5,test
550,524,5,test
65,106,4,test
320,24,4,test
370,90,3,test
940,553,4,test
360,49,4,test
606,188,2,test
541,293,5,test
907,592,5,test
461,571,3,test
138,404,5,test
797,365,5,test
769,179,3,test
953,100,5,test
925,100,4,test
158,42,5,test
350,504,5,test
21,496,4,test
62,376,4,test
876,38,4,test
160,176,5,test
117,561,3,test
517,34,4,test
943,509,5,test
972,194,5,test
41,361,5,test
333,468,3,test
706,384,4,test
685,588,4,test
170,372,2,test
752,580,5,test
758,567,3,test
634,581,5,test
319,564,4,test
290,424,5,test
863,168,2,test
157,206,5,test
76,559,4,test
799,487,3,test
725,271,5,test
66,432,2,test
256,202,4,test
863,26,3,test
265,549,5,test
878,88,5,test
194,333,4,test
946,108,4,test
408,134,5,test
571,464,4,test
615,436,3,test
722,596,4,test
518,180,5,test
572,297,4,test
103,312,4,test
150,496,5,test
508,53,3,test
291,330,4,test
321,6,5,test
896,284,3,test
658,281,2,test
673,8,4,test
134,165,5,test
764,396,2,test
666,466,2,test
516,58,3,test
797,194,4,test
421,82,3,test
931,525,5,test
958,1,5,test
740,341,4,test
527,43,2,test
755,166,2,test
515,147,2,test
800,444,4,test
712,18,5,test
994,104,5,test
662,495,5,test
155,205,5,test
128,542,5,test
485,176,5,test
85,294,4,test
988,277,3,test
262,15,3,test
726,321,3,test
495,405,4,test
251,223,5,test
606,565,5,test
546,17,4,test
858,114,5,test
861,112,5,test
439,287,4,test
544,373,5,test
822,84,4,test
786,61,4,test
563,121,3,test
779,31,5,test
59,0,4,test
827,31,5,test
568,99,5,test
793,556,4,test
941,595,4,test
336,240,5,test
613,252,5,test
470,521,4,test
771,583,3,test
943,450,5,test
125,419,3,test
686,273,4,test
34,508,5,test
512,337,5,test
623,128,4,test
246,428,4,test
362,153,5,test
160,141,4,test
665,323,5,test
830,218,4,test
927,495,4,test
367,25,3,test
935,378,4,test
177,190,5,test
251,340,4,test
904,159,4,test
293,576,3,test
468,493,4,test
88,312,3,test
12,557,5,test
709,436,5,test
360,549,4,test
175,128,5,test
411,395,5,test
824,525,5,test
150,327,3,test
829,67,5,test
328,471,3,test
437,279,2,test
320,449,2,test
734,542,5,test
577,135,5,test
840,301,3,test
229,194,4,test
970,272,5,test
64,49,5,test
1,342,4,test
298,155,3,test
895,190,3,test
459,312,3,test
515,478,5,test
950,479,5,test
921,176,5,test
637,202,2,test
793,80,4,test
748,369,4,test
423,437,4,test
93,580,4,test
870,121,3,test
792,431,5,test
350,264,4,test
884,461,5,test
874,476,5,test
658,270,3,test
15,464,3,test
652,216,3,test
920,75,4,test
57,445,3,test
538,116,3,test
176,536,5,test
648,87,4,test
282,572,5,test
1,261,5,test
186,152,4,test
335,338,2,test
250,88,5,test
486,295,4,test
796,92,3,test
94,489,3,test
859,330,5,test
654,75,5,test
34,168,1,test
710,576,2,test
69,276,5,test
781,145,5,test
655,565,3,test
411,508,2,test
625,100,3,test
151,298,5,test
463,196,4,test
584,337,5,test
191,556,5,test
495,271,5,test
821,438,4,test
436,81,5,test
779,518,5,test
605,257,4,test
134,4,5,test
262,9,2,test
521,479,4,test
430,335,2,test
722,168,2,test
72,556,3,test
547,553,5,test
16,100,5,test
870,320,4,test
761,464,4,test
119,168,4,test
225,480,5,test
880,588,5,test
232,26,5,test
391,479,3,test
664,388,5,test
481,208,5,test
545,372,4,test
505,570,4,test
41,429,3,test
624,165,5,test
448,570,2,test
309,372,4,test
430,134,5,test
731,26,5,test
132,365,5,test
839,49,4,test
411,365,5,test
409,345,4,test
65,134,4,test
410,429,4,test
149,34,3,test
643,462,4,test
796,473,3,test
286,475,5,test
548,298,5,test
325,13,3,test
292,272,3,test
515,354,5,test
1,321,5,test
187,225,4,test
828,185,5,test
575,522,4,test
364,91,5,test
385,254,5,test
625,288,4,test
697,279,4,test
159,546,3,test
652,409,5,test
27,293,3,test
599,508,3,test
128,337,5,test
702,423,4,test
933,82,5,test
525,368,4,test
932,508,5,test
545,82,5,test
863,419,2,test
174,598,4,test
831,436,5,test
495,596,3,test
502,18,3,test
268,419,4,test
331,438,5,test
843,582,5,test
489,590,3,test
471,475,4,test
487,486,3,test
319,219,5,test
597,399,5,test
485,240,4,test
992,546,5,test
572,188,5,test
188,30,5,test
704,293,4,test
471,331,5,test
945,202,3,test
160,115,2,test
445,41,5,test
270,429,3,test
569,361,4,test
243,378,5,test
772,321,4,test
221,108,4,test
786,53,4,test
649,277,3,test
65,576,5,test
372,558,3,test
92,168,5,test
485,450,5,test
785,518,5,test
93,549,3,test
895,172,2,test
596,144,5,test
905,524,5,test
118,464,3,test
697,16,5,test
722,115,2,test
459,375,5,test
267,556,3,test
17,152,3,test
295,199,4,test
678,338,5,test
146,19,4,test
199,502,3,test
782,290,5,test
44,438,5,test
952,421,4,test
351,518,5,test
512,404,4,test
529,104,5,test
780,481,4,test
242,517,5,test
103,158,4,test
198,277,3,test
880,137,4,test
755,31,5,test
154,199,4,test
450,239,4,test
446,173,5,test
506,436,5,test
358,153,5,test
860,46,4,test
248,166,3,test
380,104,5,test
515,517,4,test
41,489,5,test
36,504,5,test
325,594,2,test
725,313,3,test
219,138,4,test
852,252,5,test
780,172,4,test
168,392,5,test
177,25,4,test
875,194,5,test
971,375,4,test
191,135,4,test
782,575,5,test
375,536,4,test
652,546,5,test
72,276,4,test
350,316,5,test
487,168,4,test
831,504,5,test
417,166,4,test
861,542,3,test
474,593,4,test
459,368,5,test
336,277,4,test
574,88,4,test
606,561,4,test
833,585,4,test
73,121,5,test
204,123,5,test
800,419,3,test
49,354,5,test
187,572,5,test
725,444,4,test
934,579,3,test
639,16,5,test
5,352,1,test
813,159,3,test
934,165,5,test
820,366,3,test
552,354,3,test
398,277,3,test
401,236,5,test
654,590,4,test
419,148,5,test
132,166,3,test
801,168,2,test
387,579,4,test
192,330,4,test
623,264,3,test
218,100,4,test
243,197,1,test
175,18,3,test
50,66,3,test
779,38,2,test
574,544,4,test
160,36,4,test
152,43,3,test
836,334,5,test
139,562,5,test
106,440,3,test
595,190,5,test
574,209,5,test
335,424,5,test
167,390,4,test
888,72,5,test
504,493,4,test
748,454,3,test
17,549,1,test
70,556,4,test
346,254,5,test
908,8,3,test
732,138,4,test
1,290,2,test
52,190,5,test
870,556,3,test
632,34,5,test
558,341,3,test
488,335,4,test
494,553,3,test
72,298,5,test
348,392,5,test
273,338,4,test
537,523,5,test
796,338,3,test
92,525,4,test
191,93,5,test
796,400,5,test
322,326,2,test
426,590,4,test
11,26,5,test
550,271,4,test
792,157,3,test
978,110,4,test
313,334,3,test
984,330,5,test
69,355,5,test
992,432,5,test
961,444,3,test
218,421,5,test
60,240,5,test
897,143,5,test
951,9,2,test
652,121,5,test
904,249,4,test
565,396,1,test
740,315,3,test
327,90,2,test
62,49,5,test
700,293,3,test
487,420,5,test
398,574,5,test
555,474,3,test
458,429,4,test
935,343,5,test
560,261,5,test
477,42,5,test
358,518,3,test
506,254,4,test
29,330,5,test
689,112,5,test
9,80,4,test
321,244,5,test
425,82,2,test
202,560,5,test
143,336,3,test
862,450,5,test
904,570,5,test
172,272,5,test
215,437,4,test
355,547,4,test
274,146,5,test
551,555,3,test
201,405,4,test
387,429,3,test
124,504,5,test
489,254,4,test
130,382,3,test
650,262,5,test
391,525,3,test
263,359,3,test
753,429,3,test
20,377,3,test
182,168,4,test
711,236,5,test
325,569,4,test
409,358,5,test
96,390,3,test
785,194,5,test
704,133,3,test
794,254,5,test
738,4,5,test
335,395,5,test
185,429,4,test
163,496,4,test
38,354,5,test
162,436,5,test
769,36,4,test
738,176,5,test
215,71,3,test
506,395,5,test
209,264,2,test
253,371,5,test
11,396,5,test
755,53,4,test
173,421,5,test
205,202,4,test
742,549,5,test
481,18,5,test
764,572,5,test
781,234,5,test
312,78,4,test
148,420,5,test
766,271,4,test
513,182,3,test
22,484,5,test
397,396,4,test
820,514,3,test
658,159,3,test
273,114,5,test
427,291,4,test
693,25,4,test
89,202,5,test
920,120,4,test
770,429,3,test
521,49,3,test
697,19,2,test
564,187,3,test
57,402,4,test
170,116,5,test
696,168,3,test
492,210,4,test
930,301,3,test
940,523,5,test
895,361,2,test
419,288,4,test
295,463,5,test
722,37,4,test
100,549,5,test
987,407,5,test
819,594,5,test
981,202,4,test
828,254,3,test
393,93,5,test
93,168,3,test
824,239,2,test
270,201,5,test
418,281,4,test
580,51,3,test
568,182,5,test
391,564,4,test
484,88,5,test
189,330,5,test
411,330,5,test
601,460,4,test
897,88,4,test
134,595,5,test
623,51,4,test
511,338,5,test
999,549,3,test
417,465,5,test
776,202,4,test
623,66,3,test
840,29,2,test
549,236,2,test
733,509,4,test
742,321,5,test
108,419,3,test
80,82,5,test
468,196,5,test
788,429,4,test
805,206,2,test
931,100,5,test
417,437,5,test
166,585,5,test
520,240,5,test
318,87,3,test
748,513,5,test
959,546,4,test
791,74,4,test
282,64,5,test
208,176,2,test
650,323,4,test
680,471,5,test
281,495,5,test
470,433,2,test
840,110,2,test
729,474,5,test
306,428,4,test
606,424,4,test
709,574,4,test
391,411,3,test
799,90,3,test
634,18,5,test
14,116,5,test
369,71,2,test
282,483,5,test
156,87,3,test
531,107,3,test
427,327,4,test
38,338,3,test
825,428,4,test
273,153,3,test
777,165,5,test
685,401,4,test
610,53,4,test
899,596,3,test
378,123,5,test
617,484,3,test
246,444,4,test
462,580,4,test
215,593,3,test
289,526,3,test
769,34,5,test
777,327,5,test
780,259,5,test
421,479,4,test
549,323,5,test
352,278,4,test
839,441,3,test
419,273,5,test
736,51,3,test
554,194,5,test
92,429,3,test
301,236,4,test
341,321,5,test
189,293,4,test
583,409,4,test
175,437,4,test
130,302,3,test
978,74,4,test
341,125,4,test
20,314,2,test
929,81,5,test
854,78,5,test
164,110,5,test
589,593,5,test
154,100,2,test
608,549,5,test
833,359,4,test
836,335,3,test
229,91,5,test
48,375,4,test
121,504,5,test
580,43,4,test
525,121,4,test
504,168,3,test
855,89,4,test
12,549,4,test
180,532,1,test
647,517,4,test
785,444,4,test
888,340,5,test
654,120,4,test
707,556,4,test
350,249,5,test
109,159,4,test
740,102,5,test
136,9,4,test
805,512,5,test
802,264,4,test
541,555,3,test
968,304,5,test
525,402,4,test
518,189,2,test
541,152,3,test
469,202,5,test
838,16,5,test
161,396,2,test
354,160,5,test
186,100,4,test
221,427,2,test
517,253,5,test
116,208,5,test
326,4,5,test
184,65,5,test
561,65,5,test
489,70,3,test
856,17,5,test
296,504,5,test
546,249,5,test
505,100,3,test
878,349,5,test
16,239,2,test
623,378,5,test
465,553,5,test
463,474,4,test
437,78,4,test
443,117,3,test
927,588,5,test
984,549,5,test
944,108,3,test
572,199,5,test
439,336,4,test
293,146,3,test
563,358,5,test
204,536,4,test
384,165,5,test
501,116,5,test
169,239,4,test
28,588,5,test
828,363,4,test
758,475,5,test
610,41,4,test
272,146,3,test
224,436,3,test
990,20,5,test
352,8,4,test
57,71,3,test
342,532,4,test
339,139,4,test
159,143,4,test
707,283,3,test
498,176,3,test
159,73,5,test
940,16,5,test
470,517,5,test
282,121,2,test
648,74,4,test
31,134,5,test
642,411,2,test
23,409,5,test
920,234,4,test
482,30,2,test
850,345,3,test
691,337,4,test
97,535,5,test
163,342,2,test
658,560,5,test
515,255,4,test
277,556,4,test
495,561,1,test
126,588,5,test
810,536,5,test
503,134,5,test
330,293,3,test
252,3,4,test
926,464,4,test
302,399,5,test
711,87,5,test
601,595,3,test
197,314,4,test
526,446,4,test
361,198,5,test
198,49,5,test
896,480,3,test
890,239,1,test
637,436,5,test
424,364,5,test
788,480,5,test
979,340,3,test
29,129,3,test
63,527,4,test
299,134,5,test
864,100,4,test
640,167,3,test
863,363,3,test
14,176,5,test
113,142,4,test
701,560,5,test
10,7,5,test
545,138,5,test
865,588,5,test
158,506,3,test
414,376,5,test
752,375,5,test
373,131,4,test
154,202,5,test
535,320,5,test
755,539,4,test
829,87,3,test
646,463,4,test
418,147,5,test
220,296,4,test
47,4,5,test
662,29,5,test
468,337,5,test
471,368,5,test
766,231,4,test
568,376,5,test
970,67,5,test
563,202,5,test
911,162,5,test
110,506,5,test
232,170,5,test
465,146,4,test
889,191,4,test
87,591,5,test
428,281,4,test
729,337,5,test
956,55,4,test
666,202,5,test
984,164,4,test
413,261,5,test
63,44,4,test
974,558,5,test
142,409,5,test
166,463,5,test
788,264,3,test
119,284,4,test
109,565,4,test
780,395,4,test
871,576,4,test
431,338,5,test
474,25,2,test
217,109,5,test
203,52,5,test
683,430,5,test
533,168,2,test
316,151,5,test
459,14,5,test
585,260,4,test
863,546,5,test
370,495,5,test
226,76,4,test
518,240,3,test
431,450,3,test
580,112,5,test
731,175,4,test
635,557,4,test
300,271,5,test
787,131,5,test
956,514,3,test
191,290,4,test
192,327,3,test
843,94,5,test
659,444,4,test
274,190,5,test
122,43,4,test
617,124,4,test
929,88,5,test
505,350,4,test
880,202,4,test
119,211,5,test
857,293,5,test
91,280,4,test
568,275,5,test
392,49,3,test
740,460,4,test
119,204,3,test
427,576,3,test
31,460,4,test
829,262,5,test
101,206,1,test
32,595,5,test
830,330,2,test
839,176,5,test
802,581,5,test
429,558,5,test
655,270,3,test
32,320,5,test
568,453,4,test
826,22,5,test
174,596,3,test
244,199,3,test
445,110,4,test
797,405,4,test
360,123,4,test
521,556,2,test
488,568,3,test
663,100,3,test
36,356,3,test
26,336,4,test
276,460,5,test
882,599,4,test
417,479,4,test
795,100,5,test
382,350,3,test
777,290,5,test
487,465,5,test
751,130,5,test
721,206,3,test
62,284,2,test
627,576,5,test
736,18,5,test
941,266,3,test
857,165,2,test
121,41,5,test
343,420,5,test
283,361,2,test
350,168,4,test
892,108,3,test
335,428,4,test
722,574,5,test
672,49,5,test
308,22,5,test
868,429,4,test
130,404,4,test
111,361,4,test
765,180,5,test
740,526,3,test
945,112,5,test
952,469,3,test
837,354,5,test
777,428,3,test
650,108,3,test
72,354,5,test
398,15,4,test
224,520,4,test
658,440,4,test
263,531,4,test
201,293,4,test
628,115,3,test
361,100,5,test
825,190,3,test
154,46,1,test
710,279,5,test
316,560,4,test
519,87,4,test
896,115,4,test
755,504,5,test
411,277,4,test
474,490,3,test
820,143,5,test
689,396,5,test
445,24,5,test
34,290,5,test
937,179,4,test
606,106,5,test
847,198,5,test
638,301,3,test
933,389,3,test
69,479,4,test
335,502,3,test
93,359,4,test
462,458,5,test
707,92,3,test
865,207,2,test
654,503,2,test
177,80,4,test
442,116,5,test
159,83,5,test
662,15,4,test
103,138,5,test
124,432,2,test
193,326,3,test
100,347,4,test
93,440,4,test
96,588,5,test
340,449,4,test
107,202,4,test
569,250,3,test
531,167,3,test
515,187,5,test
710,480,5,test
599,92,4,test
57,297,5,test
807,296,5,test
60,430,5,test
10,340,2,test
919,504,4,test
32,239,3,test
69,88,5,test
623,194,4,test
837,176,5,test
63,572,5,test
88,281,4,test
209,176,5,test
996,424,5,test
119,305,5,test
274,546,5,test
886,30,5,test
887,458,4,test
875,480,3,test
32,404,4,test
177,222,4,test
875,240,3,test
451,328,2,test
571,104,5,test
755,250,5,test
589,245,5,test
154,399,4,test
855,66,5,test
474,538,3,test
980,146,4,test
972,355,5,test
924,240,5,test
569,216,2,test
829,239,3,test
334,486,4,test
523,498,4,test
470,389,2,test
451,142,4,test
267,130,4,test
729,273,5,test
315,439,3,test
138,156,2,test
521,437,5,test
289,31,5,test
578,471,4,test
298,542,5,test
556,134,2,test
358,36,3,test
876,297,5,test
823,22,2,test
225,335,4,test
891,212,3,test
648,53,3,test
662,293,3,test
10,385,5,test
606,543,3,test
175,553,5,test
362,137,2,test
8,240,5,test
427,296,4,test
649,416,5,test
377,348,3,test
31,523,5,test
44,347,4,test
855,525,3,test
264,563,3,test
75,176,5,test
463,494,4,test
178,564,3,test
250,519,5,test
585,517,4,test
155,320,5,test
910,251,4,test
623,490,3,test
910,268,4,test
103,131,4,test
285,252,5,test
789,179,5,test
814,401,4,test
869,94,4,test
618,557,5,test
919,369,5,test
488,206,4,test
10,272,4,test
728,395,5,test
995,404,5,test
477,288,5,test
186,474,5,test
940,335,4,test
451,135,3,test
873,20,5,test
720,506,4,test
167,31,5,test
953,7,5,test
586,116,5,test
960,588,3,test
325,29,5,test
52,383,5,test
705,582,5,test
999,374,4,test
478,427,5,test
175,101,4,test
608,502,4,test
636,330,5,test
802,18,5,test
950,304,5,test
33,523,4,test
680,254,4,test
89,160,4,test
826,597,5,test
341,397,4,test
640,297,5,test
776,553,5,test
209,280,5,test
200,165,5,test
371,570,2,test
319,474,3,test
327,558,5,test
901,471,5,test
25,475,5,test
251,336,3,test
558,100,5,test
474,129,4,test
771,549,2,test
475,362,4,test
93,438,5,test
938,320,3,test
515,232,3,test
736,351,3,test
892,112,3,test
603,167,2,test
732,168,4,test
494,330,5,test
765,516,5,test
502,178,5,test
518,588,5,test
813,356,2,test
960,191,3,test
300,123,5,test
618,376,3,test
785,270,5,test
476,490,5,test
797,18,3,test
466,508,5,test
992,163,4,test
355,30,4,test
140,239,2,test
96,314,4,test
40,75,5,test
9,69,5,test
391,103,5,test
601,75,3,test
629,480,5,test
400,103,3,test
239,72,3,test
913,320,5,test
327,115,2,test
114,49,5,test
926,572,5,test
386,475,5,test
321,82,3,test
561,30,5,test
395,34,5,test
908,264,3,test
624,429,3,test
72,442,5,test
179,444,5,test
617,376,2,test
775,569,5,test
45,16,5,test
130,532,2,test
547,429,4,test
427,493,5,test
361,230,5,test
64,316,3,test
38,358,5,test
717,375,4,test
459,236,5,test
156,239,3,test
217,22,3,test
550,234,4,test
235,129,4,test
930,245,5,test
891,52,2,test
498,155,3,test
234,496,5,test
76,286,4,test
829,129,3,test
873,590,4,test
225,300,4,test
925,537,3,test
139,304,5,test
800,389,5,test
738,391,5,test
592,42,3,test
487,356,3,test
205,88,5,test
581,491,3,test
141,358,5,test
151,31,5,test
434,428,3,test
333,416,5,test
550,564,3,test
32,382,4,test
593,588,5,test
825,570,3,test
771,450,5,test
741,382,3,test
409,273,5,test
559,549,5,test
507,304,2,test
582,180,5,test
913,595,5,test
53,30,4,test
741,102,5,test
974,444,5,test
224,190,5,test
875,280,5,test
46,427,3,test
861,78,2,test
274,22,4,test
379,80,4,test
111,580,4,test
605,146,3,test
706,115,2,test
941,134,5,test
572,320,5,test
584,123,3,test
166,436,4,test
825,162,5,test
797,154,4,test
382,540,5,test
573,376,5,test
839,120,5,test
25,103,5,test
208,585,5,test
861,146,3,test
513,126,5,test
704,134,2,test
384,401,5,test
938,100,4,test
707,232,5,test
103,306,3,test
623,167,2,test
178,153,4,test
72,421,5,test
194,21,5,test
81,431,4,test
606,102,3,test
449,254,5,test
444,293,4,test
958,429,4,test
13,340,5,test
323,8,3,test
762,36,2,test
13,337,5,test
20,594,5,test
78,293,3,test
469,254,4,test
808,410,3,test
466,174,2,test
648,73,4,test
870,236,5,test
581,474,2,test
970,94,5,test
820,277,3,test
254,517,4,test
51,21,5,test
905,74,3,test
545,460,5,test
857,463,3,test
583,61,5,test
284,9,3,test
246,507,4,test
462,348,3,test
799,264,3,test
88,504,5,test
295,590,4,test
528,549,4,test
243,543,5,test
654,126,4,test
359,495,4,test
850,450,5,test
972,8,5,test
803,416,5,test
314,194,3,test
216,0,3,test
175,94,5,test
432,539,3,test
108,250,2,test
411,475,4,test
737,470,3,test
948,463,5,test
53,495,4,test
267,10,2,test
419,576,3,test
541,109,3,test
320,590,3,test
652,108,3,test
267,571,3,test
251,421,5,test
972,251,3,test
182,516,4,test
429,271,5,test
572,358,5,test
952,361,3,test
569,566,4,test
157,361,4,test
0,22,5,test
755,561,2,test
367,240,5,test
547,288,3,test
55,444,5,test
796,190,4,test
926,93,5,test
432,26,5,test
281,319,5,test
779,374,3,test
134,469,2,test
302,266,5,test
168,332,2,test
963,232,5,test
598,188,4,test
391,179,2,test
48,399,4,test
110,307,5,test
120,279,3,test
941,568,5,test
8,419,2,test
962,107,4,test
181,354,4,test
128,16,4,test
310,20,4,test
234,277,4,test
704,202,4,test
720,199,5,test
91,257,5,test
374,429,3,test
944,202,4,test
563,406,5,test
264,330,5,test
512,235,2,test
511,151,5,test
825,558,5,test
360,202,3,test
267,78,4,test
712,189,3,test
276,411,4,test
689,293,3,test
8,188,4,test
379,162,4,test
23,596,4,test
723,78,3,test
956,188,3,test
154,493,2,test
564,277,4,test
935,231,4,test
138,554,3,test
154,570,2,test
512,444,5,test
795,151,5,test
723,465,4,test
413,503,4,test
741,271,5,test
124,63,5,test
53,355,5,test
656,168,5,test
833,264,2,test
780,194,4,test
467,596,5,test
697,541,5,test
128,566,5,test
884,518,5,test
208,525,5,test
476,560,5,test
310,330,4,test
68,231,5,test
78,574,3,test
891,588,3,test
749,274,4,test
318,317,1,test
131,589,3,test
945,299,5,test
470,580,5,test
65,9,4,test
543,443,4,test
341,259,5,test
252,354,3,test
782,531,5,test
861,185,5,test
169,354,5,test
496,301,3,test
901,27,5,test
386,176,5,test
756,0,3,test
707,546,5,test
951,275,4,test
961,366,4,test
854,321,3,test
823,412,4,test
170,336,5,test
703,150,5,test
334,53,5,test
205,523,5,test
109,5,4,test
901,427,4,test
655,100,5,test
209,429,2,test
999,190,5,test
815,90,4,test
940,9,3,test
712,225,5,test
271,504,5,test
841,261,5,test
973,584,5,test
544,93,5,test
335,422,4,test
560,562,5,test
202,359,5,test
547,555,4,test
437,161,5,test
957,350,4,test
904,194,3,test
283,309,4,test
522,16,5,test
246,539,3,test
72,277,3,test
946,123,5,test
968,202,5,test
387,176,2,test
205,179,5,test
309,396,4,test
805,361,4,test
71,460,4,test
94,487,4,test
251,317,2,test
851,570,5,test
62,524,4,test
29,524,5,test
937,594,5,test
682,191,4,test
993,399,5,test
751,288,4,test
285,354,4,test
694,178,5,test
462,560,5,test
321,168,4,test
320,232,5,test
317,174,4,test
125,420,4,test
927,65,5,test
529,240,3,test
1,380,4,test
672,309,4,test
590,7,5,test
43,175,1,test
282,202,5,test
716,41,3,test
39,41,4,test
217,588,5,test
779,594,3,test
96,528,4,test
189,90,4,test
566,168,3,test
8,572,5,test
718,429,4,test
477,401,3,test
65,231,4,test
353,361,4,test
981,109,4,test
305,257,5,test
150,329,4,test
63,276,5,test
680,197,4,test
358,559,3,test
947,304,5,test
773,176,5,test
446,479,4,test
828,17,5,test
970,126,5,test
806,378,3,test
919,27,3,test
258,29,3,test
895,293,4,test
165,330,3,test
602,372,5,test
401,178,3,test
495,458,5,test
790,114,5,test
32,280,4,test
729,272,3,test
219,196,5,test
746,134,5,test
941,460,4,test
375,528,3,test
186,407,5,test
217,16,3,test
547,49,3,test
765,347,5,test
799,105,5,test
114,293,4,test
824,496,5,test
198,155,3,test
177,440,3,test
130,556,3,test
406,133,5,test
981,21,5,test
734,482,3,test
535,495,5,test
329,103,5,test
41,108,4,test
0,349,5,test
515,173,3,test
742,81,5,test
200,391,4,test
153,429,4,test
982,134,5,test
459,140,5,test
515,11,3,test
782,134,3,test
115,289,5,test
785,9,3,test
718,571,3,test
70,88,3,test
411,15,3,test
623,357,2,test
799,342,4,test
981,488,4,test
963,504,4,test
47,190,4,test
799,444,2,test
808,72,5,test
694,239,3,test
399,165,5,test
802,496,2,test
752,159,5,test
760,360,5,test
158,517,5,test
487,444,4,test
34,440,3,test
434,261,5,test
232,279,3,test
679,16,5,test
678,382,4,test
391,293,4,test
907,465,5,test
771,27,3,test
623,321,4,test
796,325,4,test
752,225,5,test
388,279,4,test
218,437,4,test
658,446,4,test
779,546,3,test
317,361,4,test
829,470,2,test
103,170,5,test
569,427,4,test
686,541,4,test
36,146,4,test
482,211,5,test
411,236,4,test
179,89,4,test
780,494,3,test
829,138,4,test
271,26,5,test
294,267,4,test
435,377,4,test
350,525,4,test
654,176,5,test
966,103,4,test
478,324,5,test
379,337,5,test
961,594,4,test
267,308,5,test
43,396,2,test
535,126,4,test
568,544,4,test
946,49,5,test
904,296,4,test
888,460,4,test
459,376,5,test
979,518,5,test
178,465,4,test
551,405,3,test
87,354,5,test
33,495,4,test
721,537,3,test
450,424,5,test
323,478,5,test
916,570,5,test
829,532,3,test
779,429,2,test
115,162,5,test
727,174,5,test
649,461,3,test
854,381,5,test
340,277,4,test
938,296,3,test
997,356,3,test
10,411,3,test
477,117,5,test
248,162,5,test
707,583,4,test
574,517,5,test
389,502,5,test
713,450,2,test
84,206,4,test
712,280,5,test
592,123,5,test
783,196,5,test
740,247,3,test
943,464,5,test
870,529,3,test
661,63,5,test
569,396,3,test
391,222,5,test
940,495,5,test
529,358,4,test
61,239,3,test
675,594,5,test
990,179,3,test
61,476,4,test
350,436,5,test
246,593,4,test
453,570,3,test
613,592,5,test
292,271,4,test
553,70,3,test
418,571,3,test
781,458,3,test
605,354,2,test
915,143,5,test
427,471,4,test
958,271,5,test
789,87,4,test
249,36,4,test
517,556,5,test
252,121,5,test
741,236,2,test
574,461,5,test
573,389,4,test
413,304,5,test
350,199,4,test
414,356,3,test
779,120,4,test
171,6,5,test
933,549,5,test
707,573,4,test
938,252,3,test
786,55,4,test
664,197,4,test
861,523,5,test
782,529,5,test
644,479,4,test
250,495,4,test
622,376,4,test
692,396,4,test
668,326,5,test
510,317,4,test
615,159,4,test
974,480,2,test
839,94,2,test
225,358,3,test
269,264,4,test
426,232,5,test
672,429,5,test
239,168,3,test
850,535,5,test
653,429,3,test
414,592,5,test
41,400,5,test
188,539,4,test
210,180,5,test
975,330,4,test
790,240,4,test
930,94,5,test
521,345,5,test
432,330,2,test
292,543,5,test
172,526,5,test
790,429,2,test
69,440,3,test
321,1,4,test
454,153,5,test
539,592,2,test
397,168,3,test
866,66,4,test
863,555,2,test
460,396,4,test
205,110,5,test
755,526,5,test
844,239,4,test
203,463,3,test
194,462,4,test
748,556,3,test
956,568,2,test
38,112,5,test
188,594,4,test
412,332,3,test
849,87,4,test
879,168,2,test
511,312,4,test
438,553,5,test
144,335,5,test
299,72,5,test
794,354,3,test
827,550,5,test
133,424,5,test
650,77,4,test
929,440,3,test
325,340,3,test
914,145,5,test
595,66,2,test
85,123,5,test
419,481,4,test
250,575,5,test
933,572,5,test
657,429,2,test
66,31,4,test
857,354,5,test
893,549,4,test
1,428,3,test
41,58,5,test
635,549,4,test
177,90,5,test
774,94,5,test
613,564,5,test
800,11,4,test
821,136,4,test
921,543,3,test
640,377,3,test
388,31,4,test
820,484,2,test
78,348,4,test
138,27,3,test
601,480,2,test
160,153,5,test
504,584,5,test
103,589,3,test
974,479,4,test
114,338,3,test
836,76,5,test
968,142,5,test
940,320,1,test
707,531,4,test
485,464,5,test
48,330,5,test
712,486,3,test
267,30,5,test
755,91,3,test
857,444,4,test
757,240,5,test
802,100,5,test
756,124,5,test
514,168,1,test
494,360,3,test
478,326,4,test
411,356,3,test
800,202,5,test
993,202,5,test
444,436,5,test
960,193,3,test
217,361,3,test
61,535,5,test
587,23,4,test
937,574,5,test
951,371,5,test
152,450,3,test
736,348,3,test
38,26,5,test
526,568,4,test
973,479,4,test
454,546,4,test
786,517,4,test
471,525,4,test
462,12,5,test
704,424,5,test
922,16,5,test
344,100,4,test
71,78,4,test
724,143,2,test
896,334,5,test
821,26,4,test
517,330,5,test
895,168,3,test
668,429,4,test
669,574,3,test
429,421,5,test
716,2,5,test
398,146,4,test
299,396,4,test
677,27,3,test
44,106,5,test
911,412,4,test
890,296,5,test
11,240,5,test
887,595,4,test
582,202,4,test
398,254,4,test
256,572,5,test
145,165,4,test
904,184,3,test
146,168,3,test
291,560,5,test
369,330,3,test
804,16,4,test
841,371,4,test
578,320,5,test
47,279,3,test
56,134,4,test
740,517,3,test
224,108,3,test
500,168,3,test
63,270,4,test
247,110,4,test
995,262,5,test
437,202,3,test
684,529,3,test
235,106,3,test
662,528,3,test
128,580,3,test
72,73,3,test
525,437,4,test
974,180,5,test
752,121,5,test
38,482,2,test
370,240,5,test
707,409,4,test
571,134,4,test
995,458,4,test
565,365,5,test
431,553,3,test
690,583,5,test
733,279,5,test
175,264,2,test
439,126,3,test
285,573,4,test
799,439,4,test
920,465,4,test
349,87,3,test
